job	birthdate	ssn	address	user_id	residence	username	registration	company	mail	name	blood_group	station_ID
Schornsteinfeger	2001-06-17	681-95-3100	"Bianka-Schwital-Weg 4961
17423 Perleberg"	453		gutknechtjorge	04/03/2025, 00:00:00	Rosenow	seiphedda@web.de	Gülay Sorgatz-Textor	B+	572
Fachinformatiker	1999-11-19	444-18-0503	"Monique-Dowerg-Gasse 6
77001 Emmendingen"	2013		wolf-ruediger55	04/06/2022, 00:00:00	Pohl Lachmann AG	ilhanheidrich@hotmail.de	Pasquale Gude	B+	39
		517-65-3919	"727 Campbell Radial
Port Lindsey, TN 94959"	280		lisa05	2018/12/14	Brown Group	christinaprice@yahoo.com	Gabriel Martinez	A-	423
Tour manager	1958-11-17	418-23-7338	"209 Romero Well Suite 031
South Brianbury, ID 27205"	2060		parkcharlene	10/25/2019, 00:00:00	Reynolds, Campbell and Anderson	jillian79@gmail.com	Eileen Sanchez	O+	606
	1991-10-08	086-36-0341	"66930 Joseph Loaf
Johnport, MH 10316"	313		wgarcia	2022/10/19	Conley Group	osnyder@yahoo.com	Luis Clark	B+	625
		816-45-2345		1807		sasakichiyo	2024/03/09	渡辺通信有限会社	naoki96@hotmail.com	中川 桃子	B+	229
アートディレクター		428-13-4469	鳥取県墨田区池之端24丁目15番17号 アーバン鶴ヶ丘551	1107		yoko96	10/03/2020, 00:00:00	山下保険合同会社	yoichimurakami@gmail.com	中村 真綾	B-	687
	1979-05-02	781-37-8250	"896 Collins Ridge
South Melissa, FM 39795"	948		deanna67	07/11/2019, 00:00:00	Sandoval, Simmons and Bell	henryvictoria@yahoo.com	Todd Henderson	O+	644
Bankkaufmann	1993-11-19	087-72-7325	"Dietzstraße 80-35
30171 Iserlohn"	451		miroslav74	2022-07-04	Höfig Lindner KG	naserhelma@yahoo.de	Heinz-Peter Winkler	AB-	131
	2014-05-26	076-23-6819	石川県多摩市横林36丁目26番12号	844		rika96	03/25/2022, 00:00:00	株式会社近藤農林	mituru95@yahoo.com	高橋 真綾	B-	462
	1919-08-10	274-78-3998		590		rudiernst	2020-07-06	Stahr Etzold e.V.	jenniferpaffrath@aol.de	Kata Stey	O-	389
	1995-02-28	735-27-8168	"Rohtplatz 5/7
94104 München"	1173		anne-katrin40	2024-04-27	Kühnert	jolanthe41@gmx.de	Antonios Rosemann	AB+	381
	1911-05-30	BRZGNN14D23A925F	"Vicolo Anastasi, 1
00124, Roma (RM)"	287		gventuri	13 Feb 2025	Montesano-Avogadro Group	claudia16@virgilio.it	Santino Florio	A-	453
		541-57-4001	"24976 Stephanie Skyway Suite 213
Lake William, VA 10287"	1163		odavis	2025-01-02	Sanford-Turner	omoreno@yahoo.com	Savannah Cole	A-	201
Estilista	2017-03-26	06815947300	"Núcleo Isabela Rodrigues, 8
Solar Do Barreiro
32630382 Rios / RN"	1803		bianca34	10/30/2024, 00:00:00	Silveira e Filhos	ana-beatriz02@gmail.com	Lavínia da Mota	B+	631
Secretary, company	2012-10-21	305-85-4967	"26961 Alvarez Court Apt. 503
South Emilyberg, GA 22255"	1683		qandrews	2019-02-10	Perry, Hartman and Medina	karenhernandez@gmail.com	Diana Lewis	B-	461
		515-59-0726	"Dörschnerallee 8-3
88020 Torgau"	680		moechlichenmarten	28 Mar 2023	Buchholz GmbH	lbolander@hotmail.de	Miodrag Wesack	AB+	168
アナウンサー	1936-12-04	641-66-3443	鳥取県立川市西川9丁目23番20号	593		yasuhiro51	06/06/2024, 00:00:00	合同会社田中通信	tomoyaokada@gmail.com	木村 修平	A+	234
	1956-08-05	638-84-2443		1190		yukiito	2022/05/06	有限会社鈴木通信	sayuriabe@hotmail.com	鈴木 直子	B+	457
Fleischer	1921-09-22	565-26-2881		822		bweinhold	25 Mar 2020	Hermighausen Reinhardt GmbH	therese33@gmail.com	Univ.Prof. Philip Weller	B+	186
		NTRDRD18A62G268N		1199		olga68	08/23/2024, 00:00:00	Jovinelli-Gilardoni e figli	stefania52@tim.it	Nanni Brenna-Schiavo	A-	134
		639-03-1949		999		kobayashiyuki	2025-07-19	松田食品有限会社	kenichi78@hotmail.com	橋本 陽一	A-	227
	1990-04-07	618-75-5820	"Steystr. 2972
63537 Siegen"	530		samuelcarsten	2023-04-18	Martin Peukert GmbH & Co. OHG	ipieper@gmx.de	Birthe Hellwig	O-	679
		12530798621	"Vale Costa, 396
Miramar
42485219 Rios / MG"	1848		barbosavalentina	08/28/2024, 00:00:00	Teixeira	martinspedro-miguel@uol.com.br	João Miguel Pereira	B+	119
Koreanistiker	1928-01-05	565-04-1171	"Ladeckstr. 62-74
91624 Geldern"	799		hansgeorgherrmann	08/17/2021, 00:00:00	Häring	krebsamir@gmail.com	Annett Wulf	O-	5
Gaffer		SBBMRT42T23D952Q	"Via Alphons, 617
71025, Castelluccio Dei Sauri (FG)"	1561		xrubbia	2018/10/15	Parpinel, Saffi e Ziani s.r.l.	caffarelliermanno@tiscali.it	Fiamma Tebaldi	O-	486
		27968451094	"Recanto Ferreira, 33
Madri
39857-381 Melo de Sampaio / PA"	20		julianacavalcanti	12/18/2020, 00:00:00	Caldeira	rramos@uol.com.br	Gustavo Henrique Vargas	AB-	173
Administrador de redes		21809465389	"Vale Calebe Silveira, 48
Conjunto Floramar
14863089 Casa Grande / AL"	1230		valentinasantos	28 Apr 2020	da Cunha	augustoda-costa@hotmail.com	Théo Mendes	A+	702
	1926-11-19	671-23-0816	岡山県夷隅郡御宿町芝公園12丁目11番10号 長畑クレスト701	232		suzukiakira	2020/01/16	佐藤情報有限会社	kenichiyamamoto@hotmail.com	太田 拓真	A-	98
		202-33-2030	"Waltraud-Süßebier-Gasse 5
83519 Sangerhausen"	632		vflantz	2020/05/31	Binner	romantextor@web.de	Klaus-Werner Junck	B+	46
		TRSNZE63D46A229Z	"Vicolo Melina, 1
13811, Tavigliano (BI)"	1073		marianodeledda	11/30/2021, 00:00:00	Turchetta e figli	isabotta@fastwebnet.it	Sig. Gianfranco Treccani	A-	599
Mathematiker	1977-09-15	069-64-9474	"Roderich-Zahn-Allee 3/3
89489 Haldensleben"	151		kthies	2024-05-23	Jäkel Mühle GmbH & Co. OHG	peukertnorman@gmail.com	Wencke Zirme	B-	346
ゲームクリエイター		309-59-7966	愛媛県横浜市港北区虎ノ門虎ノ門ヒルズ森タワー35丁目27番5号 柿木沢新田クレスト069	1030		yumikoyamamoto	09/04/2023, 00:00:00	岡田ガス有限会社	sayurinakamura@hotmail.com	井上 裕樹	B+	350
		72801536407	"Campo da Costa, 71
São Damião
96995-323 Sampaio / GO"	1892		aurora91	2021-02-22	Nunes	biancacorreia@uol.com.br	Ana Clara Teixeira	O+	464
	2005-05-17	737-99-8348		394		josephmann	01/13/2022, 00:00:00	Smith Group	kristynavarro@gmail.com	Matthew Marsh PhD	A-	441
	1970-06-25	FRRRMD32S63I911K	"Piazza Beatrice, 396 Appartamento 5
85040, Viggianello (PZ)"	1980		vpulci	2019/01/13	Giovine-Trobbiani e figli	torquatocuomo@poste.it	Sig.ra Lauretta Littizzetto	B-	134
	1978-03-09	BTTLRI88M21F758X	"Borgo Tomasetti, 2
20021, Bollate (MI)"	1704		dinabossi	12/14/2022, 00:00:00	Zoppetto-Sorrentino e figli	rosario00@tim.it	Dott. Antonietta Polizzi	AB+	534
		MLSLGN32D19H572U	"Borgo Sabatino, 598 Piano 2
26834, Terraverde (LO)"	240		erika40	03/30/2019, 00:00:00	Bernini, Salvini e Romano Group	traversamarina@poste.it	Massimiliano Trussardi	B+	433
		663-05-3890	神奈川県調布市上広谷15丁目23番17号 東上野シティ809	2045		hashimotoyoko	2025-05-16	長谷川情報株式会社	yfujita@hotmail.com	伊藤 真綾	B+	330
		837-54-7507	"779 Alexandria Track Suite 324
Moranmouth, HI 64774"	203		brianmclean	2024-05-14	Reyes, Johnson and Mahoney	avalentine@hotmail.com	Jason Pope DDS	AB-	629
	1960-05-03	215-02-9258	佐賀県横浜市港北区押上37丁目13番14号 丸の内シャルム408	1696		satomisaito	05/19/2023, 00:00:00	山下保険株式会社	nanami95@gmail.com	石川 翔太	O-	424
		711-70-8553	"Wolf-Rüdiger-Jessel-Straße 48
81611 Coburg"	36		nuriwulff	05/16/2022, 00:00:00	Koch GmbH & Co. OHG	antoninakitzmann@gmx.de	Dipl.-Ing. Timm Peukert B.Sc.	B+	71
		39057821460	"Morro Kamilly das Neves, 61
Maravilha
80460804 Melo de Pires / PA"	1849		vasconceloslivia	2018-12-30	Pimenta	amandacaldeira@hotmail.com	Dr. Lucas Sampaio	A-	668
		694-51-0635		1693		hellwiganneke	12/30/2019, 00:00:00	Junck AG & Co. KG	katy02@aol.de	Dipl.-Ing. Irma Kensy B.A.	A-	671
		BRNRKE40T13A769F	"Piazza Segrè, 89
98100, Messina (ME)"	1497		bignamiludovico	03/05/2022, 00:00:00	Cocci s.r.l.	alfredocammarata@live.com	Etta Fermi	A-	298
	1992-01-05	466-89-4296	広島県長生郡睦沢町睦25丁目2番7号 パーク高輪350	206		tarokato	07 Oct 2019	株式会社前田電気	jtanaka@gmail.com	岡田 浩	AB+	481
	1984-01-17	786-59-2032	"1957 Melton Crescent
Port Amandatown, TX 32664"	748		johnrodriguez	12/27/2022, 00:00:00	Oneill, Glover and Roberts	valerie56@yahoo.com	Bryan Lee	A+	459
Geographical information systems officer	1950-05-08	433-21-9842	"41630 Jason Estate
West Garymouth, NJ 35042"	1443		shirley55	2023/01/02	Ortiz, Williams and Hutchinson	englishandre@gmail.com	Heather Turner	A+	59
	1992-09-03	119-40-7093	"Eitel-Hethur-Allee 6/8
08421 Soltau"	286		linkehans-christian	11 Oct 2020	Neuschäfer	xaver19@web.de	Dr. Jan Geisler	O+	17
	1972-08-04	718-26-3949	"86742 Ramos Springs
Maxwellville, CO 39177"	1652		mclark	04 Aug 2020	Carrillo-King	ccobb@yahoo.com	Tina Hart	O+	377
Quantity surveyor		264-68-6786	"PSC 3470, Box 3168
APO AA 26775"	2185		bfrench	15 Nov 2023	Jensen Group	garciajose@gmail.com	Kyle Martinez	B+	301
		525-79-6922	"Aenne-Henck-Platz 782
44702 Stuttgart"	1541		thanelanne-katrin	2020/06/08	Liebelt	tbluemel@gmail.com	Erik Heintze-Dörschner	O+	344
Mechaniker	1972-05-17	213-33-7358		410		walfriedheidrich	28 Dec 2019	Kohl GmbH & Co. KG	friedemann11@gmx.de	Laszlo Scholtz B.Eng.	AB-	513
		97425016885	"Vila de Marques, 27
Serra Verde
15355-117 Vasconcelos / SP"	505		vnovaes	2024-06-24	Mendonça S.A.	olivia65@uol.com.br	Kamilly Farias	B+	558
		034-33-2520	福井県君津市橋場33丁目18番18号	193		abeyoko	05/18/2020, 00:00:00	合同会社石川鉱業	chiyohasegawa@yahoo.com	加藤 直樹	AB+	433
	1998-04-25	93157064800	"Vila Henrique da Paz, 145
Apolonia
92526-386 Castro de da Cruz / AL"	372		xda-luz	2019-03-08	Câmara Andrade - ME	da-pazluna@gmail.com	Dr. João Guilherme Melo	A-	103
	2000-08-15	778-03-8850	"8224 Vazquez Harbor Suite 243
Williamsonview, TN 31582"	197		rlove	2019-03-28	Bridges-Reyes	phamerika@yahoo.com	Jacob Taylor	B+	471
		SNTFLR24L31A638O	"Incrocio Lamborghini, 22
38061, Sega Dei Lessini (TN)"	2061		cfo	01/12/2025, 00:00:00	Righi, Navone e Praga e figli	vgrassi@libero.it	Sig.ra Monica Morosini	O-	657
Koreanistiker	1992-10-04	425-52-6623		49		wigbert30	30 Dec 2023	Jungfer GbR	azaenker@hotmail.de	Florian Wesack	AB+	68
		MRNRCC06A49B442B	"Contrada Salvi, 593
82100, Perrillo (BN)"	1971		kbova	2025-04-25	Traversa, Ceri e Iacobucci Group	elmomalacarne@live.com	Tatiana Terragni	AB-	540
Water quality scientist	1966-01-19	569-16-7613	"22536 Stokes Plain
Barneston, HI 47299"	1540		amywilliams	2022/09/07	Romero-Murray	harrisshelby@gmail.com	Craig Scott	O+	15
	1983-12-27	046-85-6132	大阪府白井市竜泉18丁目13番8号 四区町パーク341	1922		ryohei68	09/13/2020, 00:00:00	伊藤ガス有限会社	ryosukemaeda@yahoo.com	清水 陽子	AB-	81
	1965-11-18	02439615706		1264		barroslais	2019-12-23	Souza	cunhaluana@bol.com.br	Luiz Otávio Peixoto	AB-	475
	1945-06-02	358-90-5402	"Casparweg 7-2
90104 Bitterfeld"	1322		ukraus	2018/09/26	Tlustek AG	brunhilde24@gmx.de	Dr. Clara Heydrich B.Sc.	A+	654
	1982-11-24	031-22-3802	"603 William Rue Suite 650
Maddoxmouth, ID 05238"	1200		daniel16	02/20/2023, 00:00:00	Taylor-Price	walkershawn@yahoo.com	Eric Myers	B-	578
コピーライター		665-48-1688	山梨県安房郡鋸南町松浦町34丁目17番10号 シティ中三依177	1328		maifujiwara	12/19/2018, 00:00:00	合同会社福田食品	mituru54@gmail.com	鈴木 知実	AB-	159
		769-15-5887	"Recep-Wagenknecht-Ring 10/71
62605 Großenhain"	1454		utrubin	2022-11-09	Täsche Trommler KGaA	bergergesche@yahoo.de	Gilda Hörle	A-	201
Probation officer	1921-01-22	BTNGST44P46I704P	"Via Spadafora, 39 Piano 0
17023, Ceriale (SV)"	244		dallapemirko	03/12/2020, 00:00:00	Vespa, Nolcini e Bellucci s.r.l.	jolandarensi@yahoo.com	Ornella Vasari	O-	339
	1920-07-13	CSTMRK20P69E029A	"Borgo Pacelli, 57
65122, Pescara (PE)"	1937		jacoporosselli	09/20/2025, 00:00:00	Bellocchio s.r.l.	borghesestefani@gmail.com	Donatella Nugnes	A-	129
		118-84-6533		1264		striebitzberta	10/05/2018, 00:00:00	Schönland GmbH	iloewer@hotmail.de	Micha Cichorius	AB-	370
医師		257-26-5082	静岡県富津市東和町40丁目19番12号	2053		sotaronishimura	2021/03/06	渡辺銀行有限会社	yoichikobayashi@gmail.com	渡辺 翔太	B-	539
Endocrinologista	1972-07-06	67508493265	"Vale Emanuella Alves, 844
Conjunto Floramar
77920-761 Cavalcante / DF"	286		mariah73	03/10/2024, 00:00:00	Fonseca Ramos - ME	acosta@gmail.com	Francisco Dias	O+	202
	1939-12-07	740-07-0820	石川県夷隅郡御宿町蟇沼8丁目15番11号 芝浦コート317	1402		gyamaguchi	16 Jun 2024	株式会社岡本保険	nanamiabe@hotmail.com	小林 陽一	O-	74
	1953-04-01	147-54-4276	"5638 Tony Cliff
North Lisa, CO 88167"	1316		kelsey53	07/15/2025, 00:00:00	Moore-Guerrero	hannasonia@gmail.com	Caitlin Stanley	A+	16
	1989-07-15	012-89-4053	大分県夷隅郡大多喜町平河町12丁目23番7号 シティ高輪557	1297		yumiko21	01/28/2022, 00:00:00	長谷川通信合同会社	imiura@hotmail.com	吉田 桃子	A-	11
	2014-12-18	176-29-3691	"95986 Jack Club
Bowmanton, PA 76048"	384		mhernandez	20 Jan 2024	Cooper Ltd	brownsarah@hotmail.com	Christian Soto	A+	423
	1941-09-03	BLLFLR79C31G058C	"Canale Clelia, 23
47018, Santa Sofia (FC)"	1762		salvatoretremonti	2018-11-01	Sandi, Balla e Pontecorvo s.r.l.	francescaalfieri@hotmail.it	Sig.ra Annamaria Forza	AB-	420
		LMBNCL04D67M317N	"Piazza Griselda, 3
88812, Torretta (KR)"	2149		ybotta	2022/02/02	Valier-Filippini s.r.l.	vezzaliantonino@hotmail.it	Dott. Ugo Salata	B-	435
	1941-07-16	613-80-5056	"4856 Jeremy Inlet Apt. 752
North Kyleberg, IA 01081"	470		martinezcory	2018/11/26	Rice-Perry	joshua36@gmail.com	Jesse Russell	A+	249
	1988-05-16	SLVPRC56H05C359M	"Stretto Francesca, 3
00028, Subiaco (RM)"	1206		rossinipier	18 Sep 2021	Santoro, Cortese e Cafarchia Group	hcamiscione@hotmail.it	Augusto Pareto	B+	479
		606-64-5148	"6804 Ricky Brooks
South Kathrynport, CO 55917"	236		jerrywilson	01/22/2024, 00:00:00	Walker-Ross	wperez@yahoo.com	Edward Taylor	O-	665
	1916-03-28	36015894270	"Lago de Sampaio, 20
Manacas
41303-197 Câmara do Campo / RJ"	1835		wrios	2024-04-13	Camargo Borges Ltda.	cunhacarlos-eduardo@hotmail.com	Dr. Otávio Cardoso	AB-	525
		QSMLCN68H60B265N	"Incrocio Tonisto, 0 Piano 5
28881, Cereda (VB)"	157		gcastellitto	2024/04/05	Tarchetti Group	sebastianofoa@yahoo.com	Alessio Gozzano	B+	91
医師	1975-10-25	279-72-5518	高知県港区東浅草13丁目24番1号 パレス大中260	1637		hideki42	04/08/2020, 00:00:00	吉田食品株式会社	fukudataro@hotmail.com	小林 春香	AB-	441
		VCLBRT13A51D328G	"Viale Saverio, 15 Piano 1
89815, Francavilla Angitola (VV)"	122		elvira32	2022-06-26	Tencalla, Cipolla e Campano SPA	amancini@libero.it	Victoria Cavanna	B+	672
		037-66-8096	"Freya-Lachmann-Gasse 90-38
70134 Hettstedt"	1478		klaere05	22 Jan 2023	Müller Steckel GbR	almuth55@gmail.com	Sigismund Wieloch	AB+	37
	1986-12-13	473-34-2852		1966		shota26	2020/08/07	有限会社高橋電気	naotokobayashi@gmail.com	阿部 英樹	A+	702
		15872390432	"Alameda Novaes, 5
Santa Cecilia
26015881 Rocha do Amparo / PE"	1769		arthur05	07 Oct 2020	Gonçalves	imarques@hotmail.com	Pedro Henrique Jesus	A+	562
	1995-07-18	283-11-7793		1255		rosefredi	09/06/2019, 00:00:00	Kreusel AG	sboucsein@yahoo.de	Pietro Mielcarek	A+	306
		75064129343	"Chácara de Moraes
Comiteco
75319-471 Souza das Flores / TO"	173		milenalopes	02/25/2024, 00:00:00	Farias Machado e Filhos	mfernandes@gmail.com	Murilo Nogueira	B+	525
	1937-03-28	39742106525	"Trecho Siqueira, 401
São Jorge 2ª Seção
21681836 Rocha / PE"	874		brunofarias	30 Nov 2022	Câmara - ME	gbarbosa@gmail.com	Beatriz Monteiro	B+	37
Manicure	1984-07-08	81270365444		260		hcostela	31 Dec 2023	Teixeira - ME	wnascimento@ig.com.br	Elisa Rios	AB-	612
	1939-03-02	15924803651	"Pátio Rios, 54
Itatiaia
24241-686 Montenegro de Costa / CE"	1580		moreiraanthony-gabriel	2024/03/14	da Conceição Oliveira e Filhos	eduardonovais@ig.com.br	Mariane Cavalcante	A+	707
Informatiker	1983-01-20	122-44-9820	"Nergerallee 71/58
13720 Augsburg"	938		vollbrechtveronica	2021/02/24	Gorlitz Henck GmbH	langernanne-kathrin@hotmail.de	Frauke Langern	AB+	55
	1920-12-19	310-07-9184	東京都世田谷区雷門30丁目26番4号	217		shimizukaori	04/21/2022, 00:00:00	有限会社佐藤水産	wkobayashi@hotmail.com	後藤 陽一	A-	399
		209-29-1236	"PSC 6389, Box 3187
APO AE 18650"	671		ashley59	2024-11-07	Myers Group	haydenlatoya@gmail.com	Daisy Flowers	A-	227
司法書士		341-73-2711	奈良県横浜市南区南赤田17丁目16番5号	910		akemi72	2023-01-20	有限会社井上農林	xishii@yahoo.com	長谷川 美加子	AB-	252
Chartered loss adjuster		RSSNNR93M29M122Q	"Strada Semitecolo, 58
64047, Pietracamela (TE)"	796		procaccigaspare	2021/09/16	Farina, Modiano e Alighieri Group	martameucci@fastwebnet.it	Luchino Navone-Pucci	O+	7
	1939-04-07	68354790274	"Fazenda Cirino, 15
Itapoa
39905862 Albuquerque / RN"	2189		joaosousa	06/15/2023, 00:00:00	Farias	valentim64@yahoo.com.br	Noah Jesus	AB+	134
Barrister	1992-07-27	836-26-4051	"4716 Garza Loop
Michaelberg, NE 38603"	273		martinzachary	05 Oct 2022	Byrd, Garcia and Miller	katherine80@gmail.com	Johnny Carter	AB+	399
	2017-12-04	993-06-7188	"Mariana-Sager-Platz 6-5
93148 Illertissen"	674		noackguelsen	20 May 2024	Ring Stiftung & Co. KG	kanders@yahoo.de	Andrea Fiebig	O-	644
	1919-11-29	315-23-2733	"3943 Fischer Manors Suite 180
Port Daniel, MS 41455"	1044		wilsonchristopher	24 Feb 2022	Combs, Jackson and Lee	hhendricks@yahoo.com	Stacy Friedman	O-	307
		MLPMLA79H10G607B	"Stretto Cantimori, 741 Appartamento 3
15024, Masio (AL)"	1875		pastineannibale	2020/09/16	Ortese-Battaglia e figli	elisavidoni@libero.it	Maria Cianciolo	B-	302
		609-02-5175	"161 Miller Row
Port Matthewhaven, MP 54320"	1527		paula88	2019-01-22	Parker LLC	diazbradley@gmail.com	Daniel Anderson	O+	440
Seguidor de compras	1925-11-03	71690245352	"Parque Diogo Moreira, 49
Santa Maria
16257545 Pastor Alegre / AL"	2018		ferreiraeloa	23 Jun 2024	Cavalcante - EI	da-conceicaostella@hotmail.com	Ravi Correia	A+	141
Medical technical officer	2020-06-26	RSSLNI32H01A054O		106		salvi09	08/17/2025, 00:00:00	Fattori, Combi e Trapani e figli	vivaldibeatrice@gmail.com	Antonietta Lippomano	O-	237
		SBRSMN57A69I950X	"Viale Maria, 967
98056, Mazzarra' Sant'Andrea (ME)"	1119		donnasegre	2025/01/06	Tartaglia, Ferragamo e Anichini Group	npratesi@libero.it	Roberto Calarco-Soranzo	O-	680
Scientist, research (physical sciences)	1931-01-15	332-05-4816	"01266 Ferguson Center
Port Monicamouth, LA 81717"	1545		donnacooper	2021-04-13	Mason, Williams and Evans	karen24@yahoo.com	Linda Mosley	O-	510
		35801249788	"Rua de Montenegro
Conjunto Minas Caixa
24980968 Macedo do Oeste / BA"	141		heitorsouza	09/06/2025, 00:00:00	Vargas Dias S.A.	bda-rocha@bol.com.br	Isis Siqueira	AB-	387
	2010-02-02	205-39-3561	東京都長生郡長柄町中宮祠14丁目4番3号 シャルム睦236	1561		kinoue	2022-04-09	鈴木食品合同会社	yui30@yahoo.com	鈴木 稔	A+	693
	1927-04-15	056-67-5972	"Siegrun-Margraf-Platz 90/25
82090 Eisenach"	2131		josephanders	07 Aug 2024	Bärer	rosemannsandy@hotmail.de	Ing. Freddy Hesse B.Sc.	AB+	264
	1940-07-26	LMGLRN63L56E081O	"Piazza Botticelli, 60
26823, Camairago (LO)"	1904		pedrazzinisaverio	20 Jun 2019	Ajello, Traetta e Vespucci Group	yrossini@libero.it	Eraldo Aldobrandi	A+	296
Science writer	1979-11-27	359-64-8535		232		breannahart	2018-12-31	Huerta Inc	uhood@hotmail.com	Stacy Hansen	A-	413
		276-47-4168	"Janko-Heidrich-Allee 67-50
86152 Vohenstrauß"	1134		frederikjunck	15 Oct 2022	Adler Stiftung & Co. KG	emmi23@aol.de	Rosalia Atzler	A-	346
	1965-11-12	GLVNSD86D52I143V	"Strada Guglielmo, 6
67066, Rocca Di Botte (AQ)"	1877		isabella22	2022/06/13	Vittadello s.r.l.	gioffre58@tiscali.it	Arturo Persico	AB+	272
Cartunista	1986-06-02	90182536777	"Residencial Ramos, 85
Conjunto Califórnia I
93476-886 Costa do Sul / GO"	238		osa	12/26/2019, 00:00:00	Mendonça	guilhermepeixoto@ig.com.br	Maria Clara Aragão	AB+	665
		SRNGNL94B41I992C	"Stretto Lara, 0
37031, Cellore (VR)"	659		zscandone	2023/05/14	Pratesi-Fuseli s.r.l.	morellatogianfranco@tele2.it	Natalia Malpighi	O-	333
	1957-12-20	73658214937	"Estação Igor Casa Grande, 93
São Gonçalo
82700721 Lopes / BA"	1346		pereirathales	04/08/2019, 00:00:00	Mendes	jose-pedro25@hotmail.com	Thales Lima	B-	320
Landscape architect	1960-11-16	GRSMLN44P30L325W	"Viale Marta, 37 Appartamento 24
00171, Roma (RM)"	1622		sabatino58	11 Mar 2020	Ginese-Petruzzi s.r.l.	luisaquasimodo@libero.it	Tonino Toselli	O-	491
		451-31-4097	長崎県横浜市港北区脚折23丁目22番19号 コーポ上野公園053	1760		ryoshida	2022/01/25	山下印刷株式会社	kyosukehasegawa@gmail.com	吉田 舞	AB+	536
		GLLGFR01C50H444E	"Contrada Dino, 461 Appartamento 7
46011, Mosio (MN)"	541		pbeccheria	01 Dec 2020	Gentili Group	soranzogiulietta@yahoo.com	Elena Ritacca	O+	684
	1991-02-21	114-68-8128	"Unit 2090 Box 6757
DPO AE 77159"	1227		baileylawrence	2021/01/04	Roy, Davis and Dixon	thomascharles@yahoo.com	Jessica Higgins	A+	44
Theatre manager	1953-02-06	504-34-2370	"97026 Thompson Shoal Apt. 953
Thomasview, PR 43446"	1611		josephmcmillan	2019-04-15	Jacobs, Lee and Davis	elijahhernandez@hotmail.com	Jerry Schultz PhD	AB-	565
		80216573912	"Esplanada Lopes, 268
Capitão Eduardo
86257-708 da Cunha / DF"	145		andrademaria-eduarda	2019-03-25	Vargas Ltda.	davi-miguelda-cruz@hotmail.com	Giovanna Novais	B+	575
Community education officer		853-70-1985	"60982 Greene Greens
Lake Dannystad, LA 74982"	1078		wrighthailey	2022-10-21	Perez, Romero and Stone	brian79@hotmail.com	Ashley Ramirez	B+	463
	1935-04-14	973-10-1381	"Eckbauerallee 707
69926 Nürtingen"	1796		scholtzmattias	2023/06/30	Börner Noack GbR	ralf-peter48@yahoo.de	Hansgeorg Vollbrecht	O+	448
Balconista	2015-07-15	78560319484	"Conjunto de Campos, 6
Grotinha
56744-835 Moreira das Flores / GO"	159		monteirolavinia	2019/12/17	Sá	maria-isispinto@hotmail.com	Emanuel Pacheco	O+	256
		745-83-1741	"Schinkeweg 109
08108 Tecklenburg"	1698		gertidoerschner	03 Jul 2019	Fritsch Dippel Stiftung & Co. KG	richard12@aol.de	Grete Mies	AB+	208
Police officer		317-34-0798	"590 James Port Suite 442
Michellemouth, NE 61672"	740		laurawells	2022/12/02	Mcfarland-Williams	alfred58@gmail.com	Jennifer Williams	AB+	566
Surveyor, quantity	1984-07-21	873-31-8956	"7488 Devin Key Suite 949
North Lawrenceview, AL 07800"	7		qnguyen	2020-10-29	Steele Inc	kayleegamble@hotmail.com	Carol Tucker	AB+	469
Elektroniker	1912-11-26	364-69-9359		1104		wohlgemutroland	05/05/2023, 00:00:00	Kuhl	klappantonios@gmail.com	Serpil Rudolph	O+	1
Plant breeder/geneticist	1960-09-14	290-05-5150	"3366 Ross Court
Port Brianfort, RI 89196"	1542		dustin54	11/23/2018, 00:00:00	Howe, Clark and Wallace	ijohnson@hotmail.com	Jillian Roach	AB-	101
	1955-12-23	TRMLBC82B59I906X	"Borgo Strangio, 88 Piano 3
20143, Barona (MI)"	636		valerio87	2019/11/06	Nugnes-Argan e figli	albertoziani@virgilio.it	Rosaria Guidone	A+	628
	1950-09-25	292-22-9640		919		yumiko81	03 Jul 2025	株式会社高橋ガス	maayasaito@hotmail.com	林 千代	A-	681
エンジニア演奏家	2017-10-06	017-41-0654	大分県小平市日光40丁目13番16号 パーク天神島059	581		manabu05	2020-02-11	森水産株式会社	sasakijun@yahoo.com	山下 裕樹	B-	548
	1923-06-27	530-79-3876	"Nergerplatz 641
35937 Grimmen"	1499		abeckmann	2020/01/11	Meister Karz AG	wolf-ruediger02@googlemail.com	Dr. Valeria Steuer	A-	285
	2001-08-30	42718056967	"Estrada Nina Cavalcante, 7
Horto
49261153 Cassiano / RN"	974		aurora09	11 Nov 2019	Aragão S.A.	luiz-henriquesiqueira@hotmail.com	Sara Macedo	B+	327
Sports development officer		CSRRNL45M19I251V	"Viale Coluccio, 78 Piano 4
16031, Bogliasco (GE)"	631		egotti	02/05/2022, 00:00:00	Siffredi Group	benvenutoschiavo@libero.it	Ermenegildo Monteverdi	A+	42
		395-27-6490	"239 Rogers Valley
New Manuelview, NV 24212"	749		lesliediaz	2022/01/31	Browning-Green	michaelfleming@gmail.com	Edwin Vaughan	O-	182
	1913-02-28	039-50-0104		1584		ashley42	10 Jan 2022	Thompson-Jackson	sgarrison@hotmail.com	Larry Tran	A-	246
	1936-12-20	DLLLDI56R30E395I	"Canale Guidotti, 90 Piano 3
98163, Sparta' (ME)"	38		asiffredi	2025-07-19	Sobrero SPA	bossimarcantonio@hotmail.com	Eugenia Bergoglio	AB+	592
	1964-02-20	MGNPRR35A68F021A	"Stretto Panfilo, 163
98168, Messina (ME)"	2080		ansaldo64	15 Apr 2020	Amaldi e figli	aldo60@poste.it	Enzio Cavalcanti	O-	166
	1986-09-05	GGLVRC39C09E072L	"Strada Serena, 26 Appartamento 62
21014, Laveno Mombello (VA)"	686		tuzzolinoamedeo	06/09/2022, 00:00:00	Moccia, Chittolini e Procacci SPA	ippaziocalgari@yahoo.com	Allegra Pizziol	O+	656
		865-70-5389	"Flantzplatz 676
26180 Rochlitz"	1297		bekirrose	02/02/2020, 00:00:00	Hartung	ritterkirstin@gmail.com	Ing. Hansjürgen Weimer	B-	115
Tintureiro	2009-09-27	47958106300	"Viela Macedo, 161
São Francisco
69111435 Novais / RR"	303		oliviamoraes	2021/07/25	Lopes	ana-vitoria24@bol.com.br	Aurora Oliveira	AB-	642
モデル		774-83-7440		1863		ryosuke81	03/24/2023, 00:00:00	有限会社中川食品	tanakatomoya@gmail.com	西村 陽子	AB-	456
Surveyor, land/geomatics	1971-05-21	BSNDIA52M20E770V		1888		grecaudinesi	2021-01-15	Asmundo, Renzi e Fanucci SPA	asommaruga@alice.it	Hugo Zamengo-Maffei	O-	508
		54913870610	"Aeroporto de Vasconcelos, 883
Casa Branca
98424414 Casa Grande / BA"	1066		amontenegro	2019/04/16	Porto	vmachado@yahoo.com.br	Mateus Melo	O-	133
	1917-09-21	698-61-5438		2125		imkejaentsch	2020/08/03	Weimer e.G.	horst91@gmx.de	Ing. Bogdan Heinz MBA.	B+	398
		132-93-9022	大阪府新島村箭坪11丁目25番20号 隼町パーク373	1189		kyosukeyamada	2019/01/21	有限会社佐藤建設	satokazuya@yahoo.com	近藤 春香	O+	228
	2007-02-07	69832147069	"Condomínio Eduarda Fogaça, 4
Conjunto Taquaril
40110-962 da Mota dos Dourados / RR"	926		marcos-viniciusguerra	2024/05/12	Cardoso	ceciliaalmeida@bol.com.br	Ana Julia das Neves	B-	670
	2019-02-02	01673289487	"Trecho de da Mata, 8
Minas Brasil
00946-215 da Paz / DF"	804		montenegrootavio	02 Oct 2021	Pastor	marcela94@bol.com.br	Dante Aragão	B+	403
	1927-07-27	56983210433	"Residencial João Lucas Araújo, 33
Nova Floresta
62497-630 Nunes / RS"	1976		xcaldeira	2020/04/29	Castro	cnogueira@gmail.com	Lívia Fernandes	AB+	113
		49386715066	"Lago Thales da Mata, 3
São Paulo
22271-640 Santos da Serra / CE"	567		santoshenrique	04/24/2024, 00:00:00	da Cunha	melohenry-gabriel@hotmail.com	Matteo da Cunha	AB+	432
Geologist, wellsite	1959-03-30	094-07-5603	"621 Gregory Club
Lake Richardshire, TN 38394"	1397		lisaroberts	2021-11-27	Serrano, Scott and Jacobs	rwilliams@yahoo.com	Michael Walker	O-	428
	1917-12-04	21689570377	"Estação João Pedro Santos
Conjunto Celso Machado
64757722 da Paz de Ramos / SE"	1603		ysilva	2018/12/18	Marques Camargo - ME	ninaribeiro@ig.com.br	Ágatha Fernandes	O+	699
	1927-04-17	528-07-7737	"Arno-Hornig-Allee 6-3
23354 Gotha"	190		huhnromuald	15 Jan 2024	Hein	ikrebs@hotmail.de	Lisa Gehringer	O+	358
Chirurgiemechaniker	1943-08-17	072-24-9285	"Freudenbergerstraße 1
39160 Regensburg"	1747		isabellaweinhold	2020-10-24	Gute Ebert KGaA	emma52@gmx.de	Cynthia Hartmann	AB-	172
Chartered management accountant	1979-12-31	FOAMLS26M30H895N	"Incrocio Annibale, 6
98068, San Piero Patti (ME)"	1962		rinaldigiulia	2020-02-21	Villadicani Group	guarientobarbara@hotmail.it	Arnaldo Bevilacqua	AB+	698
Special educational needs teacher	1918-05-18	PLTGSI57D50E159N	"Contrada Galasso, 5 Piano 7
80048, Madonna Dell'Arco (NA)"	21		govoniludovico	2025/06/20	Toldo SPA	tfalier@outlook.com	Giulia Rosiello	AB-	286
	1935-09-26	VRDPLG30S58L744N		865		pfantozzi	2025-08-05	Catalano e figli	cgarobbio@libero.it	Maria Babbo	AB+	687
	2013-03-07	MRTNCT73E18H021P	"Stretto Trincavelli, 353 Appartamento 7
90125, In Via Aloi (PA)"	1207		jcuratoli	01 Jun 2022	Badoer s.r.l.	miccaludovica@libero.it	Donna Cappelli	O+	512
		RDEFBA75B07C013X	"Viale Sanguineti, 5 Piano 8
05034, Ferentillo (TR)"	56		utoldo	2024-11-22	Campanella Group	nanni82@fastwebnet.it	Alfio Smirnoff	O+	693
	1994-04-30	769-43-7636	宮城県台東区竜泉32丁目12番15号	273		tkato	19 May 2023	渡辺建設株式会社	ryoheifujiwara@gmail.com	田中 洋介	O-	522
	2010-06-03	187-67-1330	福井県国分寺市鶴ヶ丘30丁目2番8号 シャルム湯宮556	561		hayashisatomi	23 Mar 2021	有限会社佐藤情報	hayashimai@gmail.com	佐藤 翔太	O-	206
		618-63-2580	"Tatjana-Tröst-Straße 76-89
86087 Rastatt"	1110		sylwia13	2023/06/30	Wesack	pieperheinz-guenter@googlemail.com	Ernst-Dieter Ernst	A-	481
Estoquista	2010-04-20	60435198793	"Feira João Lucas da Mata, 698
Vila Real 2ª Seção
90474389 da Costa / PI"	113		maria-alice83	14 May 2025	Ferreira	vmoraes@gmail.com	Alícia Moraes	AB-	1
		034-85-6214		413		rachel03	2024-10-23	Thompson-Pena	rebecca77@hotmail.com	Adriana Mccoy	B-	457
	1942-10-04	268-94-8190	"Stolzeplatz 9/8
66786 Vechta"	1201		nloechel	2025/01/30	Gertz GbR	guenther41@web.de	Heinz-Otto Bauer	AB+	482
	1978-07-09	10498672387	"Vereda de Lima, 9
Vila Coqueiral
43570-425 Sales / SC"	1642		nathanmoraes	11 Mar 2019	Pires S/A	silveirakamilly@uol.com.br	Pedro das Neves	A-	297
		138-64-4163		902		weisshans-peter	16 Feb 2025	Wieloch	seidelcornelius@gmx.de	Tomasz Kambs	O-	470
	2010-03-13	GRRCCL29S30A942O	"Canale Victoria, 40
73045, Leverano (LE)"	1675		hodescalchi	26 Mar 2024	Casini-Pacetti SPA	rmanzoni@fastwebnet.it	Sig.ra Monica Varano	AB-	382
	1932-10-26	25467189328		2030		luiz-felipe84	2023/01/24	Borges Machado e Filhos	britojoao-vitor@bol.com.br	José Pedro Ferreira	A+	448
		770-13-4934	"Lachmannweg 9-1
16377 Calau"	1045		bernwardlorch	08/01/2020, 00:00:00	Liebelt	ostroh@googlemail.com	Grazyna Spieß	B+	328
	1936-02-03	737-56-0059	"7906 Woodard Bypass Suite 655
Meyerton, KS 14833"	673		timothypowell	11/03/2020, 00:00:00	Davis-Burns	woodsteven@gmail.com	Mary Pearson	A+	451
	1924-02-23	28639751455	"Viaduto Maria Luiza Cardoso, 35
Vila São Geraldo
60001-244 da Conceição / CE"	104		uda-rocha	2024-03-17	da Costa - EI	alexiada-mota@bol.com.br	Isabela da Cunha	B+	189
	1963-07-17	CRSZEI01A41L013Z	"Viale Vittoria, 122
33075, Cordovado (PN)"	1688		vianellopanfilo	09 May 2022	Draghi, Balbo e Alighieri e figli	giustino12@outlook.com	Antonella Delle	B+	120
	1998-03-04	148-83-9775	"2065 Marvin Light
East Deborahton, SC 90936"	851		megan73	03 Feb 2022	Rivera-Johnson	ualvarez@gmail.com	Margaret Brady	O-	546
	1965-12-13	953-57-0467	"Betti-Boucsein-Platz 6
83391 Marktheidenfeld"	54		ldoerr	2025/05/05	Neureuther Karge GmbH & Co. KG	ingried21@gmx.de	Lisette Tintzmann-Benthin	B-	564
		04358261906	"Área Lavínia Vargas, 97
Etelvina Carneiro
14103486 Marques / RN"	1938		pvasconcelos	24 Aug 2025	Porto Gomes - EI	santosmatteo@gmail.com	Vitória Sousa	O-	230
Krankenschwester	2022-08-16	298-80-3677	"Kreszenz-Walter-Straße 8
49116 Geithain"	1620		normankrein	10/21/2022, 00:00:00	Schmiedt AG	qwilmsen@googlemail.com	Lydia Döring-Röhricht	AB+	629
		893-31-1977	"8583 James Road Apt. 291
North Brandyhaven, IL 02448"	1860		fbrown	2019-02-24	Rhodes, Mckee and Pope	jessicasmith@hotmail.com	Valerie Jones	A+	552
	2015-04-04	758-49-6671	福岡県印旛郡酒々井町日光12丁目2番6号 ハイツ中小来川867	1837		dyoshida	2020/12/05	有限会社石川農林	atsushi05@gmail.com	鈴木 亮介	A+	411
	1984-03-31	21076598420	"Morro Aurora Castro, 14
Vila Da Paz
22301100 Teixeira / SE"	338		spires	2019/10/31	Novais - ME	hadassamacedo@uol.com.br	Carolina Porto	A+	24
Naval architect	1984-03-06	TSLMRS87C10D452Z	"Via Montecchi, 723
90029, Valledolmo (PA)"	790		inzaghigiovanni	27 Apr 2023	Mondaini-Crispi e figli	alessandra64@gmail.com	Nicoletta Verga	AB+	92
		25704986102	"Vila de Silva, 570
Paulo Vi
29870046 Araújo / RJ"	1941		vitoria88	11/26/2022, 00:00:00	Cirino	vicentemelo@yahoo.com.br	Lorenzo Silva	O+	632
	1923-10-26	123-01-9202	沖縄県国立市細野21丁目3番12号	39		lsasaki	06/29/2025, 00:00:00	合同会社山下ガス	oinoue@yahoo.com	森 あすか	O-	366
	2000-04-16	50862149711	"Chácara de Dias, 66
Vila Engenho Nogueira
92275294 Novais / RO"	877		castroravi	2023-03-25	Garcia	felipe11@ig.com.br	Sabrina Ferreira	AB+	388
	2014-01-25	CSDMLD49P20L432X	"Canale Melania, 932 Piano 7
57025, Riotorto (LI)"	2004		itrevisani	11/01/2018, 00:00:00	Marino s.r.l.	villarosaniccolo@vodafone.it	Giuliano Pulci	O-	247
	1969-08-07	538-51-8002	"910 Karina Ridge
Jenniferhaven, AL 01493"	561		susanmason	12/19/2023, 00:00:00	Robbins, Holt and Cobb	duartecolleen@hotmail.com	James Carr	AB-	400
		56208397103		1302		lda-cruz	21 Apr 2023	da Conceição Fonseca Ltda.	cirinofernanda@hotmail.com	Gael Martins	O-	175
Juiz de direito	1977-03-23	92841075397	"Lago Ferreira, 72
Nossa Senhora De Fátima
10296-382 Novais de Jesus / AP"	40		omoura	2019/01/05	Lima	machadofernando@ig.com.br	Dr. Davi Luiz Almeida	A+	374
Elektroniker	1958-09-11	636-48-8081	"Hajo-Reichmann-Ring 8143
10353 Ochsenfurt"	757		alberskevin	04/28/2023, 00:00:00	Klingelhöfer AG & Co. KGaA	nuray83@yahoo.de	Inga Hahn	A+	337
Designer de jóia		70219485305	"Viela Nogueira, 43
Paulo Vi
77639-119 Novais / CE"	1067		sajoao-gabriel	2022-03-05	Andrade Caldeira S.A.	ofarias@gmail.com	Sabrina Freitas	AB+	635
Artist		167-36-6139	"Juergen-Ritter-Platz 9/4
77244 Euskirchen"	1770		aysegunpf	09/30/2020, 00:00:00	Putz	koch-iimagnus@yahoo.de	Raymund Mülichen	A+	236
	1962-09-01	569-65-2852	熊本県四街道市大中30丁目7番3号 東大和町パーク687	582		hidekinakajima	2023-07-20	鈴木農林株式会社	qota@yahoo.com	山口 七夏	O+	179
Beamter	2018-01-31	456-59-3480	"Jochen-Trapp-Allee 68
26352 Perleberg"	2113		sonia36	2023/09/23	Weiß	vollbrechtursula@yahoo.de	Reimer Kramer	AB+	369
Actuary	1977-05-31	735-84-1013	"70964 Christopher Junction Apt. 035
New Crystal, TX 03029"	292		jennifer49	01/21/2022, 00:00:00	Clark PLC	obriennicole@hotmail.com	Rachel Morales	A-	679
Schornsteinfeger	1997-01-29	156-35-1007	"Marian-auch Schlauchin-Gasse 50/57
68947 Saarlouis"	1302		iatzler	2018/12/09	Kabus	wirthreinhard@aol.de	Ing. Margaret Renner	O+	539
		CCCSRS86C44F271M	"Stretto Schiaparelli, 84
16048, Magnasco (GE)"	887		greco87	2022/09/07	Castellitto Group	rosinabosio@libero.it	Ermanno Sanudo	B-	202
Geologist, engineering	2025-09-10	SGRRSN11S28D612W	"Piazza Camicione, 9 Appartamento 45
27012, Torre Del Mangano (PV)"	1223		donatellogreco	2022/06/22	Cassarà-Filzi e figli	alberico73@yahoo.com	Stefano Chittolini	O-	82
Regulatory affairs officer		573-03-4722	"02264 Christopher Mall
Robertbury, OK 38836"	482		xwhite	19 Jan 2025	Franco LLC	efarmer@hotmail.com	Dalton Lang	O-	451
		604-98-6616		1785		abell	2024/08/03	Lopez-Reyes	michael69@yahoo.com	Timothy Steele	A-	272
	1920-05-29	375-62-1742		21		maiyamazaki	2021-12-31	有限会社小林ガス	efujiwara@gmail.com	橋本 充	A+	242
		541-94-7641	"9325 Robert Causeway Suite 967
East Jodymouth, CA 62693"	372		martinezthomas	09/18/2023, 00:00:00	Perez-Burch	kevinwright@hotmail.com	Terry Blanchard	AB+	191
Scientist, research (maths)	1924-02-07	FCNGNG52D60I310J	"Rotonda Teresa, 68
13843, Pettinengo (BI)"	56		zfalloppio	2023-07-19	Giolitti-Flaiano Group	girolamo07@hotmail.com	Silvio Pellegrini-Balbi	A-	690
		72150438941	"Condomínio Melo, 78
Nossa Senhora Da Conceição
48246-503 Pastor Grande / AL"	162		da-pazzoe	2020/03/18	da Luz	lizpacheco@hotmail.com	Francisco da Cruz	O+	517
		735-66-5848		1896		oyoshida	01/12/2019, 00:00:00	株式会社高橋電気	ntanaka@gmail.com	三浦 あすか	A+	474
	2015-06-19	078-48-2161	"Zirmering 4
11626 Hansestadttralsund"	624		gesabauer	2019-12-10	Meyer Haering AG & Co. KGaA	max37@yahoo.de	Frithjof Jacob B.Sc.	AB+	633
	2017-05-01	539-69-7702	"Leokadia-Döhn-Straße 73
18420 Mettmann"	738		ortwin21	09/06/2023, 00:00:00	Peukert Jähn AG	hendrik31@gmx.de	Annelene Hartmann B.Eng.	AB+	16
Scientist, audiological	1982-04-21	561-03-7240	"56193 Hernandez Lock Apt. 005
New Douglasborough, NE 64275"	1712		blairjennifer	2019/02/16	Reynolds-Tucker	josephpadilla@yahoo.com	Hannah Henry	B-	261
Mergulhador	2022-11-26	42860157344	"Residencial de Almeida
Mariano De Abreu
71660602 da Mota / PA"	1448		henry-gabrielalmeida	2022-05-21	Costa	sguerra@ig.com.br	Gustavo Henrique Lima	B-	405
		CLLRMN48P45A942F	"Incrocio Lolita, 20 Piano 8
41053, Pozza (MO)"	1634		ncontrafatto	08/05/2020, 00:00:00	Pezzali-Tropea e figli	tornatorebianca@tiscali.it	Massimo Gottardi	A+	492
		799-42-8093		798		nyamaguchi	2024/01/21	藤井通信合同会社	lfujiwara@gmail.com	藤原 淳	O+	617
Chemikant	1976-01-17	742-62-9390	"Sontagring 47/80
62841 Ingolstadt"	237		walterartur	2024/07/01	Seidel KG	pohlutz@aol.de	Annegrete Jacob	A-	444
	1920-12-10	067-01-9561	"0090 Wilson Ridges Suite 629
New Sean, GU 98404"	937		xlewis	2025/09/22	Perkins, Matthews and Garcia	meltonjulie@yahoo.com	Shelby Snyder	B+	391
Museum/gallery conservator	1998-06-22	700-41-6711	"34696 Barbara Groves
West Daniel, IL 16619"	1143		pacemicheal	2022/02/23	Ramirez Group	billy17@yahoo.com	Kelly Leon	A-	447
	1913-10-20	DNZPRI53M48L324E	"Piazza Amanda, 5
53020, Castelmuzio (SI)"	1932		amalia90	26 Feb 2023	Trillini, Gozzano e Caffarelli s.r.l.	mpagliaro@poste.it	Dott. Adelasia Durante	B+	595
	1948-11-14	64875910339	"Passarela Eloá Peixoto, 65
Santa Amelia
02924234 Fernandes do Galho / PB"	226		beatrizrocha	20 Feb 2023	Andrade	uda-paz@hotmail.com	Ísis Araújo	B+	240
		MNDLCN63T63C598Z	"Incrocio Salvatore, 24
86031, Castelmauro (CB)"	365		vbonanno	2019/01/02	Chiesa-Tarchetti SPA	arnaldo05@tin.it	Dott. Lilla Zeffirelli	B-	381
	2006-04-04	381-08-5901	奈良県川崎市宮前区花川戸2丁目3番11号	213		haruka97	10/06/2022, 00:00:00	有限会社渡辺鉱業	reimurakami@yahoo.com	青木 陽子	O-	289
Cabin crew	1972-02-04	STPRMS41B55D458V	"Via Leopoldo, 89
16042, Rivarola (GE)"	1058		hmorgagni	2023-04-23	Cannizzaro, Pelli e Ferraris Group	laraluna@tele2.it	Costantino Bernardini	AB-	628
	1943-03-01	41502837960	"Esplanada Monteiro, 32
Alípio De Melo
38596-049 Pimenta / RO"	1993		araujomilena	14 Aug 2025	da Rocha Mendes S/A	macedobenicio@ig.com.br	Nicolas Rios	AB-	658
Programmierer		777-45-3989	"Ariane-Plath-Straße 438
09189 Bitterfeld"	1426		joachimwilms	2021/07/06	Geisler	franz-joseftrueb@gmx.de	Birte Barkholz	O+	288
	1978-06-25	06927413561	"Área de da Mota
Barreiro
26928388 Sousa de Minas / ES"	1742		kevinsilva	28 Sep 2022	Souza	xcardoso@hotmail.com	Ana Novais	A+	493
Sports coach	1915-11-05	TRCVRN55M11C946B	"Stretto Gozzano, 3 Appartamento 2
20143, Milano (MI)"	1934		rolandovivaldi	2025/06/12	Gregori Group	qpersico@tin.it	Franco Soffici	A-	244
	1928-09-22	432-70-9085	"Schmiedeckeallee 38/30
85062 Luckenwalde"	1427		xpohl	2023-09-18	Schomber	textorleopoldine@gmx.de	Monique Putz MBA.	B+	356
		092-61-6625		864		pruschkewera	2023/02/02	Scheibe	klaere13@aol.de	Hanspeter Staude	A-	237
	1973-11-18	384-51-8626	"679 Benjamin Summit
West Jaredbury, HI 43203"	1005		david26	29 Apr 2020	Coleman Inc	lgordon@hotmail.com	Cynthia Simon	B+	678
		SMTZEI92B57I573E	"Contrada Panatta, 0
83029, Sant'Andrea Apostolo (AV)"	2045		giacomoferretti	22 Feb 2023	Tartaglia Group	oemanuelli@hotmail.it	Sig.ra Irma Rensi	A+	350
		28149537023	"Jardim João Pedro Gonçalves, 41
Gameleira
71464563 Casa Grande Alegre / PI"	541		rcamara	06/19/2025, 00:00:00	Abreu Andrade Ltda.	ida-conceicao@yahoo.com.br	Ana Cecília Pereira	O-	233
		FGNTZN94H45E459K		1209		paretoaria	2020/09/09	Campano, Gulotta e Fallaci SPA	lschicchi@hotmail.com	Valeria Castiglione	O-	62
	1970-10-20	150-70-6571	"80423 Johnson Coves Apt. 504
Robinsonburgh, AS 23914"	312		cwalsh	2022/09/21	Tyler-Anthony	jamesvaldez@hotmail.com	Amanda Williamson	B-	605
		165-70-7137	"Reimer-Niemeier-Weg 709
39560 Vohenstrauß"	1231		xetzler	01/07/2024, 00:00:00	Kraus Pölitz KGaA	josephinedrewes@gmx.de	Anni Weihmann MBA.	O-	269
		BSDPLN43M21I307R	"Piazza Francesca, 20
23854, Olginate (LC)"	2115		claudio29	2021-12-25	Bondumier, Maffei e Pavanello e figli	stefanochittolini@tim.it	Stefania Zabarella	AB-	615
Education officer, museum	1988-05-30	BNTRTR08M71D807S	"Viale Coriolano, 1
03035, Collefontana (FR)"	36		pagnottovirginia	12 Feb 2020	Zampa-Tognazzi s.r.l.	rosiellolamberto@yahoo.com	Raffaellino Galuppi	O-	95
		97102465343	"Núcleo de Duarte
Piratininga
60043673 Machado / RS"	461		castromaria-julia	10/10/2020, 00:00:00	Alves Oliveira - ME	eloahvieira@ig.com.br	Valentina da Conceição	AB+	329
		CGNLND72T08F434N	"Rotonda Moccia, 58
23100, Faedo (SO)"	1828		turriniallegra	2024-01-19	Roccabonella-Cilibrasi SPA	nammaniti@gmail.com	Piergiorgio Dalla	A+	376
Designer, fashion/clothing		RNZDNI14T23D351N	"Vicolo Sergius, 2
20127, Milano (MI)"	318		picciodina	03 Dec 2019	Nicoletti, Vanvitelli e Ceravolo s.r.l.	ocollodi@outlook.com	Stefania Balla-Barcella	AB-	176
	2004-02-04	315-24-5928	"696 Mitchell Passage Suite 960
Sethshire, SC 26792"	1474		aparker	2019-03-02	Meza Inc	angela10@gmail.com	John Dawson	A-	383
		06584219720	"Morro da Rocha
Milionario
44782245 das Neves da Mata / TO"	1424		ksales	27 Mar 2022	Albuquerque	vargasyan@uol.com.br	Ana Vitória Almeida	AB-	247
Management consultant	1987-09-23	211-77-1209	"4824 Amy Harbors
North James, AL 05117"	2177		dramirez	10/01/2020, 00:00:00	Hall-Goodman	dean95@gmail.com	Ian Howell	A-	547
	1924-06-19	089-45-6387	茨城県山武郡横芝光町隼町28丁目4番15号	1570		ywatanabe	2019-09-18	佐々木鉱業株式会社	nakagawamiki@hotmail.com	吉田 太一	A-	487
Tourism officer	1935-05-17	827-54-7637	"2099 Cantrell Islands
South Nicole, KS 49221"	849		margaretyates	08 Nov 2023	Lopez LLC	gilmorecatherine@gmail.com	Ryan Morton	O-	121
		MRCFRC35B13F175W	"Strada Natta, 335 Appartamento 5
64012, Campli (TE)"	910		wtroisi	06/27/2025, 00:00:00	Guidotti Group	sommarugadina@libero.it	Orazio Raurica	B-	670
		30674529847	"Morro Castro, 63
São Cristóvão
75233-698 Guerra do Amparo / RJ"	1795		zlima	2023-11-17	Leão	pietroda-costa@ig.com.br	Zoe da Mata	B+	83
Insurance broker		GRNLDA24A49A630U	"Piazza Caterina, 0 Piano 5
53045, Acquaviva (SI)"	1855		zantonini	01/23/2019, 00:00:00	Guarato, Bacosi e Coppola e figli	venancio24@hotmail.it	Enzo Marino	AB+	392
		65791230877	"Estrada Murilo Marques, 31
Barão Homem De Melo 3ª Seção
40561-984 Gonçalves / GO"	1077		lucasda-conceicao	2025/02/09	Santos Guerra - EI	montenegroraul@yahoo.com.br	Dr. Ian da Mota	B+	377
	2003-12-29	118-66-2565		2153		naoto24	09/28/2021, 00:00:00	小林通信株式会社	qyamada@yahoo.com	石井 里佳	B+	502
Faturista		39508174684	"Passarela de Gomes, 39
Vila Rica
53144-565 Costela de Lopes / BA"	932		mda-conceicao	05/03/2022, 00:00:00	Pimenta	oliviarios@ig.com.br	Theodoro Machado	B-	262
	1998-02-09	049-95-6678	"557 Brown Flat
Blakeview, IA 51332"	1673		apadilla	2021/03/22	King LLC	tgarza@yahoo.com	Courtney Peterson	O-	610
Educational psychologist	1973-10-06	381-03-0069	"91700 Amanda Rue Suite 180
Williamsfort, ND 45704"	610		crystal05	08 Mar 2022	Ashley, Miller and Craig	brittanysaunders@hotmail.com	Allison Gonzalez	A-	252
		69170824576		1359		viniciusvargas	05/07/2019, 00:00:00	das Neves e Filhos	henrique29@uol.com.br	Bella Caldeira	O-	107
	1991-11-29	452-09-8405	"Lioba-Wulff-Straße 2
18203 Kleve"	784		sergio65	12/02/2019, 00:00:00	Oestrovsky AG	thiesilonka@gmail.com	Prof. Roger Schottin	O-	588
公認会計士	1953-12-23	340-44-9851	東京都八王子市秋葉原12丁目14番18号	1751		yuisato	2019-06-08	吉田鉱業有限会社	watanabeyosuke@gmail.com	渡辺 くみ子	O+	51
		35809216498		120		marianada-costa	04/26/2020, 00:00:00	Farias	zda-rosa@ig.com.br	Murilo Melo	A-	384
	1942-02-23	BCCTTV27B61G801A	"Rotonda Soranzo, 8
66046, San Giovanni (CH)"	2187		matteottiaurora	03/14/2025, 00:00:00	Tamburello-Zetticci Group	vito58@gmail.com	Sig. Damiano Bruno	O+	237
アニメーター	2025-02-23	662-53-9502	新潟県西多摩郡奥多摩町三ノ輪29丁目10番6号 脚折アーバン973	2074		ryosukesato	02/10/2022, 00:00:00	株式会社三浦銀行	jun79@yahoo.com	高橋 健一	B+	349
		671-77-4082	東京都豊島区秋葉原27丁目14番11号 コーポ東浅草157	901		otakyosuke	2022-11-10	株式会社加藤建設	takuma20@gmail.com	松田 幹	A-	82
	1981-09-08	97641835066	"Vila de Vasconcelos, 6
João Pinheiro
59741-142 Pires / AM"	1113		calmeida	25 Sep 2020	Abreu S.A.	isaque16@yahoo.com.br	Alana Leão	B-	200
	1965-06-02	491-74-2228		615		rebecca28	2023-02-16	Graf Franke OHG mbH	stolzeirene@hotmail.de	Anne-Kathrin Schleich	A-	241
	2008-10-07	843-27-8055	奈良県八丈島八丈町日光6丁目25番19号 月島パレス023	510		yumikomori	06 Aug 2020	中島電気合同会社	naoki36@gmail.com	藤田 春香	A+	163
医療事務員	1939-01-26	838-48-4119		769		satomisuzuki	08 Feb 2019	斎藤農林株式会社	kaoriyamada@yahoo.com	鈴木 裕樹	A-	551
		191-99-2505	"Etzlerstraße 29
81082 Ansbach"	1525		leon36	11/10/2020, 00:00:00	Haase	romanatlustek@gmail.com	Heiner Löffler-Baum	A-	699
	2012-11-23	42317589646	"Área de Pereira, 6
Luxemburgo
83571-225 Fernandes do Campo / MG"	221		wmacedo	2020-01-10	Albuquerque	stephanyrios@yahoo.com.br	Srta. Zoe Carvalho	A+	390
	2015-07-09	231-43-7235	福岡県横浜市泉区柿木沢新田37丁目5番1号	1353		mikakoyoshida	11/18/2021, 00:00:00	株式会社佐藤農林	nakamuraharuka@hotmail.com	森 裕美子	B-	68
	1921-03-10	89240176322	"Ladeira de Macedo, 78
Vila Antena Montanhês
44660544 da Cruz / ES"	661		julianaaragao	20 Jul 2025	Fogaça	qpimenta@hotmail.com	Melissa da Luz	B+	85
		SBTCCL82R22E537O	"Contrada Ludovica, 773
13848, Zumaglia (BI)"	1591		goldoniricciotti	2024-11-26	Santoro SPA	fedelegottardi@libero.it	Stefano Bernetti	O+	365
	1949-02-06	411-80-7067	宮城県いすみ市蟇沼6丁目16番14号	1220		yuta23	06/30/2025, 00:00:00	加藤水産合同会社	minoru88@hotmail.com	山崎 真綾	B-	214
Auditor		12736540999	"Passarela de Aragão, 6
Santa Efigênia
00452466 Aragão de Castro / MT"	307		cmoraes	2023/06/09	Albuquerque Sampaio S/A	abreuanna-liz@ig.com.br	Otto da Mota	O-	683
	1960-10-18	48623907574	"Campo Mendes, 46
Bom Jesus
41982839 Borges dos Dourados / SP"	1658		nsantos	2021/08/02	Montenegro	benjamimda-rosa@uol.com.br	João Gabriel Freitas	B+	561
Records manager		042-68-9048	"64082 Silva Bypass Apt. 557
Matthewmouth, AR 19620"	1381		jonesmichelle	2025-06-08	Roach, Freeman and Watson	ybell@yahoo.com	Janice Reid	O+	116
Oceanographer		TRPRNR34P58F433U	"Via Antonio, 267
65131, Fontanelle (PE)"	2048		fedelecollodi	2021/09/30	Pucci, Capecchi e Troisi Group	fgalvani@gmail.com	Napoleone Marzorati	AB+	94
	1909-12-31	72450396152	"Trevo de Sousa, 15
Vila Piratininga Venda Nova
31245037 Nogueira do Galho / CE"	316		gabriela76	2023-11-25	Nunes	cribeiro@yahoo.com.br	Agatha Monteiro	AB-	593
		323-50-6376	"Geißlergasse 9
21740 Lübeck"	2085		kreuselcetin	04/17/2025, 00:00:00	Ullmann GmbH	gerd98@yahoo.de	Angelo Bärer B.Sc.	A+	504
	1980-01-23	600-31-1993	愛媛県横浜市港南区西神田18丁目9番20号 中三依クレスト524	1128		taro29	11 Dec 2024	合同会社福田印刷	dkato@hotmail.com	坂本 桃子	A+	627
	1998-01-06	901-91-6227	"Freudenbergerstraße 36/89
60041 Kaiserslautern"	954		cbluemel	2024-04-01	Schleich AG	ricardo82@aol.de	Ilonka Kitzmann	AB+	297
	1989-12-28	061-57-3230		1483		richardsonbenjamin	11/16/2021, 00:00:00	Mccoy-Jones	michael35@yahoo.com	Gregory Carey	AB-	598
		413-28-2937	"Höfiggasse 31-99
46637 Waldmünchen"	1222		evangeliaschmiedt	2022/01/11	Bolzmann	lorchtadeusz@aol.de	Nikolaos Geisler	B-	415
		693-40-7558	"459 James Radial
Lake Jordanstad, DE 60116"	1275		smiththomas	2020-09-18	Jones-Cline	ramosdaniel@gmail.com	Mr. Steven Walters DVM	O+	463
	1963-12-25	49316257891	"Vila Mendes
Vitoria
45209-305 Ramos de Abreu / BA"	1661		manuelaguerra	01 Jul 2023	Câmara da Paz e Filhos	rnovaes@hotmail.com	Maitê Câmara	O+	624
		CPNRLD93M47F192Q	"Piazza Sonnino, 7
73040, Supersano (LE)"	1130		giacconiantonello	16 Aug 2020	Sermonti, Cimarosa e Bragadin e figli	gianpietro51@libero.it	Iolanda Scotti	O-	241
		TLRFLV82R23G922F	"Contrada Arsenio, 29 Appartamento 5
37026, Ospedaletto (VR)"	1968		ylussu	02 Nov 2021	Berengario-Federici s.r.l.	fabiastrangio@live.com	Mattia Trobbiani	AB-	57
Capoeirista	2008-05-04	51276390416	"Estação Vinicius Barros, 24
Santa Margarida
79579-422 Azevedo / AL"	2150		cardosojoao-miguel	2024/08/16	Cunha	da-rosastephany@uol.com.br	Mariah Nascimento	O-	112
Farm manager		BRNHGU21H49B349E	"Via Turci, 149
80041, Boscoreale (NA)"	2129		flora56	2025-01-29	Antonelli e figli	baccio63@alice.it	Rosalia Tartini	AB-	630
		16974238096	"Área de Aragão, 654
Vila Ipiranga
04307082 Pastor / RR"	1238		vinicius18	06/21/2025, 00:00:00	Vasconcelos S/A	jesusjuliana@gmail.com	Fernanda Costela	B+	165
		373-29-1059	"Thoralf-Dietz-Platz 8
85938 Marktheidenfeld"	970		linda62	23 Feb 2025	Putz GmbH & Co. KGaA	francescaschmiedt@gmail.com	Florentine Pergande	AB-	136
介護ヘルパー		707-89-9068	山梨県日野市千塚11丁目20番12号 戸山パーク234	514		miuramikako	2018-12-17	佐藤銀行有限会社	shoheihasegawa@hotmail.com	佐々木 花子	A-	376
	1970-08-09	116-72-6311	長野県長生郡白子町木立24丁目12番14号 シャルム富久町574	1699		takumamatsumoto	2021-11-01	有限会社山田電気	pyoshida@hotmail.com	加藤 春香	AB-	439
		799-08-7673	福井県富津市鍛冶ケ沢41丁目18番1号	2187		yosuke71	2022-11-06	有限会社村上農林	miturukondo@gmail.com	中村 篤司	A-	357
Ventríloquo	1973-03-24	25906314806	"Núcleo Davi Luiz Silveira, 55
Chácara Leonina
04010401 da Conceição / AP"	272		vsilva	26 Feb 2024	Pacheco e Filhos	ycunha@bol.com.br	Alice Sampaio	O+	584
	1951-04-23	027-43-5425	"Esther-Trub-Gasse 33
62523 Bersenbrück"	1067		zalbers	29 Apr 2022	Kruschwitz	steve33@yahoo.de	Ing. Hannchen Hornig MBA.	AB-	266
		BTTZRA81D04I479R	"Canale Nanni, 77 Piano 0
28100, Veveri (NO)"	438		pellegrino43	01 Nov 2023	Mannoia-Mercadante e figli	ctrentini@libero.it	Serafina Silvestri	O+	90
	1923-05-22	60231754817	"Sítio Silva, 44
Nossa Senhora De Fátima
23215-203 Nunes / DF"	268		cardosolorena	29 Jan 2020	da Mota	benjamimlopes@gmail.com	Vitor Machado	A+	83
Asphaltbauer	1910-07-30	903-46-4542	"Antonino-Boucsein-Weg 2/8
73898 Ravensburg"	2000		iwagenknecht	2022-05-26	Vollbrecht Matthäi GbR	ibenthin@yahoo.de	Clemens Holsten	B+	485
		872-72-8870	"Södingstraße 7/7
34104 Mühldorf am Inn"	1048		xdoerr	07/12/2024, 00:00:00	Trub	vanessa23@gmail.com	Gertrud Oestrovsky	AB+	531
Pescador	1980-06-04	46125389006	"Pátio de Nascimento, 98
Conjunto Califórnia I
19151-126 da Mata / SP"	47		campospaulo	10/03/2023, 00:00:00	Melo - ME	salesgabrielly@hotmail.com	Esther Porto	AB-	607
	2023-10-24	300-84-1988	栃木県横浜市泉区羽折町19丁目10番18号	714		rikatanaka	2024-11-26	佐藤銀行有限会社	mikiyoshida@gmail.com	田中 京助	B+	287
Immunologist	1981-02-26	033-70-5562	"57393 Mitchell Port
Port Todd, ID 18726"	1392		hluna	08/14/2021, 00:00:00	Hammond-Hanson	weaverbrian@yahoo.com	Donald Boyd	O-	334
	1945-08-05	811-67-2570	"Ritterring 8
61345 Jülich"	2162		guteyvonne	02 Feb 2024	Täsche AG	loeffleranke@yahoo.de	Prof. Elly Junken MBA.	AB-	645
	1981-06-28	383-65-1404	"Cordula-Wulff-Ring 52-82
20485 Wolfach"	1308		manuel31	2024-06-03	Lübs	violetta79@web.de	Adelheid Trubin-Stroh	B+	187
		130-37-1512	"Hannchen-Zorbach-Weg 76/84
57948 Soltau"	1613		darko42	2019/12/16	Mies	fedor41@hotmail.de	Ramon Wulff	O-	409
Techniker	2000-06-15	205-13-2294	"Wilma-Ortmann-Weg 423
49512 Badibling"	1182		eaustermuehle	20 Apr 2022	Tschentscher	berthaseip@web.de	Ryszard Nette	O-	702
	1945-09-18	43907251814		1405		borgeslara	20 Jun 2024	Casa Grande e Filhos	trocha@ig.com.br	Eloá Mendonça	A+	47
		011-36-5157		1976		ysato	2018-12-12	山崎印刷株式会社	ryamada@yahoo.com	佐藤 翔太	A+	539
	2014-07-03	495-55-7698	"9785 Ricky Drive
East Kathleen, RI 52616"	2008		joshuanguyen	10/09/2023, 00:00:00	Dawson-Conley	cjohnson@gmail.com	Micheal Perez	O-	572
	1948-05-18	617-41-2497	北海道長生郡長柄町外神田35丁目6番14号 西小来川シティ096	285		vsaito	02/01/2019, 00:00:00	森印刷株式会社	kmatsumoto@gmail.com	三浦 香織	A-	584
	1977-10-19	FLLMRT55R02H072O	"Rotonda Giulietta, 268
98139, Briga Marina (ME)"	742		rolandoviviani	2021-03-10	Volterra SPA	ruffinirosa@gmail.com	Enzo Parini	B+	85
	1973-09-11	40279136803	"Colônia de Mendes, 90
São Geraldo
16097928 Cunha do Amparo / BA"	280		leaomaria-fernanda	2021/09/09	Porto	faragao@yahoo.com.br	Ian da Mota	B+	675
Air traffic controller		LNESPH49L21B043N	"Canale Schiavone, 8 Appartamento 34
40100, Bologna (BO)"	385		annunziataveneziano	14 Oct 2018	Vergassola, Sgalambro e Camanni Group	ruggerococci@outlook.com	Virginia Chiappetta	AB-	445
		CSSLRN88E57A373Q	"Vicolo Aurora, 16
97019, Scoglitti (RG)"	2160		marcellaturrini	12/25/2024, 00:00:00	Vespa, Dulbecco e Santi e figli	pisaronililiana@libero.it	Luisa Fermi	A-	98
Location manager	1919-02-27	086-07-7037	"51137 Gibson Avenue
Port Roberto, MA 26987"	456		andrew71	2023-01-19	Webster-Greene	esmith@hotmail.com	Hannah Glass	A+	694
Winzer		669-94-6556	"Gerda-Nerger-Platz 48/74
76302 Neustadtner Waldnaab"	1842		gerhardtrenner	2021-05-19	Trub	kuhlwilhelmine@web.de	Gerda Mangold-Dörr	A+	699
	1965-05-08	81342905741	"Via de Costa, 85
Alta Tensão 1ª Seção
27689689 Alves Paulista / DF"	2157		ana-liz02	2025/01/04	Machado	maysamendonca@yahoo.com.br	Isabella da Conceição	A-	500
	2013-08-26	426-56-1826		1764		natalimartin	2019/05/20	Hartung Becker e.G.	tintzmannelke@yahoo.de	Univ.Prof. Wieslaw Fechner B.Sc.	AB-	389
Mechaniker	1926-09-02	842-80-0803	"Zänkerring 79
63084 Kamenz"	592		bheuser	2024-04-06	Gierschner Speer AG & Co. KG	albinabiggen@aol.de	Hans-Friedrich Renner	O-	470
		RGNGDU38H50C984P		296		mariazecchini	09/09/2024, 00:00:00	Renier, Monti e Foletti s.r.l.	filippo74@hotmail.com	Sante Carpaccio	O-	427
	1963-11-04	53806214735	"Aeroporto Correia
Calafate
33973-438 Nascimento / PI"	1932		cirinojose-miguel	2019/06/18	Novaes e Filhos	natalia72@gmail.com	Dr. Nathan Lopes	B+	53
	1952-09-26	869-85-1625	広島県横浜市中区富久町20丁目19番20号 白金アーバン174	514		ryamaguchi	02/23/2024, 00:00:00	佐藤食品合同会社	kazuya63@gmail.com	鈴木 涼平	O+	135
	1985-12-11	819-01-3211		27		ryosuke92	2023-04-07	株式会社伊藤運輸	nanamigoto@yahoo.com	林 裕美子	B-	302
		27906413822	"Fazenda Juliana Carvalho, 58
São Jorge 1ª Seção
14880989 Castro / ES"	102		oda-costa	2025-02-26	da Mata - EI	augustoalmeida@ig.com.br	Daniela Oliveira	B+	137
Television production assistant	1942-12-09	021-34-9558	"2715 Holt Island
Taylorhaven, VI 80210"	1747		robert66	08/06/2022, 00:00:00	Jenkins-Clark	cvega@hotmail.com	Julie Martinez	A-	556
	1980-09-02	05689247383	"Vale da Costa
Santa Sofia
10716-018 da Mota de Garcia / DF"	1264		tbarros	2023/05/10	Araújo e Filhos	gustavo23@hotmail.com	Bruno Brito	AB+	316
		951-99-3930		388		darkodippel	03/04/2024, 00:00:00	Kruschwitz Hamann e.G.	suse02@web.de	Siegmund Vollbrecht-Bonbach	A-	115
		745-33-9295	"Bertold-Seifert-Allee 3-8
47762 Stendal"	1467		swetlana10	08/21/2022, 00:00:00	Herrmann	arnulf95@googlemail.com	Heinz-Günter Wagner	A+	394
	1952-10-18	223-24-1877	"71082 Gonzales Crossroad Suite 475
Chamberschester, CO 65664"	1480		ali	2022-12-25	Lewis LLC	kklein@gmail.com	Gabrielle Figueroa	B-	34
		TSOGMR16E58L741Z	"Strada Folliero, 42
26033, Pieve Terzagni (CR)"	187		monica37	03 Apr 2022	Staglieno, Bruno e Mercantini Group	pomponio24@vodafone.it	Sig. Agostino Ossola	AB+	416
		158-50-8677	"9958 Brandon Parkways
Rodriguezside, OR 90036"	2189		ymeyers	24 May 2022	Velez LLC	mathewsmarilyn@gmail.com	Dawn Becker	A-	653
		074-15-4951	"Friedhilde-Kaul-Straße 7/7
70398 Mettmann"	663		rosalinde81	06/19/2022, 00:00:00	Hertrampf	werner18@googlemail.com	Ivonne Jockel	O-	275
Market researcher	1932-01-17	STRMRH77M02B239N	"Viale Raffaello, 715
39019, Tirol (BZ)"	1782		mozartsabatino	10/31/2024, 00:00:00	Scaramucci, Lovato e Piane Group	monetaetta@outlook.com	Uberto Puccini	A-	254
Arzt	2018-10-23	601-41-0487	"Johannplatz 6
27837 Groß-Gerau"	516		reisinginka	2024-10-28	Köster Pergande AG	astroh@gmail.com	Agata Mitschke B.A.	A-	352
		72934106896	"Aeroporto Josué Abreu
Mariano De Abreu
27021076 Nascimento Verde / PB"	1794		cassianoanthony-gabriel	31 May 2022	Sá	luisavargas@gmail.com	Dra. Clarice Leão	A+	331
		23654871909	"Conjunto Cardoso, 81
Conjunto Paulo Vi
82405766 Silva da Prata / RN"	1813		rafael06	04 Apr 2022	Cunha Dias S.A.	helenaalmeida@gmail.com	Maria Castro	O+	2
Gerente de vendas	1977-12-25	73805164939	"Área de Novaes, 90
Solar Do Barreiro
13140-685 Aragão / ES"	1585		casa-grandedavi-luiz	2023/09/30	Carvalho	bcasa-grande@bol.com.br	Ana Clara Andrade	O+	404
	2016-06-22	782-23-6139	福島県八丈島八丈町鍛冶ケ沢33丁目22番19号	528		ymurakami	10/14/2023, 00:00:00	後藤建設有限会社	yuki11@gmail.com	坂本 結衣	B+	455
	1948-02-17	644-02-5896	埼玉県板橋区氏家8丁目15番18号 丸の内ＪＰタワーシティ134	1511		vhashimoto	10/13/2018, 00:00:00	合同会社橋本情報	osamu84@hotmail.com	小林 知実	A-	19
		670-57-8462		1659		ryan20	07/06/2023, 00:00:00	Miller-Sanchez	lopezbill@hotmail.com	Justin Williams	AB-	646
		145-06-7425	"58254 Willis Expressway Apt. 051
Travisland, AS 54126"	707		claymichelle	2022/01/16	Rivera Group	jeremy94@gmail.com	Sarah Taylor	A-	458
	1927-05-31	095-34-4463	"4149 Paul Coves
Burtonport, ID 72065"	186		michelle13	04/16/2025, 00:00:00	Ward-Phillips	hughesbrian@hotmail.com	Paula Frederick	A+	450
	2018-03-10	577-92-8632	"579 Jill Gardens Apt. 523
Millsfurt, IA 73674"	1223		melissa50	2021/01/03	Anderson Ltd	underwoodmelissa@hotmail.com	Christopher Ortega	A+	305
		602-41-3081	"Nuray-Dörschner-Allee 63/13
57325 Greiz"	703		cwulff	2020/10/04	Schleich	zkrause@gmail.com	Attila Stahr	A+	686
	1923-12-18	TRCNDD20L06D315D	"Strada Nanni, 51
38043, Regnana (TN)"	891		atenulf06	30 Apr 2020	Vitturi-Petrocelli Group	annettacappelli@libero.it	Ferdinando Civaschi	AB-	631
Forstwirt	1917-01-03	963-83-3055	"Walterring 816
41656 Königs Wusterhausen"	1037		apostolos84	09/04/2023, 00:00:00	Eberth GmbH	mariuskrein@gmail.com	Univ.Prof. Ortwin Jessel MBA.	A+	512
Geologist, wellsite	2010-02-28	SGNPLM62D27G461D	"Borgo Flavio, 45 Piano 2
21014, Mombello (VA)"	406		bendrizzi	11/30/2018, 00:00:00	Argurio-Donà e figli	roccomarrone@libero.it	Tiziana Celentano	A+	402
Tecnólogo em negócios imobiliários		92806435765	"Fazenda de Cardoso, 774
Vila Paris
37254675 Nascimento de Oliveira / PI"	115		cavalcantemarina	21 Sep 2020	Correia Sales - ME	brayan42@gmail.com	Lara Pinto	O-	408
イラストレーター	1962-11-27	093-82-8018	静岡県武蔵村山市平河町16丁目1番9号	1296		xwatanabe	07/22/2022, 00:00:00	鈴木印刷合同会社	satomi24@hotmail.com	林 花子	B+	46
	1915-07-17	06749358292	"Travessa Mendonça, 9
Barão Homem De Melo 2ª Seção
11601-840 Pereira da Prata / SC"	465		rochaana-livia	2019-08-08	Aragão	jcavalcante@yahoo.com.br	Arthur Marques	A-	248
		41236897013	"Colônia de Cirino, 87
Vila Esplanada
58682370 Camargo / GO"	580		castromelina	2021/07/24	Rios - ME	pmonteiro@bol.com.br	Sra. Maria Júlia Viana	O-	326
		140-62-5110	高知県川崎市高津区三筋25丁目15番9号 アーバン富久町995	182		sishikawa	2025-07-08	田中建設株式会社	satonanami@yahoo.com	高橋 さゆり	A+	452
Beamter		301-53-6903	"Hesergasse 34-18
79934 Starnberg"	878		alenaklapp	04/27/2025, 00:00:00	Schönland Thanel GmbH & Co. KGaA	soereneberhardt@googlemail.com	Friedemann Hertrampf-Schottin	AB+	235
	1934-09-05	FRNGNZ91P53E504I	"Piazza Morpurgo, 35 Appartamento 22
90010, Lascari Scalo (PA)"	69		domenico60	04/27/2021, 00:00:00	Micheletti, Vigorelli e Lucciano s.r.l.	ornella11@fastwebnet.it	Sig.ra Concetta Cremonesi	B-	210
	1932-08-30	FRRBRT32H64A398M	"Contrada Cirillo, 79
98126, Messina (ME)"	603		cseddio	2022/07/28	Caetani, Errani e Saracino SPA	ccilea@libero.it	Gino Saraceno	AB-	148
		63721409507	"Aeroporto Sousa, 70
Outro
62127-655 Pimenta de Goiás / PB"	1466		nicolegomes	28 Nov 2022	Alves Cirino - ME	gael-henrique19@yahoo.com.br	Anthony Cunha	A-	570
		RRGCRI94D67G098S	"Strada Alessandro, 582 Appartamento 0
47018, Corniolo (FC)"	2100		novaroida	19 Dec 2018	Saragat, Peano e Fieramosca s.r.l.	lsgalambro@alice.it	Ornella Sagredo	A+	260
		53180476290	"Lago de Casa Grande, 95
Jardim São José
46823366 Gonçalves Paulista / SE"	1002		antonymontenegro	2024-03-17	Nascimento Ltda.	moraesfelipe@uol.com.br	Breno da Costa	A-	473
		LBNLTZ39R18M043N		702		jlamborghini	09 Jan 2019	Pellico-Abbagnale Group	belloenzo@tin.it	Carmelo Lussu	AB+	227
Fachinformatiker		429-90-6008	"Petra-Gute-Platz 58
67414 Nürtingen"	1874		jurij02	08/09/2019, 00:00:00	Gunpf	fritschkarl-hans@yahoo.de	Angela Oestrovsky	AB+	664
	1915-02-15	504-85-5899	"Adriane-Schmiedecke-Gasse 5/3
17047 Kaiserslautern"	503		steveheintze	2020-11-19	Hentschel GmbH & Co. KGaA	filiz34@hotmail.de	Ingeborg Koch	A-	428
		29850736429	"Praia Thiago Pacheco, 16
Gameleira
43802873 Alves / MA"	64		brenda56	06/12/2022, 00:00:00	da Conceição Cunha e Filhos	danilo24@hotmail.com	Emanuella Montenegro	B+	244
	1991-07-05	448-29-1889	"Henkallee 4
35330 Fürstenfeldbruck"	1445		truebconcetta	10/22/2021, 00:00:00	Textor	nhahn@googlemail.com	Ljudmila Klapp B.A.	A+	140
	1920-03-05	478-57-1341	"Löfflerstraße 0
30694 Pinneberg"	800		buchholzharry	12/23/2021, 00:00:00	Martin Warmer KG	qgorlitz@gmail.com	Sylwia Harloff	AB-	112
	1924-04-01	80459267167	"Estação Eloah Pires, 83
Aparecida
07173-059 Dias do Galho / MS"	1605		da-motatheo	27 Aug 2022	da Cunha	uabreu@hotmail.com	Anna Liz Almeida	AB-	137
		745-27-1016	"45379 Wilkerson Land
Allenton, PA 44962"	527		hernandezbarbara	01/02/2025, 00:00:00	Schwartz-Perry	wanderson@gmail.com	Robert Farrell	O-	315
Lecturer, further education	1922-02-15	209-34-2798	"PSC 1608, Box 8516
APO AP 46130"	382		mary73	22 Jun 2021	Walters-Fitzgerald	daniel74@yahoo.com	John Adams	AB-	427
		236-34-9831	福井県小平市氏家27丁目14番11号	1475		akemikato	12/29/2021, 00:00:00	有限会社橋本水産	fujiikazuya@yahoo.com	山本 太郎	A-	659
	2015-03-04	93057416225		1526		gomesbruna	2023-01-06	Sousa e Filhos	fernandesguilherme@ig.com.br	Dr. João Lucas Costela	AB+	399
	1922-12-14	650-38-6795		414		naotoyamaguchi	12 Jun 2021	株式会社松田鉱業	kobayashiryosuke@yahoo.com	後藤 陽子	A-	705
		311-92-6817	"Anna-Dobes-Platz 9212
39258 Rosenheim"	482		hertrampfralph	2018/12/23	Gehringer GmbH & Co. OHG	albin73@googlemail.com	Dipl.-Ing. Roberto Kambs B.A.	B+	287
介護ヘルパー		326-77-7175	山口県三宅島三宅村今戸37丁目25番1号	182		pabe	04/06/2023, 00:00:00	有限会社坂本ガス	yamadataro@hotmail.com	斎藤 七夏	AB+	226
	2010-05-07	194-96-4875	"681 Kennedy Crossroad Suite 000
Houstonborough, GU 36034"	1275		rodney18	2022/09/07	Jenkins, Shaffer and Blake	rlarsen@gmail.com	Christopher Howard	O+	192
	1992-12-15	502-66-1398		1408		maelzerbertha	2021/11/18	Wesack	herlinde14@gmx.de	Ing. Antonie Bärer	A-	635
	1938-05-09	482-48-0380	長野県西多摩郡奥多摩町松石13丁目14番1号 外神田コート712	807		mai92	2022/07/03	鈴木運輸株式会社	nakagawayoichi@hotmail.com	伊藤 浩	AB+	504
	1957-05-28	705-35-3485	"Annelies-Mende-Gasse 64
68481 Pirmasens"	784		drubinslavica	2021-06-09	Keudel Gorlitz AG & Co. KGaA	vivianekostolzin@aol.de	Hans-Karl Kruschwitz	B-	519
		26701895395	"Vereda Théo Barros, 6
Bom Jesus
73497-722 Siqueira / SC"	1121		anamendonca	2020-05-06	da Cunha Ltda.	znascimento@uol.com.br	Henry Gabriel Brito	AB-	506
	1944-07-12	LTRFRC74B52I169I	"Rotonda Condoleo, 9
33029, Trava (UD)"	1078		giorgia02	2021-04-13	Gentili SPA	severinolegnante@hotmail.com	Victoria Argan	AB+	203
		PSTSLS35A57F201Q	"Vicolo Augusto, 754 Piano 7
54026, Arpiola (MS)"	713		giustinoponti	2019-05-29	Borghese-Mantegazza Group	rginese@gmail.com	Romolo Baracca	B-	677
Systems developer		GCCLPN75H63B674D		811		annalisabrambilla	2020/08/18	Costanzi, Iacovelli e Tasso e figli	qcarducci@gmail.com	Patrizio Ferrara	A+	695
Copywriter, advertising	1970-09-19	PNMLSE11H09F384Z		1307		piergiuseppemonti	09/21/2020, 00:00:00	Segrè-Cammarata Group	vincenzo32@outlook.com	Teresa Grifeo-Ferrara	A+	13
Designer de jóia		98120463560	"Lago Fernandes, 52
Ambrosina
53535-447 Moraes do Oeste / DF"	1386		ana-ceciliajesus	2021-02-10	Fogaça	rsantos@yahoo.com.br	Thales Pereira	A+	274
	1964-07-19	15762834026		1868		gomesvitor-hugo	2019/06/26	Brito	zcamargo@yahoo.com.br	Emanuella Garcia	O-	437
		858-20-3860	埼玉県東久留米市小入8丁目6番6号 シャルム池之端295	995		hashimotoyosuke	07 Dec 2024	株式会社中島銀行	mituruishii@yahoo.com	鈴木 亮介	AB+	94
	1943-09-27	363-25-8865	"Vollbrechtgasse 858
34071 Melle"	96		isalz	2021/03/18	Schmidt Schmiedecke GbR	stiebitzernest@gmx.de	Bernhardine Jungfer	O+	702
	1979-12-01	TMSBGI60T60H723B		1258		oscuroorazio	2020-10-23	Montanelli Group	dossipompeo@virgilio.it	Rosalia Telesio-Flaiano	B-	678
	1958-11-30	710-89-3553	高知県八丈島八丈町津久戸町36丁目24番17号	1813		yoichiyamazaki	2024/12/29	山崎運輸合同会社	sasakichiyo@yahoo.com	渡辺 涼平	B-	642
		735-59-7003	栃木県多摩市五味ヶ谷36丁目14番18号 氏家新田コーポ354	7		ysato	2019/08/27	株式会社青木ガス	nkobayashi@gmail.com	松田 裕美子	AB+	680
Ausbaufacharbeiter	1920-07-14	470-82-5855	"Bruderstr. 96-22
80503 Bogen"	258		aseidel	09 Feb 2022	Kabus Wilms AG	klingelhoeferpirmin@hotmail.de	Slawomir Ruppert	O+	536
	1995-10-15	159-87-1354		2108		evansangela	2019-04-05	Ramos LLC	austin32@yahoo.com	Stephanie Gardner MD	AB+	501
	1925-09-09	CLLGBL06C03C517L	"Incrocio Vittoria, 53 Appartamento 4
47814, Bellaria Igea Marina (RN)"	1805		antoninotrezzini	2020/10/30	Palumbo, Ramazzotti e Vecoli e figli	adele54@tele2.it	Pompeo Benedetti-Satta	AB+	545
		BRTRNL00C27D459M	"Borgo Elisa, 2 Piano 1
28822, Cannobio (VB)"	213		mascheronialderano	2024-11-19	Draghi-Petrucci e figli	rcorbo@virgilio.it	Gian Pacelli	AB+	454
農家	1925-10-03	230-55-7226	鹿児島県神津島村中三依38丁目18番11号 脚折町アーバン469	1812		rika94	2020/08/31	合同会社岡田電気	fmaeda@hotmail.com	高橋 陽子	AB-	151
	1954-02-13	MDGSLS69M60F884K	"Contrada Caterina, 27 Appartamento 6
04017, San Felice Circeo (LT)"	998		simonetta49	2025-05-16	Lopresti e figli	paolo35@fastwebnet.it	Dott. Elena Giacometti	AB-	140
	1915-06-15	PROMRA22M09B772X	"Strada Ugo, 30
85017, Tolve (PZ)"	136		augustotoldo	2024-05-21	Serlupi, Callegari e Bettin SPA	valeriavecoli@tele2.it	Pierangelo Bova	A+	160
		049-59-8553	"315 Timothy Shoals
East Erin, HI 66645"	1891		wwu	2021-03-22	Jones-Sims	greenbilly@hotmail.com	Michael Barry	A-	597
		491-77-4320	"Loni-Steinberg-Straße 25
63386 Mellrichstadt"	837		rosalie01	02 Feb 2023	Neureuther	paulina75@aol.de	Korinna Wilmsen-Gude	A+	114
Gestor público		50917348648	"Feira Costela
Vila Boa Vista
53457056 Gonçalves / AL"	1658		pnovaes	2025-06-11	Peixoto - ME	msouza@ig.com.br	Paulo Jesus	B+	610
Elektroniker	1913-09-11	328-09-9865	"Thiesstraße 6
21514 Apolda"	1987		mohauptortwin	2025/05/18	Albers GmbH & Co. OHG	piotr00@yahoo.de	Hellmuth Bärer	A-	270
	1959-12-29	728-74-1023	"2432 Luis Landing Apt. 009
Alyssaberg, SD 48681"	1386		paul53	13 Sep 2023	Werner-West	howellcynthia@yahoo.com	Barbara Shelton	O-	325
	1912-01-12	626-94-1743	秋田県渋谷区無栗屋8丁目5番8号 細野シャルム570	683		hidekihayashi	02/20/2024, 00:00:00	中島運輸株式会社	naokokobayashi@yahoo.com	池田 里佳	B-	80
	1958-06-16	345-86-7712	"819 Brian Mountain Apt. 176
Hernandezstad, TN 93042"	68		eharris	05/06/2021, 00:00:00	Cantrell and Sons	teresa44@gmail.com	Anna Reese	O+	113
Altenpfleger		415-90-8215	"Mitschkering 2/4
01816 Schwabmünchen"	1161		august09	2021-07-01	Spieß AG	tabea18@aol.de	Wulf Pärtzelt-Austermühle	O-	247
モデル		455-28-1676	宮崎県香取郡多古町土呂部34丁目22番18号	9		takahashirei	12/19/2019, 00:00:00	合同会社加藤ガス	kana93@yahoo.com	阿部 明美	O+	425
Fachinformatiker	1963-01-09	897-35-5267	"Nikolai-Schacht-Ring 93/24
59836 Mallersdorf"	300		nliebelt	2019/04/23	Wulf Mosemann AG & Co. KGaA	emeyer@web.de	Marion Rosenow	AB+	474
		544-59-7788	神奈川県神津島村千塚13丁目24番6号	1898		shotayoshida	2021/11/25	株式会社近藤保険	sotaromurakami@gmail.com	鈴木 裕美子	O+	561
	1968-05-14	255-23-9935	"Ralf-Peter-Striebitz-Platz 98-12
04849 Stollberg"	2178		marianna52	16 Dec 2018	Otto Kuhl AG	mikhail26@gmail.com	Rosa Tintzmann	AB+	16
Panfleteiro	1971-05-22	40589123670	"Via Olivia Dias, 58
Virgínia
29342-460 Sales de Nascimento / PE"	169		tcamargo	03/30/2025, 00:00:00	Peixoto Ltda.	lunnada-paz@ig.com.br	Ian Monteiro	O-	39
	2004-07-05	NCHPRI37R43G454C		765		armandocoardi	2021/01/10	Antonacci-Pasqua e figli	pinavismara@tim.it	Edoardo Ziani	A+	433
Retail buyer		PVNGRN74B46H901J		1389		bbarbarigo	06/24/2019, 00:00:00	Filangieri, Lippomano e Marangoni s.r.l.	xpaolini@hotmail.it	Giampaolo Leonetti	O+	292
		69702415306	"Jardim Pimenta, 2
Apolonia
01863720 Almeida / RO"	1094		josue89	22 Aug 2025	Silveira - EI	ana-beatriz84@gmail.com	Maria Liz Nogueira	AB-	490
	1933-06-22	42173590804	"Trevo de da Costa, 27
Nova Vista
09555-023 Vasconcelos das Pedras / SP"	1149		rpeixoto	2022-10-09	Siqueira	catarinacardoso@gmail.com	Anthony Albuquerque	AB-	337
		330-75-6355		598		nkoester	30 Nov 2018	Junitz Drub GmbH & Co. OHG	cathleen12@gmail.com	Dr. Rigo Bien	AB+	28
		84627039131	"Núcleo de Sampaio, 6
Vila Aeroporto Jaraguá
63927592 Azevedo / DF"	1382		mariane25	04/24/2025, 00:00:00	Nunes S/A	ada-cunha@bol.com.br	Dra. Luana Guerra	A-	296
	1993-06-30	317-72-0656	宮崎県横浜市戸塚区津久戸町6丁目1番12号 皇居外苑パレス878	961		suzukirei	2018/11/16	株式会社中村運輸	htakahashi@hotmail.com	鈴木 加奈	A+	157
	1936-05-01	526-44-2900	"Rennergasse 169
33593 Saarbrücken"	1994		hanny19	2021-10-19	Jüttner Schlosser KG	dittmarbruder@aol.de	Liselotte Müller	A+	671
	1967-01-13	37846295047	"Chácara de Aparecida, 3
Santa Tereza
35282-040 da Cunha / PR"	2168		sampaiolorena	09/08/2019, 00:00:00	da Luz	leandro64@yahoo.com.br	Srta. Ana Sophia Gomes	AB-	579
	1967-02-16	064-96-0009	鳥取県山武郡芝山町九段南18丁目26番7号	145		shimizukaori	01 Feb 2019	合同会社岡本建設	aokitakuma@yahoo.com	前田 春香	O-	293
		518-46-0628	千葉県横浜市鶴見区氏家3丁目27番18号	1537		yamaguchimanabu	2023/03/21	小林銀行合同会社	tanakaakira@hotmail.com	田中 聡太郎	O-	443
	2023-01-24	MNLRSN82L14G993Z	"Via Monte, 37
36065, Casoni (VI)"	1373		borsieremartino	04/26/2024, 00:00:00	Casarin e figli	lercarigiorgio@virgilio.it	Ubaldo Morricone	AB+	348
		807-46-3603		2038		murakamiharuka	2025-02-24	渡辺電気株式会社	sotarosasaki@yahoo.com	林 桃子	O-	483
		844-27-7845	新潟県横浜市港北区芝浦4丁目5番4号 丹勢アーバン315	1900		fujitasayuri	12/09/2022, 00:00:00	高橋保険株式会社	harukakato@hotmail.com	青木 聡太郎	B+	703
Techniker	1986-07-28	037-06-7317	"Freudenbergerring 5-6
10618 Ravensburg"	1664		zdravkobiggen	2023-08-12	Jessel AG & Co. KG	yvonne13@hotmail.de	Reinhold Hövel	B+	278
Production assistant, radio		NTNMRN38C09G673M	"Canale Fabrizi, 283
82100, Benevento (BN)"	812		patriziomaggioli	02/15/2024, 00:00:00	Favata e figli	tgiannuzzi@libero.it	Amalia Guidotti	B-	685
	2025-08-15	CBBLFA60P59H736M		1034		cafarchiamarcello	16 Apr 2024	Antelami, Ungaretti e Leonardi e figli	leonevenditti@libero.it	Dott. Pier Abbagnale	AB+	590
	1950-08-31	354-01-5260		970		williamsphillip	08/12/2023, 00:00:00	White, Mccullough and Holden	johnjones@hotmail.com	Veronica Steele	A-	494
運転士	1965-09-14	687-02-9330	鳥取県富里市中小来川32丁目3番13号 クレスト戸島050	1034		fyoshida	2025/03/08	合同会社鈴木印刷	katomituru@yahoo.com	山田 拓真	O-	55
Binnenschiffer	2019-08-18	327-50-0891	"Leszek-Hörle-Platz 3964
82054 Helmstedt"	813		jacobelias	07/20/2021, 00:00:00	Mude Adolph KGaA	hans-uwe06@web.de	Gabriella Textor	B-	656
	1982-10-18	867-29-0968	熊本県中央区木立16丁目18番1号 コーポ無栗屋290	762		naoto73	2023/06/25	有限会社山田通信	haruka56@yahoo.com	鈴木 和也	AB+	44
Atleta de tiro com arco		14782605307	"Estação Caleb Sampaio, 989
Esplanada
00016-254 Montenegro da Praia / RJ"	366		luan35	2023/03/28	Sales	kevin27@ig.com.br	Kevin das Neves	A+	382
		333-15-7839	"71699 Dean Springs Suite 227
Lyonsstad, FL 69010"	1120		crystal38	2025-06-15	Ellis, Carter and Mann	rogerskim@hotmail.com	Christopher Lopez	O-	15
	1937-02-21	LNGNTN32P68H769E	"Borgo Melissa, 40 Piano 7
29026, Orezzoli (PC)"	1028		gfoscari	2020/03/30	Ferrazzi, Taccola e Orengo e figli	ferragnielena@libero.it	Jolanda Modugno	A-	140
Engineer, aeronautical	2017-01-28	SLRNCT94R25I551M	"Viale Marco, 8 Piano 4
83039, Serra (AV)"	587		farneseelladio	19 Aug 2020	Farina-Cuzzocrea s.r.l.	raimondo26@virgilio.it	Silvio Vismara	AB+	590
Printmaker	1926-05-02	741-60-0227	"12110 Rachel Rapids
Port Raymond, TX 29377"	629		scott90	2018/12/18	Raymond and Sons	aharris@gmail.com	Robin Lopez	A+	454
Retificador		82136475053	"Viela Enzo Gabriel Abreu, 86
Conjunto Floramar
18705-076 Pacheco de Goiás / TO"	2143		maria-ceciliafernandes	11/25/2020, 00:00:00	Martins	maysa45@gmail.com	João Lucas Pastor	AB-	665
	1993-03-08	57689013457	"Núcleo da Luz, 466
Madri
40450372 Santos do Oeste / DF"	2169		arthur22	2021/01/16	Garcia	aragaoana-laura@bol.com.br	Benicio Moreira	A-	639
Scientist, product/process development		763-48-9764	"0648 Armstrong Center
Tonimouth, RI 60093"	792		ashley76	01 Apr 2021	Webb-Osborne	edward61@gmail.com	Sarah Austin	AB-	77
Engineer, drilling	2020-11-01	MLPNNN98B66A527E	"Rotonda Leonardo, 1 Appartamento 0
72025, San Donaci (BR)"	1456		patrizio77	05/17/2019, 00:00:00	Coardi, Casalodi e Caffarelli s.r.l.	severino66@yahoo.com	Maurizio Mastroianni	A-	21
Transportador		91385602406		1362		raul63	2020-07-02	da Costa Mendes S/A	theo05@ig.com.br	Ana Beatriz Cavalcanti	AB-	506
	2000-05-13	71328940560	"Fazenda Maria Novaes, 61
Conjunto Paulo Vi
66714-048 Pimenta / TO"	2184		estherleao	2020/05/22	Ferreira Souza - ME	macedorafael@yahoo.com.br	Yan Nunes	AB+	572
	1966-06-08	400-01-3182	新潟県神津島村松浦町12丁目14番1号 シティ細野848	1540		ynakamura	05 Feb 2022	有限会社橋本保険	kumiko49@gmail.com	池田 翔太	O-	190
Profissional de tecnologia de laticínios		14532807662	"Jardim Marques, 30
Trevo
67252706 das Neves / BA"	1185		noah34	02/11/2022, 00:00:00	Dias e Filhos	manuelacasa-grande@uol.com.br	Lucca Lima	B-	16
		426-95-2615	"830 Walter Summit
Barrerashire, IA 88288"	1413		josephtorres	03/29/2024, 00:00:00	Townsend, Jones and Wilson	thomas12@yahoo.com	Christina Green	B-	184
		820-85-2497	奈良県清瀬市方京21丁目21番3号 パレス脚折985	1346		hiroshiyamamoto	28 Jan 2024	合同会社藤井建設	shoheitakahashi@hotmail.com	林 淳	AB+	395
		86427950185	"Viaduto de da Conceição
Vila União
41957007 Pacheco do Sul / ES"	1677		fda-rosa	2025/02/02	Campos Fogaça - ME	da-pazjose-miguel@bol.com.br	Enrico Pires	A-	448
Surveyor, hydrographic	1973-11-25	RMTMTT15E41B181C	"Vicolo Buonauro, 76 Appartamento 9
12019, Vernante (CN)"	1691		ruggierocatalano	19 Feb 2021	Raurica SPA	ludovicalovato@poste.it	Aurora Malenchini	O+	449
		312-20-1641	"458 Janice Forge Suite 068
New Jonathanshire, MT 62161"	1047		kshields	12 Sep 2023	Jones-Gallagher	kristinefields@gmail.com	Julia Clayton	O+	357
	1913-09-15	TRBGLI68T67A930E	"Contrada Giovanni, 543 Appartamento 26
63088, Montemonaco (AP)"	1381		luxardofranco	05/23/2020, 00:00:00	Dalla, Niggli e Montessori SPA	alessiabenussi@alice.it	Gianna Pacomio-Tomei	A-	586
	1988-09-09	634-29-8291	北海道香取市中三依39丁目23番1号	1072		ryohei08	2021/09/03	太田運輸合同会社	kyosuke94@hotmail.com	佐藤 修平	A+	605
		GRGMLE71P55F290W	"Borgo Giacconi, 5 Piano 0
88044, Marcellinara (CZ)"	1350		fiorucciroberta	2019/04/11	Greggio, Cantimori e Carosone SPA	gastonevillarosa@hotmail.com	Sophia Salieri	O-	586
Tecnólogo em automação industrial	1961-01-11	41597306207	"Condomínio de Sousa, 41
Satelite
39102519 Silva de Sá / GO"	1548		melodavi	10/19/2020, 00:00:00	Pacheco Ltda.	nmendonca@hotmail.com	Rodrigo Azevedo	AB-	325
		593-69-0504	佐賀県鎌ケ谷市大京町8丁目5番17号	1486		hiroshi40	02/28/2022, 00:00:00	有限会社長谷川保険	qtakahashi@gmail.com	木村 桃子	B-	230
Printmaker	1939-07-04	047-90-6355	"24132 Fitzgerald Parks
North Michaelport, MI 14706"	1718		pauldavis	04 May 2024	Cohen, Morgan and King	frostrobert@yahoo.com	Shawn Eaton	O-	379
	1991-10-02	06897514276		572		enzo-gabrielazevedo	28 Aug 2022	Aparecida - ME	alexandre92@bol.com.br	Yago Viana	AB+	113
Advice worker		BRDLRN37R68F701V	"Canale Severino, 470
57030, Pomonte (LI)"	1046		ramonanibali	04/18/2024, 00:00:00	Ruffini Group	atenulfferraris@hotmail.com	Jolanda Asmundo-Barcaccia	AB-	335
		89527640130	"Recanto de Cavalcanti, 63
Santa Rita
63973-854 Martins / MS"	1880		sousabenjamin	04/24/2024, 00:00:00	Azevedo S/A	hvieira@yahoo.com.br	Dra. Mirella Andrade	O+	90
		18203597602	"Aeroporto Thomas Azevedo
Esperança
84349-511 Teixeira da Prata / TO"	1745		ana-liviacampos	04/13/2025, 00:00:00	Cirino	danteviana@ig.com.br	Arthur Miguel Santos	B-	508
		CLLGLI58L14E919Q	"Via Chinnici, 914 Piano 3
02016, San Clemente Di Leonessa (RI)"	205		sante19	2019-04-29	Littizzetto s.r.l.	damianoverga@vodafone.it	Severino Lussu	A-	239
	1963-02-13	008-45-1103	埼玉県横浜市鶴見区西神田33丁目1番11号 細野パレス524	558		harukatakahashi	26 Apr 2025	佐藤情報有限会社	yuta80@hotmail.com	高橋 あすか	O+	255
Animator	1948-01-30	BRGCRT25R15F754Z	"Stretto Ziani, 91 Piano 7
27029, Vigevano (PV)"	1388		federigo47	2022-10-28	Bompiani, Barbarigo e Bergoglio Group	marcellomocenigo@vodafone.it	Dott. Giosuè Gaggini	O-	6
		886-40-7752	"Renate-Schomber-Allee 70
55105 Gütersloh"	175		wieslawsteckel	14 Oct 2019	Schmiedt Ullmann KG	albina51@hotmail.de	Frau Birgit Dietz	O+	37
		CNDBNT09R55C749P	"Stretto Nedda, 3
73017, Sannicola (LE)"	987		lodovicosibilia	14 Oct 2023	Gianetti e figli	cbellucci@virgilio.it	Dott. Luisa Paruta	A-	58
	1938-04-17	65371048901	"Esplanada Maria Laura Azevedo, 9
Manacas
83911-422 Duarte do Galho / SC"	571		kborges	2023/04/06	Lopes S/A	malmeida@uol.com.br	Luiz Otávio Vasconcelos	AB-	117
	1917-08-21	756-05-7857	"Annemarie-Hethur-Allee 638
42970 Geldern"	233		rolf-dieter07	26 Jul 2023	Klemt AG	catzler@googlemail.com	Artur Faust-Kraus	B+	143
		652-16-9028	"4141 Brady Meadows
Lindatown, PW 67303"	322		ericachandler	03 Aug 2020	Jones, Neal and Golden	floressally@hotmail.com	Stephanie Kelly	O+	623
Scientist, audiological	1929-11-19	267-30-3287	"49747 Morales Fork Apt. 553
Port Amberberg, FL 10242"	1904		isaacmays	2023/04/01	Lee, Johnson and Thompson	steventhomas@hotmail.com	Heather Morgan	A+	680
	1949-03-04	27508936159	"Chácara Caio Leão, 275
Etelvina Carneiro
64520600 Casa Grande / BA"	815		eduardosilva	06/20/2025, 00:00:00	Moreira Siqueira - ME	monteirolucca@uol.com.br	Henry Barbosa	B+	319
		011-37-7089		911		satotaro	07/29/2025, 00:00:00	鈴木通信合同会社	kobayashishota@hotmail.com	山田 香織	O-	416
		GRMVNN04R56A765R	"Contrada Beccaria, 7 Appartamento 5
58034, Castell'Azzara (GR)"	931		alderanopanzera	11/16/2021, 00:00:00	Ughi e figli	sofficibenito@gmail.com	Imelda Petrucelli	O+	44
		61950478300	"Quadra Ana Sophia Nogueira
Aparecida 7ª Seção
77267469 Fernandes / AL"	2143		marcelacarvalho	02/08/2021, 00:00:00	da Rosa Ltda.	maria-sophia36@bol.com.br	Alexia Correia	AB+	496
Elektroniker		852-66-7895	"Jungferstraße 8
49397 Stadtroda"	817		diana01	2020/04/06	Müller Mielcarek KGaA	karl-otto86@gmx.de	Sibel Berger	B-	200
		596-85-8534	"5355 Jennifer Course Apt. 991
Frankview, OK 99767"	629		ohowell	2024/09/06	Taylor, Blackwell and Bailey	rodriguezandrew@gmail.com	Emily Chen	O+	359
		50679813420	"Fazenda de Silva, 18
Paraíso
00240529 da Luz / SC"	507		aragaopaulo	03/08/2022, 00:00:00	Sampaio S.A.	da-motaheloisa@hotmail.com	Cauê Moreira	AB+	209
		744-74-5516		2138		koch-iibranka	2023-12-27	Rudolph	annelenelinke@googlemail.com	Cathrin Dörschner-Jopich	B+	466
Dialoguista		60178952303	"Pátio Vitor Gabriel da Cruz, 40
Rio Branco
74536133 Marques Paulista / MS"	531		maysa17	12 Nov 2024	Castro	carvalhoayla@hotmail.com	Oliver Novais	B-	697
Land	1944-11-07	PSQTTN69T57L711G	"Via Aldo, 94
05013, Castel Giorgio (TR)"	1322		federicosabatino	2021/05/18	Delle Group	andreottiamico@libero.it	Emilio Puglisi	A-	680
	1974-09-30	614-72-4635	"36291 Sims Meadow Apt. 877
North Thomas, WV 26439"	962		xdurham	2022-05-16	Zimmerman, Thomas and Higgins	ywilkerson@gmail.com	Kari Medina	A-	336
		74529618382		1365		nda-costa	08/05/2019, 00:00:00	Cirino	lizalbuquerque@gmail.com	Marcos Vinicius Dias	AB+	683
		646-91-8686	"Resi-Gehringer-Gasse 1
24519 Mühlhausen"	1801		hartunganto	04 Jun 2019	Beyer	dowerggretchen@hotmail.de	Erna Dowerg	B+	152
		52607839130	"Colônia Campos, 55
Itatiaia
97705-842 Pires de Sales / AL"	659		cecilia18	10/23/2021, 00:00:00	Cirino Alves Ltda.	tsales@yahoo.com.br	Valentim Nogueira	B+	17
Líder comunitário	2006-10-27	87635204190	"Rodovia de Cavalcante, 62
Milionario
12055705 da Costa / RN"	1628		oliviapinto	03 Feb 2021	Silveira e Filhos	pastoreloah@bol.com.br	Dante Silva	O+	674
	1963-12-15	52371860921	"Chácara da Mota, 353
Mangabeiras
75049-895 Nunes / MG"	703		leaoravy	13 Dec 2019	Aragão S.A.	ipastor@ig.com.br	Luigi Costa	AB-	385
	1936-04-10	FNZGRN49A23D786R		106		fuseligiacobbe	03/02/2019, 00:00:00	Pacillo e figli	lilla46@libero.it	Silvia Foconi	O+	303
Toxicologist		231-69-5728	"74494 Jodi Trail Apt. 976
New Elijah, NM 06943"	1947		jacob12	12/25/2024, 00:00:00	Davis Ltd	victoriahicks@yahoo.com	Henry Russell	A+	522
		312-24-2732		157		nyork	08/12/2019, 00:00:00	Turner, Bryant and Robinson	laurendurham@hotmail.com	Luis Schwartz	AB-	489
占い師	1992-01-31	298-80-4185	東京都横浜市戸塚区木立21丁目8番17号 蔵前コート521	931		yosuke59	11/22/2020, 00:00:00	合同会社伊藤電気	rgoto@gmail.com	斎藤 千代	O+	66
		212-59-3119	"USS Johnson
FPO AP 76811"	1942		tyronecolon	09/13/2021, 00:00:00	Steele and Sons	smcbride@hotmail.com	Debra Porter	AB+	230
裁判官		584-76-1195	島根県葛飾区戸島37丁目3番16号 権現堂アーバン319	906		wyamamoto	22 Mar 2025	山田通信合同会社	naotoinoue@hotmail.com	小林 浩	A+	110
	1971-08-11	37814906539	"Trevo Castro, 98
Bom Jesus
67646-161 da Cunha / PE"	2050		silveiraluan	07/06/2022, 00:00:00	Cirino	ramosnicole@gmail.com	Ana Luiza Pacheco	AB-	619
	1992-12-03	610-94-8494	"6771 Ortiz Pine
Port Matthew, IL 73358"	16		shermanalexander	2024-01-10	Brown LLC	hsparks@yahoo.com	Richard Pham PhD	O-	661
		552-63-0357	宮城県四街道市下吉羽32丁目27番13号 コート芝浦725	1232		okamotoyui	2024/06/04	長谷川水産株式会社	sotaro64@hotmail.com	伊藤 幹	O-	19
	2006-12-29	CLLCSN03D24C066P	"Incrocio Raffaellino, 57 Piano 7
06129, Prepo (PG)"	1077		arnulfo17	2023/08/23	Panzera SPA	piermariaguarato@hotmail.com	Greca Marsili	AB-	79
	1943-06-30	924-91-1626	"Lachmannstr. 757
86672 Pinneberg"	1691		foersterrainer	12/06/2021, 00:00:00	Stoll GmbH	groettnerchristopher@hotmail.de	Univ.Prof. Natalija Hellwig	AB+	360
	2023-03-25	16257803462	"Vale de Ferreira
Embaúbas
96111-808 Cavalcante / ES"	1530		lcassiano	2023/10/15	Azevedo da Cruz Ltda.	henrique96@yahoo.com.br	Beatriz Pimenta	A-	151
		065-28-2706	"298 Roberts Junctions Suite 784
West Vincent, CT 11101"	2037		dixonsteven	2025-04-11	King-Wilson	justincarey@gmail.com	Ashley Cochran	A+	696
Education officer, museum		199-68-1832	"8019 Rebecca Place
East Nicole, PA 69332"	1637		lcohen	12 May 2023	Carr-Jones	annawaller@hotmail.com	Kaitlyn Mcintyre	AB-	466
Mechaniker	1929-04-28	740-29-1486	"Attila-Löwer-Gasse 597
13293 Höxter"	282		kziegert	2024-02-14	Scheel Hesse GmbH & Co. KGaA	vhesse@googlemail.com	Hannelore Renner	B-	252
	1920-05-23	73820491678		1308		maria-sophiada-rocha	2020/06/19	da Costa Ltda.	correiabenjamin@ig.com.br	Melissa Fonseca	A-	608
	1993-06-04	730-99-5353	奈良県江東区西関宿30丁目18番18号	478		endohiroshi	2022/02/09	有限会社中島建設	mishikawa@hotmail.com	山田 修平	AB+	677
Therapist, art		264-01-8673	"243 Jesse Via
East Melissamouth, HI 73653"	1611		xscott	07 Mar 2019	Martin, Terry and Butler	kathleenmcintosh@yahoo.com	Paula Rogers	A-	702
	1912-10-26	300-68-4688	"6371 Alyssa Manors Apt. 463
Ronaldburgh, VA 52011"	66		gmccarty	2023-08-13	Figueroa LLC	nwatson@hotmail.com	Brandon Brown	O+	490
		MZZRBT89L71E053C	"Strada Sokolov, 896 Appartamento 33
33047, Remanzacco (UD)"	990		enricofilogamo	02/13/2024, 00:00:00	Nitti, Albertini e Marconi e figli	annettascarlatti@vodafone.it	Uberto Cannizzaro	AB+	481
		021-93-1223	"55614 Floyd Crossing
Simmonsborough, NV 54690"	806		stephentaylor	02 Apr 2025	Grant and Sons	vscott@yahoo.com	Amanda Taylor	A+	638
	1996-05-11	044-73-0716	"454 Larson Meadow
Elizabethport, AZ 34700"	407		dennis81	2024-11-22	Riley LLC	elizabethrivas@hotmail.com	Alan Hardy	O+	187
	2016-05-01	31042785988	"Sítio de Costela, 89
Embaúbas
02594-934 Ferreira / ES"	1846		antonella72	24 Jun 2024	Mendonça S.A.	ana-carolinaandrade@gmail.com	Maria Helena Pastor	O-	326
		041-55-4444	"Mudestraße 3/8
07291 Kamenz"	1208		sylvanaritter	12 Apr 2020	Steckel Kensy AG	herbert98@aol.de	Marco Seifert	B+	106
		727-33-9175	"Kostolzingasse 305
61578 Hohenmölsen"	770		dorishoerle	01/22/2021, 00:00:00	Buchholz GmbH	randolffliegner@gmx.de	Henni Döhn	B-	531
	1911-03-14	221-25-1281		26		yamamototakuma	03/17/2022, 00:00:00	合同会社木村印刷	asukasaito@hotmail.com	青木 舞	B-	266
	1941-04-16	003-45-3653	"Gertzallee 7-3
67310 Arnstadt"	1407		eetzler	12/31/2021, 00:00:00	Stroh	juttagierschner@hotmail.de	Steffi Bohnbach-Söding	O-	489
		35049826756	"Praia de Novaes, 51
Nova Granada
77997357 Jesus do Oeste / PI"	260		marquesalice	2019/05/10	Araújo S.A.	peixotoeloah@yahoo.com.br	Luiz Gustavo Gonçalves	B+	85
		898-35-0129	富山県府中市押上6丁目3番1号 押上シティ909	1099		qfukuda	03/11/2022, 00:00:00	有限会社前田情報	osamukobayashi@yahoo.com	小林 修平	AB-	347
		097-97-0741	東京都御蔵島村氏家新田32丁目10番13号 竜泉シティ903	28		xtakahashi	2021-12-14	有限会社佐々木運輸	ogawaryohei@yahoo.com	佐藤 聡太郎	O-	198
Serralheiro		38451096298	"Pátio de Fogaça, 10
São Jorge 2ª Seção
29029-104 da Rosa / PI"	1080		luiz-henriquepires	06/08/2023, 00:00:00	Azevedo	marina04@hotmail.com	Otávio Pastor	AB+	189
	1940-04-02	73829156030	"Trecho de Mendes, 58
Alípio De Melo
32574-627 Lima de Goiás / RR"	720		daniel02	07 Aug 2025	Pacheco	mpeixoto@bol.com.br	Léo da Mota	O+	57
Engineer, mining		RSTMCL17D66B232N		1541		aurora74	2022-06-28	Giannelli, Lupo e Ceci e figli	giacomozanazzo@live.com	Dott. Elvira Collodi	O+	269
	1996-11-21	26074319561	"Trevo de da Cruz, 57
Ouro Minas
31504318 da Luz / ES"	207		valentimpires	15 Feb 2024	Caldeira	carvalhodanilo@uol.com.br	Maria Flor Novaes	B-	441
Bankkaufmann	2018-05-15	640-97-9168	"Trommlerstraße 28
50248 Bad Langensalza"	1133		tlosekann	12/04/2020, 00:00:00	Haering	fklotz@yahoo.de	Thaddäus Wagenknecht MBA.	B+	62
	1975-01-09	695-35-0269		1210		andrewmunoz	03/06/2021, 00:00:00	Morgan PLC	joanna44@yahoo.com	Michael Travis	O-	666
		20943751888		932		amandanunes	2022/01/25	Marques	hda-rosa@hotmail.com	Zoe da Costa	AB+	633
	1927-03-16	560-07-8942		545		heidrichelke	2021-05-13	Christoph Mentzel KG	francakohl@web.de	Kemal Hesse	O-	96
		848-89-9830	"Seifertgasse 97-30
16932 Tübingen"	539		wgorlitz	2019-05-01	Nerger GmbH	ckramer@gmx.de	Dietmar Juncken	A-	657
Farm manager	1937-09-02	835-15-2127	"78888 Wilson Crossing
Lake Shanehaven, PW 75215"	694		abigailhill	2024-02-21	Hernandez, Jenkins and Hunt	asweeney@hotmail.com	Dennis Waters	O+	298
	1994-10-25	530-67-2054	"571 Cynthia River Apt. 351
East Anthonyfort, CA 75433"	975		briandavidson	2025-09-04	Drake Inc	elizabethfowler@yahoo.com	Briana Heath	A-	63
		NVIDMC41D52A657R	"Vicolo Adriano, 9 Appartamento 35
64034, Castiglione Messer Raimondo (TE)"	1686		zanazzoennio	2024-06-30	Morucci, Verdi e Maggioli s.r.l.	modiglianicaterina@gmail.com	Ottone Caboto	A+	326
小説家	1913-01-02	726-59-5844	岩手県国分寺市押上35丁目13番7号 シティ独鈷沢983	1754		habe	2018-12-07	伊藤通信有限会社	tarosuzuki@yahoo.com	中島 桃子	B-	249
		BRSLNI90H25I924F	"Stretto Mirco, 99 Appartamento 35
09035, Gonnosfanadiga (SU)"	154		zcianciolo	10/03/2024, 00:00:00	Marconi, Carriera e Cabibbo s.r.l.	isabattelli@hotmail.it	Tiziana Odescalchi-Bruno	A-	8
		18725064371	"Área Laís Rezende, 31
Santa Sofia
82952-805 Cirino de da Rosa / AM"	1490		igarcia	20 Dec 2019	Cavalcanti Fernandes - ME	anapimenta@uol.com.br	Oliver Pinto	B-	222
ウェディングプランナー		332-52-3456	千葉県横浜市金沢区筑土八幡町19丁目6番13号	1012		ttanaka	06 Oct 2019	有限会社斎藤農林	mikakosuzuki@yahoo.com	池田 舞	AB+	491
		LFNNGC80L07A427X	"Incrocio Melina, 8 Appartamento 6
37067, Salionze (VR)"	1380		gstrangio	2020-01-09	Gravina SPA	amedeo15@libero.it	Bettina Galiazzo	B+	500
Físico	1941-10-16	59027631425	"Morro Cassiano, 2
Serrano
04061-019 Brito / SE"	1012		kaiquepeixoto	2023-12-03	das Neves	joaquimaraujo@hotmail.com	Ana da Paz	A+	388
	2002-05-21	68901423570		321		mguerra	2024-03-14	Camargo - ME	costamaria-julia@bol.com.br	Luara Garcia	A+	245
	1945-09-14	444-33-9538	富山県四街道市元浅草19丁目17番15号 パーク土沢690	1899		hiroshi26	10/20/2020, 00:00:00	合同会社鈴木情報	xtanaka@hotmail.com	斎藤 千代	O-	411
		410-35-5198	"Warmerstr. 2
40660 Sangerhausen"	701		erol12	2023-11-21	Kraus	williamhuhn@hotmail.de	Ing. Hans Jürgen Seifert B.Eng.	AB-	34
	1919-05-08	132-69-2933	"2510 Virginia Plaza
Port Thomasside, OK 19475"	1179		lsims	06 Jun 2024	Gonzales, Reed and Schneider	panderson@yahoo.com	Jeremy Wright	A-	80
		751-10-3810	青森県中野区芝公園2丁目20番10号 パーク細野507	516		fnakamura	02/19/2023, 00:00:00	株式会社佐々木情報	nyamazaki@gmail.com	伊藤 充	O-	394
		871-19-3791		974		mstone	09/17/2020, 00:00:00	Beck-Ross	chaneylynn@yahoo.com	Robert Paul	AB+	419
Engenheiro ambiental		15407963884	"Quadra Pereira, 444
Primeiro De Maio
57947-086 Pereira / MS"	1152		nicolecassiano	2022-11-01	Borges da Rosa e Filhos	leaooliver@hotmail.com	Olivia Aparecida	B+	344
	1980-10-24	721-93-5691	"72179 Jack Unions Apt. 929
Youngland, DC 11056"	1		gina25	19 Oct 2020	Moreno-Roberts	mjones@gmail.com	David Smith	AB-	192
	1921-06-02	292-53-1967	"8731 Madden Square
Jessicaton, AK 18271"	1868		sarah34	12/06/2024, 00:00:00	Scott-Valdez	brett98@yahoo.com	Scott Moore	B+	78
Perfumista	1932-09-15	62178493050		1830		ribeiroisabelly	04/13/2021, 00:00:00	Lopes	caua73@yahoo.com.br	Davi Luiz Araújo	B+	633
Accountant, chartered certified		644-65-4276	"0251 Odonnell Forges Apt. 520
Terrifort, MD 04404"	1516		grichards	2020-01-03	French LLC	wardanthony@yahoo.com	Jay Silva	B-	653
	1970-04-15	RGRVRN89A15G947Z		1693		scialpielena	25 Mar 2021	Palazzo Group	tommaseomorena@outlook.com	Pierluigi Caboto	O-	79
	1964-03-28	19768503475	"Recanto Novaes, 33
Novo Aarão Reis
54809766 Correia de Minas / RS"	956		da-motaluiza	08/01/2024, 00:00:00	Fernandes S.A.	ipires@yahoo.com.br	Dra. Milena Ferreira	B-	122
		68432705900	"Fazenda Lorenzo Pastor, 66
Nova America
37938672 Albuquerque / RJ"	397		arthurcirino	2021/06/22	da Cunha	benjamim90@uol.com.br	Clara Rezende	AB+	603
		122-84-0205	"PSC 5200, Box 8044
APO AA 77272"	1657		david57	2019-09-15	Graves, Sanders and Adkins	erik17@hotmail.com	Daniel Arnold	O-	558
		FSCSMN82R54E959X	"Borgo Mercedes, 19
50023, Bottai (FI)"	30		francocicala	2018/10/13	Serraglio s.r.l.	joffredi@poste.it	Sig.ra Serafina Guarato	AB+	480
		754-54-5031	"Gröttnerring 4
57755 Oranienburg"	663		fgirschner	2020/12/21	Beier GmbH & Co. KG	smende@googlemail.com	Tibor Hande	O-	309
Fachinformatiker	1987-05-09	328-04-0985	"Sönke-Seifert-Platz 8-9
01168 Bad Brückenau"	774		steffihoevel	2019-04-07	Weitzel e.V.	xweller@googlemail.com	Raymund Gehringer	O-	566
	1955-03-01	17325908695		46		camposbenicio	08/05/2020, 00:00:00	Campos Ferreira - EI	barrosaylla@hotmail.com	Alícia Duarte	O-	27
漫画家		120-88-1448	福島県香取市土呂部42丁目11番19号	973		nyamaguchi	05/24/2021, 00:00:00	高橋建設株式会社	sayuri29@hotmail.com	長谷川 直樹	AB+	425
		867-92-0763	"Mitschkestraße 62-36
41302 Lüdinghausen"	1491		tjacobi-jaeckel	2021-03-14	Davids	sigmund25@yahoo.de	Dr. Eva Boucsein	O+	408
	1964-03-16	024-37-6207		2133		geoffreywilliams	2025-08-11	Melton, Compton and Moore	lisa93@yahoo.com	Jessica Thomas	AB+	73
	1999-08-04	96357048100	"Parque de da Conceição, 39
Santo André
01378-234 Cirino de Vieira / DF"	863		diogomachado	2019/12/12	Câmara Martins S.A.	lrodrigues@ig.com.br	Heloisa Oliveira	O-	635
	1955-08-14	24831579041	"Praça de Lopes, 744
Penha
49628-694 Pires / PR"	963		da-costajade	2020-08-06	Casa Grande - ME	mendesenzo@yahoo.com.br	Luiz Felipe Silveira	O+	621
	1911-11-30	583-22-7278	"15369 Jennifer Isle Apt. 529
Vanessaview, SC 63951"	1995		karinaevans	2024-01-29	Lewis and Sons	silvaeric@gmail.com	David Houston	AB-	332
救急救命士	1915-12-22	480-98-2199	北海道狛江市六番町32丁目8番5号 クレスト小入963	441		hanako08	2025-08-27	合同会社田中水産	maaya63@yahoo.com	村上 太一	O-	694
		616-85-1450	"Koch IIgasse 93-23
53020 Koblenz"	737		aysel12	24 Nov 2022	Hornich	speerbekir@gmail.com	Gerd Wesack	A-	450
	1987-09-26	281-19-6984	"478 Schaefer Haven Apt. 870
Markburgh, CO 10168"	575		upacheco	2019/07/02	White-Owen	iwalsh@gmail.com	Angela Garcia	O+	651
Construtor	1915-03-10	62813574937	"Rua Pedro Cunha, 10
Confisco
89262629 da Paz de Nascimento / AM"	1233		enzo-gabrielmendonca	08/31/2019, 00:00:00	Rezende	marinafonseca@uol.com.br	Miguel Pereira	A-	368
	1927-03-21	733-81-8730	"3522 Hodge Wall
East Markmouth, FM 34734"	2024		patricialiu	07/29/2024, 00:00:00	Casey Ltd	bakerashlee@gmail.com	Nicole Ball	O+	632
	2023-10-12	CSNMSM56P67E967Q	"Canale Goffredo, 18 Appartamento 76
38024, Peio (TN)"	393		mpanatta	2022-05-08	Branciforte Group	cugiafiamma@tele2.it	Antonella Bignami	A-	588
Mechaniker		109-88-8248	"Ehlertring 5/9
93751 Genthin"	1197		arthurkrause	10/28/2021, 00:00:00	Scheibe Hethur GbR	magritetzler@gmail.com	Süleyman Dietz MBA.	O-	9
	2004-01-23	798-58-5722	"Herbert-Jockel-Allee 30
00615 Greifswald"	900		nina39	29 Feb 2020	Butte	raisaloeffler@gmx.de	Gordon Trub	O+	57
Teacher, music	1963-09-09	175-87-3951	"538 Danielle Road Apt. 414
Floresland, NH 91037"	1755		frederickbarry	03/11/2025, 00:00:00	Taylor-Roberts	alex12@gmail.com	Michael Allison	B-	211
	1965-05-06	219-14-2319	"6401 Jon Square
Carlaberg, AR 55308"	797		jessicaanthony	05 Nov 2020	Mcconnell-Rodriguez	jbaker@gmail.com	Kimberly Terry	AB-	313
	1959-11-30	80127539603		1207		nicole63	09 Dec 2022	da Paz	raquelvieira@uol.com.br	Nina Cassiano	B-	351
	1987-07-14	854-94-0703	"18359 Fletcher Underpass Suite 003
West John, AL 26496"	362		tdelacruz	26 Dec 2023	Williams and Sons	alexispearson@gmail.com	Ashley Campbell	B-	674
	1999-07-08	866-68-3713	新潟県文京区神明内34丁目24番3号 シティ押上708	1511		rikakondo	2022/07/27	合同会社遠藤通信	minoruhayashi@gmail.com	中島 京助	B-	18
		SFFRMN91E45D433S	"Contrada Ludovico, 74 Appartamento 3
23813, Cortenova (LC)"	1921		sbinaghi	2020/05/31	Sonnino e figli	napoleoneponti@gmail.com	Benedetto Filzi	A-	619
	1943-10-21	453-13-6804	三重県横浜市泉区浅草33丁目25番6号 コート花川戸751	759		zmatsumoto	08/23/2025, 00:00:00	有限会社松田水産	suzukiryohei@hotmail.com	山本 里佳	B-	516
		110-66-0060	"Mariana-Bärer-Platz 8
41122 Perleberg"	1989		friedrich-karlpatberg	06 Mar 2021	Weimer GmbH & Co. KG	manja91@googlemail.com	Zdenka Pechel	O-	119
	1977-05-09	531-29-6333	"121 Fisher Street
Lake Miranda, OK 62640"	483		daviskathy	2022-04-14	Hickman, Kennedy and Maldonado	katiewarren@yahoo.com	Nicole Beck	AB+	527
	1969-10-26	667-24-9307	広島県長生郡長生村北青山4丁目4番2号 パレス前弥六464	2013		shotagoto	2020/06/23	有限会社鈴木銀行	isato@hotmail.com	池田 充	B-	173
	1911-02-15	660-52-3594	青森県武蔵村山市西小来川12丁目23番14号	1128		fujiiharuka	2024/03/26	株式会社西村食品	itokana@gmail.com	山田 健一	A+	396
	2019-11-24	523-88-1493	"13153 Jimmy Curve Apt. 594
South Brittany, MP 32181"	554		coxelizabeth	2019/03/28	Roman-Price	qramirez@gmail.com	Wesley Cox	A-	272
		788-65-5309	福井県小平市大京町33丁目25番12号	825		naoto50	2022-03-25	有限会社田中運輸	rsasaki@hotmail.com	橋本 七夏	O+	1
		RSSNTT69C16C308B	"Vicolo Gentileschi, 8
93015, Niscemi (CL)"	949		donatotogliatti	2022-03-29	Argento Group	leonardo69@outlook.com	Fernanda Merisi	AB+	600
Fachinformatiker		341-67-9098		1571		ruppersbergerstella	16 Mar 2023	Kramer	etzlerbrigitta@gmx.de	Hakan Weitzel-Junck	B+	465
	2013-11-22	561-91-3569	新潟県渋谷区外国府間12丁目15番13号 前弥六南町コーポ563	1078		hanakoyamaguchi	2023/06/12	有限会社阿部通信	akira20@gmail.com	中川 あすか	AB-	88
		BNTSTN39E15D707S		1040		gino66	05/05/2023, 00:00:00	Salieri s.r.l.	carmelotiepolo@fastwebnet.it	Olga Turchetta-Navarria	AB-	551
		372-38-4830	"Pölitzstr. 9-9
72331 Cottbus"	929		deimer	11 Oct 2021	Kobelt AG & Co. KGaA	dominik46@gmail.com	Friedhelm Kruschwitz-Schwital	AB-	473
		BJRNNI98E23B646K	"Via Aria, 46
36060, Fellette Di Romano D'Ezzellino (VI)"	2118		achille83	11/12/2019, 00:00:00	Deledda-Pacetti e figli	raimondigiampiero@poste.it	Gian Sforza-Donati	AB-	697
アナウンサー		602-36-9222		134		hideki43	06/08/2023, 00:00:00	林食品株式会社	ginoue@yahoo.com	井上 稔	AB+	687
Podiatrist	1917-12-19	MRSRNL12A05D007C		417		camiscionesebastiano	2020-03-15	Longhena, Peano e Gadda s.r.l.	montelilla@virgilio.it	Mariano Alboni	O+	287
	1990-11-04	343-33-7307		1937		heathervazquez	2024-03-30	Taylor, Perez and Cortez	robertbrown@yahoo.com	Amy Heath	A+	268
	1948-11-05	117-16-4644		570		gilbertjulie	10/01/2018, 00:00:00	Oconnell, Robinson and Foster	smithjames@gmail.com	Janet Castillo	B-	15
		079-62-6362	"Gerwin-Wulf-Allee 799
11048 Nauen"	447		rosmarieadler	03/08/2023, 00:00:00	Bauer	wkraus@gmail.com	Olga Schenk	A-	31
		58617429364	"Via Ana da Rocha, 9
Marilandia
64446-158 Castro / PA"	2140		ribeiropedro-miguel	2021-06-27	Viana	ian19@gmail.com	Dr. Anthony Gabriel Cunha	O-	673
		78132450671	"Feira Matheus Cardoso, 38
Conjunto Novo Dom Bosco
30073-930 Moura de Minas / PE"	1367		rezendeleticia	2019/01/13	Gomes	valentimfarias@hotmail.com	Mateus Aparecida	O+	630
		40689273592		24		ceciliacosta	11/20/2021, 00:00:00	Castro e Filhos	raquelmendonca@hotmail.com	Maria Liz Novais	AB-	151
Herpetologist	1985-09-29	410-40-0108		251		martinezlisa	2020-05-06	Anderson, Mclean and Martinez	omartinez@gmail.com	Sarah Gonzalez	O-	42
	1939-09-12	529-07-6248	岩手県横浜市中区花島31丁目4番18号	1746		maaya39	2022/08/05	株式会社岡本食品	inouehideki@gmail.com	近藤 康弘	AB+	101
	1998-12-29	032-32-3353		1966		reimerknappe	2020-06-29	Mans Stiftung & Co. KGaA	schoenlandpaulina@gmail.com	Dr. Mina Patberg	AB-	238
		BJRGFR85T53G260R	"Piazza Marcantonio, 164
28873, Calasca Castiglione (VB)"	2063		adelmocontrafatto	03/05/2024, 00:00:00	Orengo e figli	rpacomio@outlook.com	Mariano Borrani	A-	252
Arquivista		43021789650	"Trevo de Rocha, 78
Vila Suzana Primeira Seção
58380-641 Andrade de Costa / RN"	585		natalia48	2024/05/31	Aragão Moura S/A	maria-luiza29@gmail.com	Thales Pimenta	O+	637
		09561374820	"Recanto Theodoro Borges, 551
Vila Piratininga
46511-250 Marques / PR"	1167		valentina04	12/30/2020, 00:00:00	Ramos	cirinoisabella@ig.com.br	Daniela Barbosa	A+	576
	1925-01-27	423-51-3068	熊本県横浜市港北区無栗屋37丁目21番6号	349		satomiito	11 Aug 2022	合同会社遠藤情報	kobayashijun@hotmail.com	石井 翼	AB+	261
大学教授	1968-06-21	386-04-9185	奈良県横浜市栄区細野27丁目25番17号	891		xyoshida	2023-03-10	中村鉱業株式会社	qota@hotmail.com	吉田 翼	O-	128
		608-89-5528	島根県荒川区下吉羽29丁目16番2号 コーポ細竹680	1957		naotomatsumoto	15 Nov 2021	伊藤運輸有限会社	sasakiyoichi@yahoo.com	小林 浩	A-	42
	1928-12-24	245-15-5341	"Nelly-Förster-Allee 95-12
01367 Klötze"	831		jweihmann	07/30/2024, 00:00:00	Hein Schäfer AG & Co. KG	ucarsten@googlemail.com	Alexa Bachmann B.A.	AB-	102
	2012-06-29	621-83-9998	栃木県横浜市緑区浅草10丁目23番20号	1103		wsato	01/04/2019, 00:00:00	有限会社藤井農林	akirakimura@hotmail.com	山本 太一	O+	651
		380-43-3841		444		psuzuki	2020-09-02	加藤運輸株式会社	ryoheihayashi@yahoo.com	小林 結衣	O+	661
Editor		81032964570	"Condomínio Montenegro, 52
Vila Pilar
79670243 Barbosa de Santos / ES"	837		da-cunhagael	2019/06/01	Vieira - ME	saragao@bol.com.br	Isabelly Souza	A+	220
		VSPTTN06D24M347M	"Borgo Salvi, 2
47034, Selbagnone (FC)"	1375		antonettisalvi	12/06/2024, 00:00:00	Antelami-Fornaciari e figli	pizzettibarbara@live.com	Saverio Orlando	O+	263
	2015-02-07	450-87-4353	大分県匝瑳市神明内23丁目4番18号 シティ九段南046	1775		mituru94	2024-06-22	株式会社渡辺ガス	taichi53@gmail.com	田中 幹	B+	107
	1945-07-28	83742095188	"Colônia de Fonseca, 46
Carmo
23282275 Machado Verde / PI"	2059		emilly94	2019/03/05	Borges	rafaelnascimento@uol.com.br	Luara Pastor	A+	581
		GNTPRL50E57B014C	"Viale Enzio, 33
84075, Stio (SA)"	1772		temistocle08	06 Apr 2025	Lombardo, Galuppi e Gigli s.r.l.	vanessa39@tin.it	Nico Duse	A+	59
		BTTTLL98L56C312F		1155		eugeniacicala	16 Jan 2023	Palazzo e figli	danielelercari@vodafone.it	Vittoria Piovani	B-	166
	1926-03-06	760-20-8104	東京都大網白里市細竹18丁目1番5号	877		sotaromiura	12/28/2019, 00:00:00	有限会社中川食品	ryosuke73@gmail.com	山田 直子	O-	159
	2011-11-26	MGGFLV70A51D976I	"Rotonda Argan, 34 Piano 5
83035, Carpignano (AV)"	265		rosaliaopizzi	2022/03/18	Nugnes Group	romeocollodi@gmail.com	Mariana Priuli	AB-	664
Programmierer		472-47-5353		561		kenneth54	04 Dec 2020	Schwital GmbH	trappdiana@gmail.com	Magdalena Sauer	A+	585
		840-38-1846	"Rosenowallee 69/29
43797 Rudolstadt"	472		annedore57	2021-12-12	Trub	goetz12@yahoo.de	Herr Ekkehart Trubin B.Sc.	B-	686
		936-47-5521	"Paola-Kensy-Straße 17-86
33049 Wunsiedel"	1718		carstenstadelmann	2021-02-21	Süßebier Süßebier KG	buchholzrena@hotmail.de	Dr. Pasquale Zahn	AB-	593
	1978-12-15	612-08-1806	静岡県利島村外国府間16丁目14番18号	1036		hiroshi18	2020-08-03	前田鉱業有限会社	ksuzuki@hotmail.com	吉田 知実	A-	121
	1946-01-12	661-91-8745		1384		gkusch	08 Jul 2019	Tlustek OHG mbH	pechelmiguel@gmail.com	Frau Agata Döring B.A.	O+	278
	1936-06-06	799-91-4649	"Carolin-Pohl-Ring 82/40
79732 Hoyerswerda"	1548		ehrentraud35	05/11/2022, 00:00:00	Hendriks	verapergande@yahoo.de	Herr Eberhardt Bachmann	AB+	517
Biomédico		20158367480	"Setor Alves, 34
Santo André
07940-591 Castro / CE"	707		nmachado	2020/08/23	Barros Pinto Ltda.	rda-rocha@bol.com.br	Sr. Samuel da Mata	AB+	707
		81764032969		506		emanuel87	21 Nov 2022	da Cunha - ME	diego24@ig.com.br	Melissa Cavalcante	B+	599
お笑い芸人		385-57-0496	長野県横浜市磯子区北青山25丁目25番12号	1665		takumayamamoto	2022/02/24	山本情報合同会社	asukashimizu@hotmail.com	森 陽一	B-	6
	1945-12-12	887-85-1187	"Unit 5910 Box 3963
DPO AA 95745"	1578		csmith	2023/01/01	Castro, Munoz and Rosario	markconner@hotmail.com	Abigail Jackson	AB-	274
	1917-12-22	912-87-5177	"Birgitta-Bruder-Gasse 14
18814 Burg"	1040		ghande	11 May 2020	Pärtzelt	ernsthaase@hotmail.de	Univ.Prof. Pascale Fiebig B.Eng.	AB+	362
		183-06-5526	神奈川県山武郡横芝光町平河町36丁目3番4号 パーク外神田127	923		lsuzuki	20 Aug 2025	山口保険有限会社	yuki21@hotmail.com	小川 京助	O-	188
Restaurant manager, fast food	1917-10-09	276-40-7369	"07205 Davis Loop Suite 332
West Samantha, SC 47571"	1556		vcross	2023-10-16	Lewis Ltd	jason93@hotmail.com	Jessica Thomas	AB+	482
小説家	1994-06-09	520-85-5724	北海道青ヶ島村鶴ヶ丘5丁目24番14号 丹勢パーク443	386		suzukirika	18 May 2020	合同会社吉田保険	saitoyuta@gmail.com	小林 知実	A-	17
		028-30-8243	島根県横浜市都筑区千束35丁目9番11号 コーポ湯宮453	545		ikondo	2019/05/19	合同会社池田通信	osasaki@yahoo.com	松田 翔太	B-	216
Schornsteinfeger	1957-02-13	538-62-4093		2072		fischernathalie	2023/02/08	Bolander	dmeister@gmail.com	Ilija Söding-Matthäi	B-	514
	2000-05-25	203-07-5493	"071 Scott Expressway Suite 080
Deannahaven, MI 96815"	1222		fmiranda	05/14/2022, 00:00:00	Johnson, Ward and Curtis	bjimenez@yahoo.com	Daniel Andrews	AB-	432
	1991-01-11	388-76-4329	"van der Dussenweg 42/53
10388 Stendal"	1532		herrmann22	2020/12/05	Kitzmann	striebitzhans-hermann@aol.de	Valentine Ritter	B-	468
		633-56-0676	"3133 Henry Courts
East Lindaberg, MN 13772"	1485		vicki68	10/05/2018, 00:00:00	Larson Ltd	heathermoore@gmail.com	Elizabeth Frazier	AB+	140
Research scientist (life sciences)	1970-11-01	354-41-5161	"0030 Olivia Mission
Justinfort, DE 48038"	852		wsmith	2023/02/22	Pratt-Rivas	ashleycooper@yahoo.com	Jenny Caldwell	B+	477
		97182634031	"Viaduto de da Mota, 31
Barro Preto
71894-425 Pimenta / BA"	2104		mourathales	2019/01/13	Farias S/A	icasa-grande@yahoo.com.br	Augusto Brito	AB-	327
	1940-06-13	381-32-7358	"Walther-Girschner-Allee 51/20
83490 Stade"	1252		dobesedeltrud	2023/08/26	Gröttner	wilhelmschmidt@googlemail.com	Paulina Hoffmann	O+	272
		530-97-7692	北海道品川区上野公園9丁目25番7号 ハイツ四区町285	1026		maaya33	2023-03-11	近藤農林有限会社	tomoya80@gmail.com	山本 京助	O-	561
Operador de bombas	1977-07-04	43629017878	"Rua Martins, 539
Baleia
95439-308 Correia / RR"	1830		pedro-henrique31	08 Aug 2022	Albuquerque	camargothiago@uol.com.br	Dr. Matteo Campos	AB+	527
	2003-05-01	180-12-4505	宮崎県板橋区東浅草2丁目17番13号 脚折パレス188	1728		tomoya91	2022-03-22	中村保険有限会社	naoki63@gmail.com	加藤 太郎	B-	586
		FLPMCL94E16I025Z	"Canale Giampaolo, 2 Appartamento 4
20053, Rodano (MI)"	1118		angelinabertolucci	03 Aug 2019	Zanichelli-Travia Group	melaniagabba@gmail.com	Vincentio Berrè-Udinesi	A+	629
	1913-10-04	PCLLSE56D01G019N	"Via Modugno, 34 Appartamento 20
13883, Roppolo (BI)"	999		nnitto	07/05/2025, 00:00:00	Pagnotto, Berengario e Cicilia SPA	caccianemicoluigina@tim.it	Marissa Rossini	A-	497
	1983-02-03	74593801648	"Chácara de Camargo, 50
Silveira
78272-217 da Mata / AC"	1959		ramosyan	2024/02/02	Vargas	gcamargo@hotmail.com	Vitor Camargo	A+	685
		560-31-3511	奈良県川崎市幸区東神田27丁目24番6号 パレス白金台170	30		inouehanako	2021/04/04	有限会社西村食品	nanamiota@yahoo.com	橋本 知実	AB+	185
		125-24-8744	岩手県夷隅郡御宿町外神田26丁目24番15号 四番町コート427	1716		naokisasaki	2024/02/23	有限会社山本ガス	akiraokada@gmail.com	清水 七夏	AB-	79
		119-56-5713	"Brita-Seifert-Weg 2-9
09699 Tuttlingen"	2045		noacklisette	2024/06/18	Margraf	hauffermaike@gmx.de	Karin Textor-Röhricht	O+	128
		818-27-5558		877		hsuzuki	2025-07-14	株式会社鈴木銀行	ogawayuta@hotmail.com	清水 直人	O+	233
		397-39-2502		1915		ukrein	01/08/2022, 00:00:00	Nette	jolantastoll@googlemail.com	Dipl.-Ing. Volker Freudenberger B.Sc.	B-	407
		MRCBLD68H61I330J	"Via Gemito, 80
74011, Case Perrone (TA)"	1450		stefanofrescobaldi	2021/05/12	Trentini, Segni e Travaglio SPA	gagginiettore@libero.it	Gianna Soprano	B-	5
	1951-08-04	08672153995	"Setor Ferreira
Vila Aeroporto Jaraguá
09111182 Vargas / RR"	775		rpeixoto	2019-10-16	Fonseca Ltda.	isabelly93@uol.com.br	Dra. Mariah Jesus	O-	196
栄養士	1920-01-10	569-12-6124	静岡県稲城市細野20丁目9番10号 パレス方京546	1972		yosuketakahashi	28 Aug 2022	有限会社斎藤銀行	taichiyamazaki@gmail.com	鈴木 幹	O+	287
		CRSSYV47L02C917H	"Via Germana, 14 Piano 8
10142, Torino (TO)"	1028		corrado37	12/09/2024, 00:00:00	Odescalchi, Turati e Modugno s.r.l.	renzopriuli@tiscali.it	Dott. Griselda Tarchetti	B+	27
Bankkaufmann	1982-11-01	735-67-3910		861		heideloeffler	2019-11-18	Dippel	roggemelitta@aol.de	Herr Karlheinz Koch	AB-	418
		311-94-3503	"16363 Samuel Bridge Apt. 783
Carterstad, MN 78757"	2160		clinejustin	09 Mar 2020	Ellis, Smith and Ramirez	lhanna@yahoo.com	Katherine Garcia	AB+	684
Binnenschiffer		111-63-0191		1544		pascalschinke	2019-09-22	Blümel KGaA	erdoganscheel@hotmail.de	Dipl.-Ing. Raimund Hölzenbecher B.Eng.	A-	383
	1936-09-21	58214679001	"Viela Barbosa, 50
Buraco Quente
85836-017 Fonseca do Oeste / TO"	1050		freitaslaura	21 Jan 2020	Guerra	isadorapastor@hotmail.com	Luiza da Rosa	O-	567
		763-76-3485	"861 Rogers Knoll Apt. 724
Colemanland, MD 03082"	730		cannonrenee	02/03/2022, 00:00:00	Todd, Gonzalez and Lara	coffeykristen@yahoo.com	Virginia Taylor	O+	608
		CRDGSI03L59G873Y		659		virginia03	14 Feb 2020	Corradi, Callegaro e Galuppi s.r.l.	adelefagotto@hotmail.com	Dott. Sole Abate	A-	386
		433-76-9895	"Hans-Josef-Hornig-Weg 725
87777 Sternberg"	549		oseifert	09/02/2022, 00:00:00	Ritter	eleonore94@gmail.com	Greta Schulz-Scheel	AB-	517
		FLTBLS83L59E825V	"Piazza Gianvecchio, 6
33051, Belvedere (UD)"	1868		rsalandra	2019/08/07	Onisto, Guinizzelli e Lerner Group	elenainterminei@libero.it	Danilo Carfagna	B-	282
Dance movement psychotherapist		CNTSTL96M13D783H	"Vicolo Marenzio, 483
41052, Gainazzo (MO)"	922		cvalguarnera	2018/09/26	Gatto SPA	fortunata65@libero.it	Lina Manzoni	B+	551
Designer de interiores	1986-06-22	95628473065	"Distrito Costa, 63
São Lucas
43959483 Camargo / PB"	713		da-conceicaoguilherme	06/04/2024, 00:00:00	da Paz S.A.	pereirayan@gmail.com	Vitor da Paz	B+	289
Informatiker		152-06-6815	"Mesut-Nohlmans-Straße 0
98032 Hagenow"	2155		rosl99	2024-10-13	Kusch Heß OHG mbH	ekaterinalehmann@hotmail.de	Saskia Rädel	B+	479
		687-30-7969	香川県長生郡一宮町四番町32丁目23番20号 芝大門パレス967	969		byamaguchi	06/21/2023, 00:00:00	林電気合同会社	tomoyafujiwara@hotmail.com	前田 健一	B+	527
		442-77-6732	"594 Garrett Vista
South Davidland, AZ 58842"	500		christopher93	2024/08/13	Salinas, Smith and Stewart	jeremy60@gmail.com	Ryan Wiggins	A+	191
	1957-09-10	779-18-1855	三重県袖ケ浦市神明内25丁目2番1号	2127		asukahayashi	2021/06/20	鈴木印刷合同会社	hshimizu@hotmail.com	後藤 治	B+	207
		121-04-4829	"PSC 3738, Box 9811
APO AP 10758"	413		samantha48	2021/10/17	Barnett Inc	andrew30@yahoo.com	Clayton Harrington	O+	537
Geneticist, molecular	1940-03-02	GNTGNR48M68I262N	"Vicolo Lolita, 2 Piano 9
51035, Porciano (PT)"	757		tarantinivalerio	2021/05/20	Cuomo-Vendetti e figli	riccardo75@tim.it	Fabia Bellucci	O+	62
		52167430906	"Colônia Mendes, 60
Santa Lúcia
17534-547 Costa do Galho / PB"	1784		augustosilva	2020/07/24	Lopes S.A.	ryanmendonca@hotmail.com	Luiz Otávio Rodrigues	O+	25
		731-43-8463	"Briemerallee 9229
26409 Günzburg"	115		erdmute92	2021/09/01	Reising Albers e.V.	adrian30@gmail.com	Univ.Prof. Maurizio Winkler	A+	527
アニメーター		613-54-3502	愛媛県品川区蟇沼38丁目5番12号 ハイツ長間902	179		yukikobayashi	2019-09-20	井上鉱業株式会社	yyamamoto@hotmail.com	伊藤 直樹	A+	35
Mathematiker	1964-10-01	255-55-3084		445		junckgertrud	2024-10-12	Schäfer	kfritsch@hotmail.de	Ines Stumpf-Rörricht	B+	188
		514-07-9411	"John-Hartmann-Weg 58
39226 Niesky"	305		hannabeckmann	10/13/2019, 00:00:00	Hiller	austermuehlesara@hotmail.de	Raymund Klingelhöfer B.Sc.	O-	660
	1993-06-15	881-33-3715	"784 Wall Estate Apt. 778
Joshuaport, AR 29291"	1752		thomasschroeder	2024/09/28	Lee, Richard and Grant	harrelljonathan@yahoo.com	Gregory Banks	A-	506
Production designer, theatre/television/film	2011-08-06	402-25-3136	"2330 Tucker Trail Apt. 399
Kimberlyland, WV 38241"	1688		tinadavis	21 Jan 2024	Torres Inc	wthompson@hotmail.com	Teresa Lara	B+	588
	1909-12-05	476-97-3936	"17494 Rollins Junctions
Flynnshire, MS 56218"	1284		sandovaltimothy	2021-06-10	Davis PLC	jennifer60@hotmail.com	Michael Taylor	O-	222
		FCNRFL29M48A270O	"Borgo Guido, 67
40135, Bologna (BO)"	1336		grecaschiaparelli	02/05/2019, 00:00:00	Pietrangeli Group	romitialphons@live.com	Pierpaolo Grimani	AB+	611
	1927-06-08	TCCGNR11D52I647W	"Piazza Lara, 54
23014, Andalo Valtellino (SO)"	143		giacomettifabrizia	11/09/2022, 00:00:00	Gori, Finotto e Mannoia Group	tresoldifilippa@gmail.com	Agnolo Einaudi	A-	393
	1967-11-20	54276190894	"Trecho de Peixoto, 72
São Salvador
37306126 Montenegro do Sul / RS"	1967		vcunha	03/14/2025, 00:00:00	Rezende	laisabreu@yahoo.com.br	Srta. Mirella Rodrigues	A-	435
Quiropraxista	2005-05-06	61524839728	"Conjunto Bella Barbosa, 75
Vila Paris
51673-393 da Mota de Aparecida / AM"	1842		dpimenta	2024/08/19	Dias	da-cunhaleandro@bol.com.br	Natália Vasconcelos	AB+	140
	1913-02-19	066-50-8168	"Nergergasse 90/58
07685 Pinneberg"	28		henschelthies	2020-02-19	Davids KG	haraldjaehn@web.de	Hans-Erich Mies	O+	246
		960-20-1982	"Jonas-Mangold-Weg 2
92977 Büsingen am Hochrhein"	1583		hakanhartmann	2025-05-23	Neuschäfer Mülichen AG	aenneladeck@hotmail.de	Jessika Matthäi B.Sc.	B+	160
Hydrogeologist	1932-09-04	SGNLSN68E43A337O	"Strada Quasimodo, 95
23014, Delebio (SO)"	1720		ermenegildocamanni	2022-10-18	Guidotti, Camanni e Borgia SPA	agnolobalbi@poste.it	Vincenzo Caetani	AB-	285
	1914-05-05	883-65-8639	"Unit 9107 Box 8637
DPO AP 99750"	361		tuckeramanda	2021-03-25	Wiley, Johnson and Campbell	xbolton@yahoo.com	Michelle Brown	A+	172
Midwife	2009-10-06	135-36-7622	"PSC 3509, Box 7959
APO AE 34909"	551		uwatson	03 Feb 2020	Lawrence-Barrett	johnwhite@hotmail.com	Matthew Mitchell	A-	270
		306-86-5908	"Zimmergasse 22-41
66285 Gadebusch"	889		marthazaenker	12/28/2024, 00:00:00	Hentschel Mohaupt GmbH & Co. KGaA	steckelmechtild@googlemail.com	Renate Carsten	AB+	13
	1911-12-08	662-91-5025	"25539 Anthony Avenue
Bensonberg, MI 43229"	1147		andrewwilson	2018-12-11	Welch, Mendez and Hughes	huberabigail@hotmail.com	Ian Hill	B-	630
漫画家		037-60-7715	愛知県匝瑳市土沢21丁目20番14号	577		yutayamada	05 Sep 2020	石井通信合同会社	ptanaka@gmail.com	阿部 美加子	B-	641
Pilot		325-39-0195	"Curt-Trub-Straße 84
35905 Eisenhüttenstadt"	1907		guentherjunitz	2022/10/07	Röhricht AG & Co. OHG	schuchhardtphilippe@gmx.de	Ing. Ilona Loos B.Eng.	B-	354
		17498230550	"Fazenda de Marques, 96
Conjunto Paulo Vi
27924086 Cardoso de Câmara / PE"	647		snascimento	2023-02-08	Santos	nnovais@yahoo.com.br	Valentina Peixoto	A-	374
作曲家		600-78-5702	大阪府川崎市中原区神明内35丁目9番16号 浅草橋シャルム155	72		rkondo	2024/03/09	株式会社山下保険	gkondo@gmail.com	田中 翔太	O+	674
		CRRGLN73R44D255Q		384		lilianaballa	10/15/2021, 00:00:00	Antonacci-Duse SPA	boccaccioannibale@tele2.it	Sig. Piergiuseppe Vanvitelli	A-	521
Photographer	2024-01-22	807-42-7004	"1054 Bowen Land Apt. 789
Simpsonburgh, NC 29707"	739		vincent85	2024-09-30	Sanchez, Tucker and Hall	harmstrong@gmail.com	Emily Thomas	B-	581
	1938-02-13	LSAGRC62M30F574I	"Stretto Lombardo, 51 Appartamento 5
15061, Arquata Scrivia (AL)"	308		ettaantonello	03/10/2024, 00:00:00	Ziani SPA	pasqualtravia@virgilio.it	Calcedonio Trincavelli	B+	197
	1911-12-20	474-12-9863	"0935 Christina Crest Apt. 074
North Christinaton, IA 75320"	1949		emilyflynn	2019-12-04	Armstrong-Henson	czhang@gmail.com	Anita Brown MD	A+	440
	2024-05-15	97614053206	"Esplanada Jesus, 82
Petropolis
69020-392 Nunes / SP"	623		amanda76	10/25/2018, 00:00:00	Vargas S/A	eloateixeira@gmail.com	Dra. Alícia Melo	O+	675
裁判官	1918-02-01	141-01-6488	岡山県江東区渡辺2丁目19番20号 ハイツ油井993	820		katotaro	2024/01/21	株式会社小川水産	mikakoyamada@hotmail.com	伊藤 明美	O+	613
小説家	1969-03-28	799-09-8764	三重県横浜市保土ケ谷区白金台38丁目3番15号 シティ六番町528	1681		kmatsumoto	29 Dec 2019	有限会社伊藤建設	kaori59@yahoo.com	木村 健一	B+	89
		STFSSN79C29A497U	"Stretto Ettore, 71
02043, Montisola (RI)"	1316		carrierafranco	10/27/2023, 00:00:00	Poerio SPA	angiolellovito@libero.it	Victoria Lollobrigida	A-	266
	1974-04-27	412-84-3189		27		marksexton	2023/03/26	Lewis Ltd	plawrence@hotmail.com	Jennifer Benson	AB+	665
介護ヘルパー		563-59-0808	和歌山県練馬区五味ヶ谷28丁目5番16号 シティ北青山356	1684		jsaito	2019/02/09	有限会社鈴木食品	lwatanabe@yahoo.com	山本 翼	AB+	306
		TRNMLN53S02C616Q	"Stretto Praga, 652
51020, Piteglio (PT)"	261		cecilaura	08 Mar 2021	Satriani, Pedroni e Pedersoli SPA	pietrotrotta@tim.it	Livia Baroffio	O-	117
		110-84-0532	"59913 Black Terrace
Angelicatown, MP 95649"	1080		kmccarthy	2023-04-19	Collier Group	tamara37@gmail.com	Amber Campbell	A-	415
	2018-11-14	376-96-1317	"PSC 5630, Box 1519
APO AP 34050"	933		kharris	11 Feb 2022	Hughes, Cherry and Shea	matthewcraig@gmail.com	Kayla Reynolds	B+	90
Dramatherapist		272-23-4103	"78023 Montes Ramp
East Tanya, MD 72147"	26		mendezdebra	06/01/2020, 00:00:00	Miller Group	sfrank@yahoo.com	Drew Franklin	O+	99
		GTTPSL57B55F840X	"Contrada Barbara, 6 Appartamento 36
83100, Bellizzi Irpino (AV)"	459		mariomigliaccio	2020/08/04	Pelli-Gramsci e figli	franco95@alice.it	Donna Abate	B-	429
Chemical engineer	1925-07-31	159-90-8972	"715 Kelli Lodge
Keithhaven, NC 53328"	82		emiller	2021/08/25	White, Nixon and Ali	emily82@hotmail.com	Erin Green	O-	612
Mathematiker		322-42-0736	"Sölzerstraße 57
07772 Donaueschingen"	1927		matthaeibirgitt	2025-06-19	Wähner	staudelia@gmail.com	Marion Barth MBA.	O-	69
Reumatologista	1951-10-06	93651847209	"Campo Heloísa Cunha
Satelite
36441-198 Cavalcanti de Goiás / MT"	2080		maitesiqueira	03 Feb 2025	Sampaio Barros e Filhos	gabriela53@yahoo.com.br	Pedro Miguel Vargas	AB-	17
	1994-11-21	43652708180	"Área de Fernandes, 64
Olaria
08576-792 Cassiano dos Dourados / RR"	1597		dda-mata	2023-10-10	Silveira S/A	vsantos@yahoo.com.br	Brayan Rodrigues	B-	510
		874-60-2723	"Vlado-Ziegert-Platz 15
48234 Auerbach"	978		concettaliebelt	21 Nov 2023	Hartmann e.V.	yalbers@gmail.com	Frau Valerie Jüttner MBA.	AB-	21
Forstwirt		298-89-0623	"Christiana-Juncken-Platz 4772
94296 Burgdorf"	1234		sven09	2025-05-31	Hertrampf Wagner GbR	gerhardt68@aol.de	Alberto Dietz	O+	165
Asphaltbauer	2009-08-17	055-14-4748	"Pirmin-Schomber-Platz 55-63
07951 Eckernförde"	435		bohlandernicolas	01/28/2022, 00:00:00	Huhn KG	biancadussen-van@web.de	Dipl.-Ing. Aloisia Heydrich MBA.	B+	238
		589-65-6519	"1220 John Ferry
Villahaven, HI 51134"	1651		adamperez	06/12/2025, 00:00:00	Case, Mitchell and Moore	abrown@gmail.com	Brandon Hunt	O-	358
	1930-10-26	277-65-8932	"Misicherstraße 5/2
30196 Ribnitz-Damgarten"	74		anastasioseckbauer	2018/10/27	Jockel AG	kheintze@web.de	Matthäus Gnatz	AB+	93
	1970-09-07	024-01-5380	"Boucseinallee 60/40
79179 Gifhorn"	810		jan61	01/03/2021, 00:00:00	van der Dussen Nette AG	hans-georg92@yahoo.de	Dr. Ulf Klotz B.A.	O-	326
		555-52-5324	茨城県八街市日本堤24丁目10番3号 一ツ橋ハイツ484	390		yokoikeda	04/07/2023, 00:00:00	有限会社田中通信	shota73@gmail.com	西村 桃子	O+	521
Health visitor	1918-11-12	LMBMTT13B64I536O	"Borgo Olga, 19 Piano 4
36076, Rovegliana (VI)"	1074		lpacelli	2021/08/21	Nolcini, Bellucci e Migliaccio SPA	tinamantegazza@fastwebnet.it	Amico Mattarella	AB-	324
		27034896178	"Avenida Dom Gonçalves, 552
Cdi Jatoba
00636678 Cunha / PE"	877		omachado	12/13/2023, 00:00:00	da Rocha Casa Grande e Filhos	vitor-hugonogueira@bol.com.br	Olivia Montenegro	B-	678
	1909-11-17	557-26-3791	"Christos-Gröttner-Weg 53-61
79916 Neunburg vorm Wald"	585		gertraut04	2021/08/09	Trupp	pwieloch@hotmail.de	Dr. Carola Conradi B.Eng.	AB+	683
Engenheiro metalúrgico		94075263800		954		carlos-eduardo73	15 Jun 2024	Pereira	camaraalana@ig.com.br	Otávio Pinto	AB-	520
Chemikant	1910-08-07	147-09-7057	"Sevim-Dietz-Platz 9-2
49676 Mittweida"	2108		branka72	2025-05-31	Pechel	annegret45@gmx.de	Erdal Jähn B.Sc.	B+	35
Engineer, civil (consulting)	2009-05-27	061-49-2019	"41173 Katie Freeway Suite 607
New Madelinemouth, MP 46320"	816		brian11	13 Sep 2022	Brown-Payne	timothysalinas@hotmail.com	Julie Allen	B-	553
		SCRLDN55C66C627D		1409		eaporti	2019/05/16	Gibilisco e figli	daria78@alice.it	Dott. Coriolano Tebaldi	A-	48
		17350689268	"Morro de Ferreira, 27
Vila Pilar
72461-897 da Rocha de Borges / MA"	1792		gfogaca	2018/12/09	Andrade	carolineviana@hotmail.com	Emilly Fonseca	A-	595
	1993-08-22	26147583964		660		marinaborges	2024-07-05	Caldeira - ME	mariah48@uol.com.br	Sr. Guilherme Rezende	O+	585
	1930-05-25	60193548224		1651		tferreira	30 Sep 2018	Novaes Cardoso - EI	yfogaca@uol.com.br	Ana Liz Nascimento	O+	317
	2015-07-01	614-20-7268	"Patbergweg 6-5
77115 Säckingen"	238		reinhardgude	12/19/2021, 00:00:00	Rosenow OHG mbH	baereradele@gmail.com	Apollonia Scheuermann B.Sc.	A+	490
	1990-02-15	40186927576	"Viaduto Brito, 60
Barreiro
13425969 Vieira Paulista / RJ"	233		joaquimgoncalves	24 Nov 2022	Alves Carvalho e Filhos	pedro52@hotmail.com	Sr. Alexandre Sampaio	A+	286
Accommodation manager	2013-01-07	413-27-1773	"580 Lopez Pass
Lake Margarethaven, VI 24813"	1009		ambermccall	07 Jul 2024	Mills, Hernandez and Miller	karenthompson@gmail.com	Mr. Paul Riley	AB+	18
Advertising account planner	1995-10-21	LTTMRN26T28B294K	"Rotonda Dulbecco, 698 Piano 8
21054, Bergoro (VA)"	993		griseldapuccini	16 Feb 2025	Scalera-Visconti e figli	wangiolello@libero.it	Liberto Bottigliero	A+	559
		RSNPCC59T54B520F	"Via Gioacchino, 257
22028, San Fedele Intelvi (CO)"	470		wrosselli	05/22/2023, 00:00:00	Seddio, Caetani e Polani SPA	marenziouberto@libero.it	Melania Pugliese	O-	671
音楽家		363-78-2671	茨城県台東区月島28丁目21番6号 上野公園シティ793	1493		inouekyosuke	02/13/2024, 00:00:00	株式会社石井鉱業	otakaori@gmail.com	斎藤 加奈	O-	54
医師	1955-12-10	495-37-6189	大阪府東村山市東大和町30丁目13番16号	1336		chiyofujiwara	2020/01/26	株式会社斎藤情報	asuka95@gmail.com	松本 充	AB-	217
	2001-07-17	GTAPRI64A43I534A	"Incrocio Bertolucci, 73 Appartamento 29
89864, Panaia (VV)"	429		tamborinimaria	01/30/2019, 00:00:00	Finetti-Foconi SPA	serragliolaureano@gmail.com	Vito Carosone	A+	418
Cambista		85069371401		937		melissasa	2021-12-27	Santos	emanuella29@ig.com.br	Enzo Gomes	AB-	454
	1988-07-29	23619745846	"Chácara Mariah Gonçalves
Colégio Batista
58645538 Aragão da Serra / MA"	1779		ada-paz	2020/06/27	Cassiano Guerra S.A.	ucosta@uol.com.br	Henrique Cassiano	O+	549
		036-18-3766	"Meisterring 447
90979 Hansestadttralsund"	437		aysel13	11/18/2022, 00:00:00	Steinberg	annamarialehmann@web.de	Frau Emilie Hertrampf	B+	56
Trade union research officer	2003-04-09	PRPMNC16L10F280K	"Contrada Pedrazzini, 6
10054, Solomiac (TO)"	1531		vecoliromeo	16 Nov 2018	Nolcini, Montesano e Caruso Group	nicolettiottone@virgilio.it	Francesca Bodoni	O+	231
	1940-08-28	219-90-2785	"101 Holmes Bridge
Chelsealand, SD 83759"	622		delgadogary	2025/01/22	Taylor, Strong and Lewis	santosstephanie@yahoo.com	Molly Hardy	O+	202
	2025-08-07	201-01-2251	"Bergerring 8660
09093 Gelnhausen"	1256		hamannirmgard	2023-09-22	Wulf KGaA	frederic57@gmail.com	Dipl.-Ing. Anette Zimmer B.A.	A+	210
Juiz de direito	1915-02-08	58470126326		1703		dante07	27 Dec 2024	Nunes S.A.	cavalcantemilena@bol.com.br	Marcela Moreira	AB-	395
	1973-10-25	842-19-5368		579		jtextor	02 Sep 2022	Hartung	anastasiosbloch@aol.de	Dipl.-Ing. Siegbert Striebitz MBA.	B-	255
		45187629085	"Esplanada de Sampaio, 45
Vila Batik
33281-404 Nunes das Flores / AL"	1881		maya37	2021-09-21	Pimenta	aliciavargas@uol.com.br	Dra. Ana Correia	A+	228
Profissional de manutenção industrial		86392157409	"Praça Vitor Hugo Pereira, 877
Barão Homem De Melo 3ª Seção
63165993 Machado / BA"	1561		camaraluiz-miguel	09/13/2022, 00:00:00	Ferreira	jose-pedrocirino@yahoo.com.br	Ana Júlia Freitas	B-	97
	2015-10-30	199-52-7657	"Roggestr. 8-2
63435 Lübeck"	1850		mudelorenzo	16 Oct 2023	Gutknecht Caspar GmbH	leomeister@gmx.de	Folker Klapp	B-	209
		583-29-2028	愛知県足立区押上2丁目21番6号	1899		mmatsumoto	29 Mar 2021	藤井水産合同会社	momokosuzuki@hotmail.com	佐藤 結衣	B+	84
Production assistant, radio	1910-08-17	592-71-1822	"4697 Nguyen Loaf Apt. 146
Jodihaven, TX 03317"	785		hpatel	21 Mar 2019	Cunningham-Jackson	westtiffany@gmail.com	Steven Walls	B+	491
		119-56-3286		1792		aikeda	2024/01/17	株式会社阿部印刷	yasuhiro50@yahoo.com	鈴木 知実	O-	668
Pilot		669-13-6436	"Vitali-Löwer-Allee 42-20
10545 Bamberg"	1659		sbolzmann	05/10/2022, 00:00:00	Staude Striebitz e.V.	timmbeyer@hotmail.de	Dipl.-Ing. Hildburg Kramer	O-	406
Engineer, aeronautical	1916-02-19	490-49-1818		1691		erikagarcia	2024-04-29	Shepherd-Ruiz	mfoster@gmail.com	Lori Moore	AB-	579
Lutador de luta livre		70198243588	"Passarela de Silveira, 16
Saudade
57849-815 Garcia / RJ"	1067		xsilva	2019-12-31	Azevedo Aragão e Filhos	kamillyalves@gmail.com	Maria Vitória Guerra	O-	305
	2008-01-23	06824751901	"Fazenda Marques, 54
Jardim Atlântico
93641-788 Cavalcante / MA"	1496		juliana59	05/09/2025, 00:00:00	Rezende	tcunha@yahoo.com.br	Heloísa Brito	B+	149
	2016-11-03	513-05-6958	"Hans Jürgen-Weinhold-Allee 3-3
72706 Großenhain"	19		ovollbrecht	2021/01/01	Holsten Lindau Stiftung & Co. KGaA	schuchhardtstanislav@hotmail.de	Jörg Stahr	A+	460
Erzieher		591-04-2174	"Aumannallee 9-5
03079 Sangerhausen"	652		katy43	11/11/2022, 00:00:00	Etzold Putz Stiftung & Co. KGaA	stefanrosenow@googlemail.com	Lidia Drewes	O-	670
営業		220-02-3570		957		fujitayosuke	12/14/2020, 00:00:00	有限会社木村電気	jun59@hotmail.com	伊藤 千代	AB+	27
	1982-12-23	96281405749	"Estação Vasconcelos, 93
Horto Florestal
45933-929 Vasconcelos Verde / AC"	367		guilhermerodrigues	2023/02/07	Carvalho	paulo88@yahoo.com.br	Sra. Maria Fernanda Garcia	A+	399
		95760138448	"Trecho de Nogueira, 54
Maria Tereza
93235511 da Costa do Amparo / RJ"	815		evelynmelo	2025-03-19	Nogueira	carlos-eduardo23@uol.com.br	Maria Mendes	O-	33
	2011-06-23	563-72-1621	"Melita-Mans-Straße 2/5
97384 Gotha"	476		trubinaline	12 Aug 2022	Schönland	karl-august48@gmail.com	Petros Noack MBA.	B-	245
Graphic designer	2012-12-13	681-01-7946	"6891 Christopher Fields Suite 050
South Antoniostad, MN 44988"	2097		isingleton	2023-11-02	Savage Ltd	grossjames@yahoo.com	Sabrina Patterson	O-	624
Armed forces operational officer	1942-10-14	629-15-2738	"637 Debbie Lane
East Lisa, NC 73119"	1581		swansontyler	2022/01/04	Ryan-Morrow	rebeccacox@gmail.com	Jessica Williamson	B-	555
	1949-08-17	551-26-0663		1962		vrust	2020-10-24	Hettner GbR	jhermighausen@gmail.com	Edith Krause	A-	454
		634-88-8363	"785 Lara Passage Apt. 567
New Laurenview, MS 61862"	871		gavinrose	03 Aug 2021	Smith-Lopez	lawrencejames@hotmail.com	Phillip Robertson	B-	536
		161-84-4446	"8132 Steven Prairie
Beanland, ME 75461"	829		gcardenas	12/07/2021, 00:00:00	Coleman, Johnson and Mitchell	blevinsalexa@yahoo.com	Alexandria Clark	O+	42
Police officer	1944-07-26	TRCNSD90S65C446Q	"Incrocio Tonia, 923
09129, Cagliari (CA)"	1881		silvestrotamborini	06/10/2021, 00:00:00	Salieri e figli	azegliomarconi@gmail.com	Gloria Papafava	A-	396
	1984-04-03	706-69-8783	神奈川県横浜市磯子区元浅草41丁目9番12号 シャルム浅草橋576	562		nanamiito	2019/10/06	中村食品株式会社	yumikohashimoto@hotmail.com	坂本 七夏	O+	20
Patent examiner	1966-06-25	670-49-2754	"77090 Lindsey Freeway
Kirkmouth, AR 39182"	1674		samantha42	2019-12-19	Townsend-Williams	timothy82@hotmail.com	Matthew Smith	AB+	469
Architectural technologist	2020-12-27	LBLLCZ14S07C476M	"Vicolo Emanuelli, 1
14046, Mombaruzzo (AT)"	1722		celentanogemma	14 Jul 2020	Casellati, Ariasso e Montalti e figli	costanzo55@gmail.com	Elmo Polesel-Iacovelli	AB+	352
	1916-12-27	075-22-7620	"86867 Franklin Isle Apt. 371
Jacquelineborough, MN 94432"	1105		gwilson	2022/11/12	Reyes-Griffin	dpena@yahoo.com	Michael Mcgee	O-	521
		173-11-1486	宮城県長生郡一宮町東上野17丁目5番6号	722		takuma03	2023/06/10	有限会社山本電気	yoichiinoue@yahoo.com	坂本 結衣	A-	574
	1991-06-13	416-23-1259	"3138 Shannon Knolls
Lake Donaldview, NH 06459"	683		kanehunter	2024-07-20	Brown-Brandt	carlos78@hotmail.com	Craig Rivera	A-	376
		995-57-4355	"Heinz-Peter-Henck-Ring 7-6
62870 Reutlingen"	144		stilla54	28 Dec 2020	Bauer Stroh OHG mbH	zpaertzelt@gmail.com	Ryszard Trommler	O-	540
Designer	1989-05-24	876-41-3357	"Claudio-Schwital-Ring 9/3
23543 Miltenberg"	765		losekannilse	25 Nov 2019	Scholl AG	kristin47@gmx.de	Hartwig Wohlgemut	A-	413
		CHCGRC17S01G504C		1206		ggrisoni	22 Jul 2020	Tuzzolino, Tassoni e Gramsci SPA	romolobernetti@gmail.com	Dolores Soprano	A-	76
	2009-05-20	19364850289	"Fazenda de Caldeira, 196
Santo Agostinho
58635-417 Aragão de Vieira / PE"	288		jesusaugusto	2019/10/03	Sales - ME	heloisa47@gmail.com	Ian Fonseca	A-	660
		235-73-3671	"Birthe-Schuchhardt-Allee 6
20173 Dinslaken"	1476		ringsylvester	2022/01/27	Schottin Stiftung & Co. KGaA	conradibertha@gmail.com	Univ.Prof. Danica Nette	O-	57
	1999-09-13	PLTMRA33S48G114F		1051		milanesiloretta	04/07/2020, 00:00:00	Barcaccia s.r.l.	arnaldo54@hotmail.com	Sig.ra Nicoletta Gonzaga	AB+	481
	1950-11-20	886-28-0492		1356		kumikosato	2024/03/09	山田銀行株式会社	ksato@gmail.com	青木 千代	B+	221
Diplomatic Services operational officer	2017-10-18	GGGFLV89B27L404M		1924		hturci	28 Nov 2023	Baroffio s.r.l.	giuseppeminiati@libero.it	Nedda Puglisi	O+	90
	1993-11-15	87495326000	"Avenida Aragão, 306
Itapoa
83086854 Carvalho / RO"	1853		maria-luisada-costa	08/28/2025, 00:00:00	Aparecida	piresluiz-fernando@bol.com.br	Henry Silveira	AB+	130
		69273541828	"Morro Abreu, 24
Conjunto Paulo Vi
73721-849 Cassiano / TO"	52		maria-luizabarros	2024-03-13	Teixeira	pastormatteo@yahoo.com.br	Heitor Rocha	A-	169
	2020-03-22	GGLCSN98E52L230Q	"Viale Ermes, 98 Piano 6
03048, Sant'Apollinare (FR)"	752		ottinofiorino	2023/10/20	Malipiero-Cardano SPA	ibondumier@tele2.it	Sig. Martino Seddio	O+	580
	1939-10-17	MNGTTN97T16L810A	"Incrocio Pierangelo, 88
81041, Bellona (CE)"	1883		farinaoreste	12/27/2021, 00:00:00	Monduzzi s.r.l.	imeldababato@tin.it	Dott. Pierangelo Strangio	O-	524
	1917-10-24	834-80-8300	"5999 Rachael Neck
North Reneebury, VI 38442"	1764		xward	04/17/2020, 00:00:00	Carter Ltd	kweber@gmail.com	Jesse Cooper	B-	563
Aeronautical engineer	1975-06-30	SPLCRL08L18L819H		630		guicciardinienrico	2020-01-17	Omma-Garibaldi SPA	nborghese@outlook.com	Ivo Pertile-Malacarne	AB-	444
	1920-03-03	25196387021	"Setor Clarice Cirino, 1
Aeroporto
93990-981 da Paz / MS"	961		upinto	2019-06-10	da Costa S/A	bcirino@bol.com.br	Maria Clara Guerra	O-	589
	1923-12-06	523-25-5121	"Gerhild-Henck-Weg 9474
22142 Bruchsal"	1125		zahnlissi	12/31/2020, 00:00:00	Holzapfel	sinaida90@yahoo.de	Lutz Boucsein-Wende	O-	445
	1964-05-17	04196752306	"Aeroporto de Mendes
Vila Suzana Segunda Seção
77536524 Moraes / PR"	582		avargas	15 May 2019	Machado	portoluigi@ig.com.br	João Lucas Moraes	A+	627
Pilot	1993-01-30	580-41-6966	"Hermine-Heinz-Ring 90-29
69020 Wunsiedel"	1849		gerlachmarlis	2021-03-21	Trubin Hahn GmbH	putzhanny@aol.de	Peter-Michael Rohleder	O-	491
	2008-02-09	134-93-2488	"563 Jose Corner Suite 309
North Nathan, IL 13879"	1548		xtaylor	2022-05-30	Lopez Group	matthewzavala@gmail.com	Shannon Jones	O-	324
		806-23-6969		927		watanabesayuri	2020-06-10	長谷川食品有限会社	nogawa@hotmail.com	吉田 幹	B-	669
		118-86-1777	"Drewesallee 21/32
49492 Duderstadt"	1470		meimer	05/13/2023, 00:00:00	Barkholz Bohnbach Stiftung & Co. KG	sagervictor@hotmail.de	Adriana Etzold	A+	625
		233-31-6779		1231		david67	15 Mar 2019	Howard-Jenkins	juliemartinez@yahoo.com	Phyllis Lowery	AB+	612
		BZZRMR57A63A557N	"Rotonda Margherita, 82
83059, Vallata (AV)"	756		lgonzaga	01/17/2025, 00:00:00	Duodo-Segrè s.r.l.	simonetta02@poste.it	Agostino Falier-Legnante	B+	73
	1926-03-20	09541683215	"Lagoa de Nogueira, 68
Vila São Gabriel
01960086 da Paz de Goiás / PR"	1159		arthur-gabriel39	2021-02-11	Moura S/A	luizasantos@gmail.com	Stella Gonçalves	O-	622
Social worker	1964-09-16	RCCLDC14T66B154L	"Viale Valentina, 43
26030, Gabbioneta (CR)"	2173		gioachinopizzo	03/20/2024, 00:00:00	Monaco, Maspero e Viviani s.r.l.	danielesaragat@tiscali.it	Nicola Montecchi	A+	136
	1921-03-19	414-07-0783	沖縄県四街道市無栗屋38丁目27番19号 シティ押上785	1333		isuzuki	2019-02-09	伊藤鉱業株式会社	bhasegawa@hotmail.com	鈴木 晃	AB-	76
	1986-04-07	61284970558	"Passarela Lara da Rocha, 82
Santa Maria
51355733 Silva / PR"	1735		freitasmaria-luisa	2024/08/12	Farias	ccirino@ig.com.br	Yago Pereira	O-	362
Land	1944-08-18	058-07-4752	"59855 Mary Route Suite 447
North Mark, GA 71569"	376		grojas	22 Jan 2025	Johnston, Bullock and Kim	scarroll@yahoo.com	Sandra Peterson	A+	324
		CMSRAI35P23I522D	"Canale Alessandro, 56
06030, Bastardo (PG)"	402		biagio71	26 Jul 2021	Liverotti Group	enzo61@hotmail.com	Ida Bertolucci	O-	294
		352-67-2512		1745		cyamamoto	2019/07/03	株式会社鈴木通信	hanakohayashi@yahoo.com	木村 舞	B+	341
		16978503240	"Passarela Sousa, 90
Alto Barroca
21389352 Moreira de da Mata / MA"	1685		cavalcantiyuri	07/02/2019, 00:00:00	Sales S.A.	pteixeira@gmail.com	Henry Pimenta	O+	147
		56327984029	"Viaduto Dante Abreu, 557
Barão Homem De Melo 1ª Seção
81496696 Azevedo de Siqueira / SC"	920		mateus07	09/02/2021, 00:00:00	Lima	lizsousa@ig.com.br	Liam da Costa	AB+	436
Scientist, clinical (histocompatibility and immunogenetics)		047-95-1596	"97132 Bob Ranch
Port Joseph, AS 46237"	1801		michaelmunoz	21 Aug 2022	Henry, Freeman and Diaz	yrobbins@gmail.com	Doris Spears	B-	171
	1932-06-07	311-27-4358	"8690 Johnny Bypass Apt. 999
North Abigailfurt, TX 12950"	1121		tevans	2021/12/29	Mcbride LLC	foleyjillian@hotmail.com	Christina Martinez	B+	116
	1916-08-05	28105639424	"Quadra Valentim Farias, 95
Vista Do Sol
91106644 Silva / MT"	1066		gustavo-henriquemacedo	01/07/2023, 00:00:00	Sampaio	luana66@hotmail.com	Yuri Gonçalves	A+	313
Corretor da bolsa de valores	2014-12-27	93276410869	"Campo Bruno Lima, 44
Conjunto Califórnia I
63491006 Fonseca / SC"	1313		eduarda99	2021-10-15	Pereira e Filhos	hcardoso@gmail.com	André Cardoso	O-	690
		03621854762	"Jardim de Rezende, 7
Jardim Do Vale
93739437 Vasconcelos de Sousa / PA"	1509		otavio80	07/04/2021, 00:00:00	Alves - EI	maria-cecilia33@bol.com.br	Juan Rodrigues	AB-	609
		766-11-8816	"832 Lisa Spurs
West Laurie, NE 49200"	500		anthonyzavala	2020/08/02	Hernandez-Jensen	tonyafrancis@gmail.com	Laura Marquez	A+	151
Therapist, drama		RCCPNL34L57D785J	"Borgo Antonelli, 4
09024, Villagreca (CA)"	1533		amleto13	03/13/2025, 00:00:00	Mascheroni, Bixio e Emo e figli	vdulbecco@yahoo.com	Sig.ra Irma Barzini	A-	584
演歌歌手		201-91-8276	秋田県稲城市松浦町7丁目22番9号 入谷シャルム450	1936		ntakahashi	03/19/2025, 00:00:00	株式会社井上運輸	hanakokato@yahoo.com	三浦 真綾	B+	22
		295-34-8285	"546 Sparks Greens
North Laurenborough, VI 29673"	425		carl78	09/15/2022, 00:00:00	Shepard-Smith	keith63@gmail.com	Mary Johnson	A-	485
	1954-08-02	434-60-0647	山形県大網白里市戸島26丁目18番20号 パーク富久町033	1367		yukihasegawa	2022-11-13	高橋水産合同会社	htakahashi@yahoo.com	鈴木 治	O+	389
		703-67-5539	"Unit 5245 Box 2364
DPO AE 03899"	1155		ebaker	12 Oct 2020	Hodges Inc	zjohnson@gmail.com	Tammy Black	A-	534
Friseur	1998-01-22	680-54-2040	"Josip-Jungfer-Ring 4/3
16064 Herford"	2110		johanne69	2024-03-09	Grein Groth	ykostolzin@web.de	Clarissa Hövel	AB-	396
Controller		81204735905	"Recanto Cecilia da Conceição, 96
Vila Maloca
99590119 Pimenta / RN"	775		miguelcamara	10 Oct 2022	Rios	barrosamanda@uol.com.br	Beatriz Ferreira	O-	243
Friseur		763-12-7782	"Tamara-Birnbaum-Allee 51/27
32270 Fürstenwalde"	1774		mbien	09/19/2022, 00:00:00	Noack Stiftung & Co. KG	sagervanessa@gmail.com	Prof. Elzbieta Trupp B.Eng.	O-	40
	1990-02-10	395-66-0089		804		stephanie46	06/02/2020, 00:00:00	Payne PLC	kevin02@yahoo.com	Jeffrey Roberts	A+	175
	1980-11-08	221-19-2860	"USNS Vaughan
FPO AP 61266"	1310		slewis	2019/07/26	Rivera-Moreno	amymurphy@gmail.com	Mark Wood	AB-	475
		MLDTNF44E51C641Y	"Via Schiaparelli, 15 Appartamento 6
40019, Sant'Agata Bolognese (BO)"	1362		lidiagabba	19 Dec 2024	Sandi, Ficino e Balla s.r.l.	giammussosonia@yahoo.com	Sig. Alessandro Piane	B-	660
		TMOMRN77S66D946O	"Viale Elvira, 9
38023, Mechel (TN)"	24		rolandomercalli	2024-05-07	Galuppi, Rizzo e Burcardo SPA	lanfranchimelissa@tele2.it	Galasso Ruberto	A-	187
	2007-06-22	804-35-0198	"Kohlplatz 9-7
39717 Hettstedt"	905		ulfotto	13 May 2022	Liebelt	reisinglisette@gmx.de	Fabian Hänel	A+	311
		641-56-3700	"Unit 1995 Box 1987
DPO AP 08121"	430		martinnancy	2020/09/01	David, Sandoval and Robinson	lrogers@hotmail.com	David Smith	O+	332
Investigador particular		38745692092	"Rua de Gomes, 794
Vila São João Batista
38280-192 Sousa de Aragão / AL"	450		alvesemilly	2023-02-25	Caldeira	souzajuan@gmail.com	Davi Lucas Teixeira	B+	66
Statistician		PSNFLR48M06H956J	"Canale Alessia, 429
21028, Travedona Monate (VA)"	1880		stefanobarsanti	03/21/2021, 00:00:00	Brugnaro-Gradenigo s.r.l.	viridiana17@yahoo.com	Paoletta Angiolello-Gianinazzi	O-	122
		778-80-4861	"Svetlana-Hering-Ring 1-7
09668 Aue"	1471		steuervanessa	2019-09-27	Pohl Heß KG	vbecker@hotmail.de	Frau Nermin Dörschner B.A.	O+	248
Field trials officer	1976-06-26	562-05-7247	"2496 Sherri Green Apt. 219
Johnsonview, MI 65273"	2122		christopher13	09 Dec 2018	Williams PLC	daltonmichael@gmail.com	Michael Taylor	AB+	224
	1982-10-08	670-51-5362	"Ziegertallee 37-87
45036 Mellrichstadt"	181		james46	02 Sep 2020	Hoffmann Karge Stiftung & Co. KGaA	franca82@hotmail.de	Ekrem Hornig-Kroker	A+	584
		75869042194		1137		maria-vitoria45	11 Oct 2023	Costela	da-luzpedro-henrique@uol.com.br	Bruno Silva	AB+	461
Beamter		201-16-9977	"Ljudmila-Dowerg-Ring 7
05620 Perleberg"	246		heide-mariebinner	2020/04/28	Jähn Flantz AG	rennermohammed@gmx.de	Werner Seifert	O-	202
	1926-01-25	67395482000	"Condomínio Thomas Porto, 70
Savassi
55413-178 Carvalho / MT"	69		mendoncaalicia	05/26/2022, 00:00:00	Araújo Melo e Filhos	nascimentolara@yahoo.com.br	Sra. Ana Clara Carvalho	B-	131
	1918-10-26	483-25-6461	"5213 Morales Wells
North Heatherberg, KY 13995"	1464		rjackson	12/27/2022, 00:00:00	Stewart, Mccall and Rowe	reynoldsalicia@yahoo.com	Antonio English	AB-	425
		185-53-2804		541		justin90	10 Aug 2021	Hall PLC	mitchellstephanie@yahoo.com	Jonathan Williams	B-	605
	2022-11-05	61852907401	"Praça de Vargas
Conjunto Jardim Filadélfia
34754-439 Silva Grande / SE"	771		trios	2019-04-11	Andrade	bsouza@bol.com.br	Emilly Andrade	O+	133
		PRTCRD33M53E090Y	"Borgo Badoer, 415 Piano 6
98060, Tripi (ME)"	1177		romanaossani	2021/10/19	Paganini Group	amonteverdi@hotmail.it	Francesca Taliani	O+	149
	1972-05-02	731-66-8383	"Jäkelallee 3-9
37047 Königs Wusterhausen"	594		faustlukas	2020-09-08	Stoll	seckbauer@aol.de	Götz Kroker-Oestrovsky	O-	64
		78305619400	"Favela Anthony Gabriel das Neves
Vila Madre Gertrudes 4ª Seção
75538243 Sales / PR"	860		ocardoso	2020-01-27	da Paz Ltda.	rsousa@yahoo.com.br	Gustavo Alves	A+	611
	1995-12-24	474-27-3800	静岡県夷隅郡御宿町千束3丁目13番8号 コート東神田943	1726		maifujiwara	2023/05/24	渡辺通信有限会社	naoki49@hotmail.com	山本 和也	AB-	96
	1994-10-23	60758913400	"Estação Arthur Miguel Nunes, 36
Vila Independencia 3ª Seção
12679766 Fernandes / SC"	917		pauloporto	2025/01/11	Caldeira	pereiraalice@hotmail.com	André da Conceição	AB+	411
		35469710270	"Trecho Vasconcelos, 61
Mariquinhas
65032-144 Sousa de Ribeiro / DF"	824		aparecidalarissa	2019-01-30	Camargo Freitas - ME	davi35@yahoo.com.br	Gabriela Siqueira	O-	665
	2025-01-18	CBBGSN34M56L257U	"Incrocio Panicucci, 829
12046, Monta' (CN)"	605		frossini	12/13/2018, 00:00:00	Chiesa e figli	batagliazaira@live.com	Iolanda Bandello	A-	416
Polizist	1960-06-06	353-55-9139	"Hans-Otto-Renner-Ring 163
49653 Oranienburg"	83		xsalz	2023-08-27	Löchel Koch GmbH	jeannine14@gmx.de	Philippe Preiß	AB+	164
Medical laboratory scientific officer	1931-06-14	LZUTTE19S09D703V	"Incrocio Sanguineti, 589
26018, Trigolo (CR)"	460		piermaria71	04/23/2024, 00:00:00	Battisti Group	babboleone@hotmail.it	Mariana Maglio-Murialdo	O-	250
	1983-08-01	072-64-8509	東京都安房郡鋸南町五味ヶ谷34丁目2番7号	94		kana65	2019-05-27	株式会社伊藤鉱業	miki99@hotmail.com	高橋 拓真	AB+	502
	1965-12-07	047-18-8466	長野県台東区中宮祠26丁目24番15号 前弥六クレスト940	1647		ofukuda	09 Jan 2024	合同会社伊藤銀行	akemi29@hotmail.com	鈴木 浩	A+	55
		121-84-8667	"1711 Scott Well Apt. 763
North Michael, LA 06823"	850		shawnrodriguez	2018-10-27	Mcconnell-Huynh	tracey79@hotmail.com	Kelli Savage	AB+	539
		74619350893	"Distrito Ramos, 33
Paraíso
70479264 Fonseca Paulista / SP"	41		arthur-miguel96	14 Jun 2022	Caldeira	raelmonteiro@hotmail.com	Srta. Agatha Melo	O+	162
	1990-05-11	666-24-4784	"Irina-Heinrich-Platz 77
17907 Kleve"	1242		birnbaumcathleen	14 Feb 2025	Kade GmbH & Co. KG	gutknechthermann@googlemail.com	Silvana Sager	O+	247
Chirurgiemechaniker	1994-07-06	573-77-0568	"Fechnerplatz 29/96
48792 Wunsiedel"	962		dominicullrich	09/05/2025, 00:00:00	Boucsein	aldonaser@googlemail.com	Herlinde Harloff	A-	85
		BCCNTN47E44A186E	"Via Aria, 952 Appartamento 2
61038, Orciano Di Pesaro (PU)"	1192		carolinafaranda	2019/07/09	Montessori-Mattarella e figli	lodovicodibiasi@fastwebnet.it	Cipriano Combi	O-	307
Garment/textile technologist		CRRPNL43M41I302A	"Vicolo Gilberto, 0 Piano 6
84037, Sant'Arsenio (SA)"	1697		lancisilivio	11/21/2018, 00:00:00	Ossani-Fallaci Group	vantonello@outlook.com	Clelia Molesini	B-	547
		57390218630	"Trecho Apollo Marques, 46
Dona Clara
55940-096 Teixeira do Amparo / PE"	1065		ribeirocatarina	30 Aug 2021	Lopes	anthony-gabriel92@hotmail.com	Luiz Miguel Viana	B+	207
	1939-01-24	70523649800	"Rodovia Murilo da Mota
Santa Efigênia
94049-476 Rocha de Borges / MA"	1913		abreueduardo	09/02/2019, 00:00:00	Nascimento	aylasampaio@bol.com.br	Samuel Fogaça	A-	239
		025-92-4701	鹿児島県昭島市今戸6丁目14番2号	1010		chiyo80	07/06/2024, 00:00:00	加藤建設有限会社	suzukihideki@yahoo.com	渡辺 桃子	O+	293
	1929-04-18	DPRLRZ08T42D270S	"Stretto Sante, 376
87019, Spezzano Albanese Stazione (CS)"	263		gozzanohugo	2022-04-24	Rismondo-Bacosi e figli	cabibbochiara@hotmail.it	Lidia Aporti	AB+	68
		52964830142	"Favela Sampaio, 21
Santa Rita
78037-164 Fogaça das Pedras / RJ"	908		cecilia90	2023-03-21	Sampaio	lucasaraujo@uol.com.br	Ana Beatriz da Rocha	A+	177
		36704159207	"Praia Guerra, 31
Braúnas
82345-349 Ferreira de Minas / AM"	835		maria-isis99	22 Dec 2020	Gomes e Filhos	davi-miguel73@gmail.com	Valentina Dias	AB+	467
Pilot		640-15-2183	"Peter-Hein-Straße 40/39
91396 Grimmen"	1628		juliusschueler	2018/09/29	Hartung Döring GbR	uheidrich@web.de	Annekatrin Henck B.Eng.	AB+	186
		634-47-3985	"32973 Reed Flats Suite 418
South Joannafurt, MD 89016"	397		kmartinez	2024/10/09	Davis and Sons	hoganjose@gmail.com	Daniel Nguyen	A+	153
Television floor manager		SNSRMN73S56C082X	"Vicolo Amalia, 451
09042, Monserrato (CA)"	487		ludovico94	2021-08-30	Filogamo-Farina e figli	giovanni10@outlook.com	Gian Tognazzi	AB+	94
		27495803665		1611		emillyleao	2019-09-02	Caldeira S.A.	benjamimdas-neves@hotmail.com	Ravi Viana	O-	700
Mathematiker		206-36-7884	"Ditschlerinstr. 4/9
04271 Brandenburg"	356		lidwinadehmel	2023/05/17	Gerlach	siegward56@gmail.com	Elizabeth Bolzmann-Trub	O-	624
		309-42-1353	"46690 Jeffrey Parkway Apt. 896
Vanceborough, CO 41221"	638		julie37	2023-09-06	Mcdaniel, Skinner and Jones	williamsnicholas@hotmail.com	Ashley Glover	AB-	161
	1924-10-27	ZNZDNT94T61D203F	"Vicolo Albertini, 78 Piano 5
13038, Tricerro (VC)"	740		ruggero97	2024-11-08	Donarelli s.r.l.	irmagiradello@hotmail.com	Ansaldo Onio-Zanzi	B-	285
		863-58-0586	熊本県立川市猿楽町14丁目23番9号 高輪パレス447	311		naokiwatanabe	2019-10-25	坂本運輸有限会社	akemishimizu@hotmail.com	伊藤 京助	O+	530
Chartered loss adjuster		763-20-0365	"4793 Jones Light
Port Seth, DE 04696"	2		jessicajones	17 Apr 2025	Acosta, Turner and Roberts	terrykyle@gmail.com	John Glenn	B-	673
		261-84-6715	山梨県目黒区東三島16丁目22番16号	1937		gotochiyo	02/08/2024, 00:00:00	遠藤運輸株式会社	sayurigoto@gmail.com	高橋 真綾	AB+	268
Passenger transport manager		184-58-0825	"567 Gutierrez Crescent Apt. 369
New Thomas, NY 78679"	1246		payneapril	2023-03-08	Taylor-Barker	egarner@hotmail.com	Debra Schmidt	A-	423
大学教授	1996-10-22	524-46-2460	滋賀県稲城市雷門36丁目3番18号 五味ヶ谷パレス910	173		nishimuraryohei	2021/04/11	佐藤食品有限会社	jun19@gmail.com	渡辺 幹	B+	439
Glass blower/designer	1923-08-18	664-23-7585		492		nsimmons	20 Nov 2020	Rodriguez, Joseph and Ferrell	tsaunders@yahoo.com	Angela Mendez	AB+	155
Scientist, research (maths)	2019-07-02	851-25-1058	"551 Reed Valleys Apt. 933
East Joshua, GA 22483"	496		shirleydavis	19 Aug 2025	Ferguson-Torres	woodsjohn@hotmail.com	Jennifer Porter	O-	172
		86519304700		1781		goncalveslorena	2023/03/25	Carvalho	vianaemanuelly@gmail.com	Vitor Gabriel Jesus	AB-	339
		450-65-7538		921		gkaufman	02 Sep 2024	Spencer-Grant	gabriel49@yahoo.com	Angela Murray	AB+	330
Immigration officer		663-14-2706	"7753 Wood Extension
Rodneymouth, IN 93813"	1235		aaron46	2020/12/05	Vang LLC	areed@yahoo.com	Abigail Silva	B+	120
	2020-03-25	741-53-2269	"Hellwigstr. 73
32095 Sankt Goar"	1293		annedore66	2022-12-13	Staude GmbH & Co. OHG	lrogner@gmail.com	Jacob Beier	O-	10
		372-65-1851	埼玉県新島村千塚20丁目15番14号 日本堤クレスト494	159		sayuriito	2021-07-24	有限会社鈴木ガス	kanatakahashi@gmail.com	福田 結衣	O-	590
	1918-06-07	156-34-1364	"117 Alexandra Stravenue Suite 386
East Briannafort, PW 15179"	658		harristaylor	2022-03-02	Mason, Brown and Gray	gonzalezkatherine@hotmail.com	Marvin Levine	AB-	353
Housing manager/officer		MGNMRN81P02F277J	"Contrada Guarino, 590
26028, Casanova Del Morbasco (CR)"	1898		fiorenzopersico	2023-08-20	Taliani, Schiavone e Treccani s.r.l.	carfagnagiosue@vodafone.it	Greca Antonello	B-	523
演歌歌手	1982-12-28	814-38-1156	群馬県横浜市青葉区卯の里8丁目6番3号 豊町アーバン106	1561		tsubasamatsumoto	2024-03-21	石川通信合同会社	satomisato@yahoo.com	田中 治	B+	430
		390-07-0960		2019		veronica28	26 Dec 2019	Heinz	thiesnadja@yahoo.de	Arnim Meyer	B+	705
		061-89-3457	"Cecilia-Christoph-Allee 8/7
82232 Saarbrücken"	1339		andyfroehlich	13 Oct 2018	Seidel KG	bendertheo@hotmail.de	Gotthard Lindner	A+	325
	1985-08-26	593-78-9825	石川県神津島村花川戸17丁目13番1号 南郷屋ハイツ182	948		minorusakamoto	06 Jan 2025	森情報合同会社	kazuyaendo@gmail.com	中村 浩	O+	441
	1946-05-14	865-55-4129		1163		xmiura	06/08/2020, 00:00:00	株式会社岡本通信	mai50@hotmail.com	石井 翼	A+	608
作曲家		833-73-2287	静岡県御蔵島村手岡3丁目5番17号 中小来川コーポ001	1638		nakamurayuki	30 Mar 2023	合同会社高橋電気	yoichi43@yahoo.com	井上 浩	AB+	178
	1926-10-12	20974358665	"Distrito de Caldeira, 541
Vila Puc
57758-757 Porto / MG"	979		bnovais	03/16/2020, 00:00:00	Mendonça	fmonteiro@uol.com.br	Sarah Andrade	B+	62
		582-20-9568	"973 Kimberly Tunnel Apt. 301
South Vincentton, KY 52517"	911		ruizjay	10/01/2023, 00:00:00	Jones-Russell	tnelson@hotmail.com	Tracy Perez	AB+	642
		JVNNDA99T29D101W	"Viale Giuliana, 96
23873, Maresso (LC)"	1075		alfiopavarotti	01/15/2024, 00:00:00	Bettin, Abbagnale e Mozart e figli	pellegrino77@gmail.com	Vito Galeati-Pincherle	AB+	606
		PZZLVR40T06C139X		414		anita17	2019-07-11	Soderini, Schicchi e Emanuelli e figli	cecilia42@yahoo.com	Romina Zecchini	AB-	398
	1932-03-08	37658192040	"Feira de Azevedo, 49
Serrano
20977-255 Farias / RS"	124		feliperios	04/28/2022, 00:00:00	Vieira Caldeira Ltda.	xcamargo@bol.com.br	Fernanda Pastor	AB+	130
	1985-12-03	627-78-3495	秋田県川崎市中原区箭坪15丁目7番18号 アーバン日本堤142	1246		nishimurashohei	2023/06/15	合同会社高橋保険	osamu39@hotmail.com	佐藤 里佳	B-	321
	1924-09-27	298-43-4739	"Hornichstraße 7
62908 Heiligenstadt"	2004		jmans	13 May 2020	Sölzer Nerger GmbH & Co. KG	siegriedwagenknecht@gmail.com	Johannes Kambs-Becker	B+	356
		676-96-9602	"Hermannstraße 33-31
70387 Wittmund"	1516		hesselotti	2025/03/30	Sauer Bolander AG	hartwigspiess@gmx.de	Iwona Schaaf	B-	177
		504-73-7812	"037 Hamilton Track
New Brandon, DC 94933"	1591		lisatorres	10/19/2019, 00:00:00	Craig, Hines and Carter	clarkpamela@gmail.com	Karen Price	A+	32
		82409356133	"Ladeira de Moraes, 95
Vila Da Ária
90810858 Moura / CE"	1506		castrodavi-lucca	2024-11-07	Jesus	scavalcanti@yahoo.com.br	Ana Julia Vasconcelos	O-	37
救急救命士	2024-02-23	708-01-2182	新潟県印旛郡栄町五味ヶ谷16丁目23番7号 コート卯の里316	481		vnakamura	2023/02/23	加藤情報有限会社	ufujii@gmail.com	前田 京助	AB-	377
	1975-04-29	751-25-7650	岐阜県横浜市都筑区千束23丁目7番4号 西関宿パレス578	1691		suzukishohei	26 Oct 2020	阿部通信有限会社	yoichi91@yahoo.com	山本 洋介	A-	650
	1950-01-25	TMBBGI89L68F766U	"Incrocio Baldassare, 561
15037, Lu (AL)"	925		vittorio51	03/29/2022, 00:00:00	Petruzzi, Schiaparelli e Zoppetto Group	cherubinilivia@hotmail.it	Dott. Imelda Giannetti	AB+	607
	1997-01-18	268-68-9321	東京都川崎市多摩区五味ヶ谷12丁目26番14号 渡辺シティ993	878		mishii	2019/03/22	有限会社山田電気	suzukiakemi@gmail.com	藤井 美加子	B+	667
Judoca	1978-04-24	28570419694		303		ealves	27 Feb 2025	Aparecida	ana-juliaramos@ig.com.br	Dr. João Vitor da Cruz	O-	302
Broadcast journalist		016-60-0175	"81005 Alvarez Harbor
Hallbury, NC 45610"	821		powellheather	2019/12/22	Thomas, Guzman and Cain	lawrence87@gmail.com	Mark Jensen	B+	191
		600-70-4276	北海道夷隅郡大多喜町卯の里6丁目3番5号 クレスト台場582	1123		atsushi30	23 Apr 2022	株式会社田中ガス	yamadasotaro@gmail.com	小林 淳	O+	609
		255-01-2485	"812 Collins River
Lake John, DC 52833"	1305		castrolindsay	2020-10-19	Leach, Hansen and Kaiser	colemanaaron@gmail.com	Nathan Terry DVM	A-	28
		PDRGDI34E19M165E	"Strada Luca, 1
80128, Napoli (NA)"	562		claudio89	04 Jul 2024	Polizzi e figli	gcutuli@hotmail.com	Sig. Federico Musatti	O+	562
		04259178601		1428		rmendonca	2020/02/02	Costela	bianca32@hotmail.com	Sra. Bárbara da Paz	O+	491
Architect	1990-05-29	MTAFBZ97T19D003N	"Canale Finzi, 66
43025, Isola Di Palanzano (PR)"	1157		oruggeri	2021-11-03	Sommaruga, Fabbri e Saracino Group	costantino86@libero.it	Alina Mondaini-Valmarana	AB+	66
	1918-02-22	RTSGDI27E12I082F	"Rotonda Renault, 6
09098, Tanca Marchese (OR)"	1527		goffredo08	2019/07/02	Chechi Group	nino12@fastwebnet.it	Simonetta Pozzecco	O+	42
	1960-03-04	553-90-7583	"44987 Alexis Forks Suite 752
South Robert, NC 73660"	326		montgomeryjennifer	08 Jan 2020	Miller-Rodriguez	jreed@gmail.com	Meagan Wood	A-	589
	2020-07-24	126-91-1127	"Conradiplatz 32
54828 Säckingen"	643		eberthwilli	09/27/2024, 00:00:00	Staude Hübel AG & Co. OHG	jhauffer@gmail.com	Prof. Helmut Reuter	A-	109
	1915-09-24	665-61-3701	兵庫県足立区平河町9丁目11番12号	10		hiroshiaoki	12/03/2020, 00:00:00	山崎通信有限会社	taichitanaka@gmail.com	高橋 京助	B-	155
	2003-08-06	GSSGDI53B01C222S	"Vicolo Nedda, 44
06028, Sigillo (PG)"	1276		anita06	10/06/2021, 00:00:00	Agazzi-Abbagnale s.r.l.	neccigastone@fastwebnet.it	Giada Faggiani	B-	448
Augenoptiker	2007-03-30	563-00-4128	"Dennis-Gieß-Gasse 636
73770 Scheinfeld"	1492		jeannette17	2024/02/25	Kruschwitz Killer KG	soelzerannita@gmx.de	Prof. Tatiana Lindner	AB-	569
	1987-08-29	CVLFBA05B23B073O	"Strada Antonia, 82 Piano 9
13043, Cigliano (VC)"	463		voltaottavio	17 Nov 2019	Sansoni e figli	carneramarcantonio@tin.it	Dott. Piergiuseppe Migliaccio	B-	504
		444-63-0930	"Rädelallee 4/3
94492 Rockenhausen"	1065		karl-ludwigschmidtke	2019-03-23	Fiebig AG & Co. KGaA	carl23@gmx.de	Gunhild Müller-Holzapfel	B+	91
	2011-11-20	760-63-1837	山口県府中市南赤田3丁目12番5号 コーポ明石町027	700		shimizumaaya	11/13/2020, 00:00:00	有限会社藤田保険	juntakahashi@gmail.com	佐藤 晃	AB-	430
	1988-07-01	005-49-0267	"Caren-Kostolzin-Ring 7-2
02096 Plauen"	422		notburga02	18 Oct 2020	Kroker	evirogner@gmail.com	Gesine Schäfer B.Eng.	A-	411
	1909-10-19	SGRCLL47R29M401H	"Stretto Giulietta, 36 Piano 0
20853, Biassono (MB)"	1877		agostino57	27 Jun 2022	Castellitto-Trevisani s.r.l.	gioachino86@fastwebnet.it	Dott. Diana Pincherle	A-	605
Bailarina		74198302669	"Alameda de Guerra, 105
Araguaia
60012409 Cavalcanti dos Dourados / SP"	1469		igorpinto	01/19/2022, 00:00:00	Ferreira S.A.	antonyda-conceicao@bol.com.br	Olivia Gonçalves	B+	524
	1913-10-02	281-41-3391	福井県国立市北上野18丁目1番9号 浅草クレスト611	591		nanamiyamaguchi	03/18/2025, 00:00:00	株式会社斉藤情報	shotayoshida@gmail.com	後藤 里佳	AB+	615
	1928-07-14	475-91-8638	"Heinz-Wilhelm-Kraushaar-Ring 66
08915 Niesky"	752		davidsmelanie	05 Nov 2023	Ritter Neureuther GmbH & Co. KGaA	troehricht@gmx.de	Univ.Prof. Karl-Friedrich Spieß	O-	50
		655-04-2831	"514 Holly Row
Lake Martin, MI 52393"	1337		jonesjennifer	12/25/2023, 00:00:00	Fox-Garcia	fosterthomas@gmail.com	Mckenzie Hill	AB+	489
		055-65-0892	熊本県羽村市西浅草37丁目15番11号	907		ptakahashi	2020/01/26	合同会社後藤ガス	asukatanaka@hotmail.com	村上 陽一	AB+	229
	1971-12-09	897-71-4690		1669		sabri72	08/10/2025, 00:00:00	Pärtzelt	gerlachjoana@aol.de	Wilfriede Heinz B.A.	O-	703
	2019-11-22	752-63-3029		1172		yasuhiro62	04/07/2024, 00:00:00	有限会社伊藤電気	maaya91@hotmail.com	林 淳	O+	432
	2003-04-16	MRZPRS60M71L753X	"Contrada Mannoia, 66
87061, Campana (CS)"	1345		giuntialdo	12/30/2020, 00:00:00	Giannotti, Pizziol e Correr Group	giulianavolterra@hotmail.it	Donatella Respighi	O-	40
		124-52-9943		1764		rogersrobert	2025/07/21	Jones-Swanson	alee@gmail.com	Mary Stanley	A+	582
	1918-05-15	744-26-9989	"203 Renee Mountains
New Richardtown, MS 92390"	1515		gstewart	18 May 2019	Ray-Scott	sarahlopez@yahoo.com	Rebecca Torres	B-	44
	1986-11-05	691-81-0689		473		jiri93	2019-05-16	Harloff	leonardruppersberger@aol.de	Arne Hölzenbecher	A-	253
	1928-07-19	FLLMRL19S69C359M	"Strada Trentin, 698 Piano 3
46032, Castelbelforte (MN)"	1797		pietro24	2019/05/20	Muratori, Marsili e Giannuzzi s.r.l.	fernandaplatini@hotmail.com	Hugo Lopresti	B+	671
Local government officer		025-59-7714	"083 Jones Rue
Jenniferborough, MO 91035"	535		crodriguez	10/30/2024, 00:00:00	Thomas PLC	angela87@gmail.com	Destiny Johnson DVM	AB-	388
		93760812422	"Travessa de Pastor, 87
Cachoeirinha
85348-677 Alves / MS"	686		ravicostela	31 May 2024	Rocha Siqueira e Filhos	meloandre@ig.com.br	Dr. Gustavo Souza	B-	609
Apontador de mão-de-obra	1974-11-30	09658327168		1571		maria-cecilia45	22 Sep 2021	Siqueira	mariana31@hotmail.com	Isabel Camargo	B-	147
Charity fundraiser		MRBGLI88T51G873I	"Stretto Speri, 60 Piano 6
42023, Cadelbosco Di Sopra (RE)"	2011		mirco08	02 Nov 2020	Pignatti-Faggiani Group	caterinadepero@virgilio.it	Sylvia Chindamo	AB+	685
	1945-07-26	912-19-5012	"Heydrichweg 3/8
33212 Neustadtner Waldnaab"	2097		ohermann	2024/10/07	Peukert	gundula08@gmail.com	Dr. Concetta Metz MBA.	AB+	30
	1942-04-24	183-32-5817	佐賀県大網白里市月島15丁目19番8号 外国府間コート644	791		watanabekana	11/11/2019, 00:00:00	森建設株式会社	yoshidachiyo@hotmail.com	佐々木 康弘	B-	430
		30481265970	"Quadra Ravy Moraes, 87
Vila Santa Monica 1ª Seção
44853678 Cavalcante / MT"	938		raquel13	27 Feb 2020	Castro	aalves@yahoo.com.br	Renan Carvalho	B+	568
	1925-10-03	718-47-2482	奈良県西多摩郡日の出町中小来川30丁目18番7号 シャルム虎ノ門202	2065		nakajimakyosuke	11/25/2021, 00:00:00	株式会社藤田銀行	ttakahashi@yahoo.com	山本 拓真	O-	47
裁判官	1921-01-28	663-83-2537	山梨県香取郡多古町芝公園32丁目4番5号 クレスト細竹873	1845		shohei17	12/19/2020, 00:00:00	有限会社山下運輸	qsato@yahoo.com	佐々木 直子	B+	561
		676-56-6075	"Aysel-Krause-Platz 42-23
41767 Hannover"	185		marco55	2019-08-29	Bolzmann KG	adrian47@gmail.com	Harro Oderwald	O+	80
Freight forwarder		SGRFDG49A62D594E	"Piazza Paoletta, 5
13855, Valdengo (BI)"	1749		mfusani	08/13/2019, 00:00:00	Petrassi SPA	sermontigiovanna@tin.it	Dott. Tatiana Caboto	B+	120
Financial manager		054-27-5139	"18807 Mark Plains
North Deborahhaven, VI 94894"	1917		deborahpatterson	11/14/2020, 00:00:00	Ross, Davis and Juarez	jillreyes@yahoo.com	Juan Martinez	O+	21
		853-32-5022	"208 Dave Mall Apt. 536
Dawnborough, WA 90423"	1207		srhodes	2022/01/05	Richards-Johnson	victoriajones@yahoo.com	Sandra Mcdaniel	O-	544
Sport and exercise psychologist	1975-08-29	ZCCMLA02C26L035V	"Viale Sandra, 38 Piano 6
26047, Scandolara Ripa D'Oglio (CR)"	1491		condoleoannetta	08/14/2023, 00:00:00	Ciampi-Capecchi SPA	fborzomi@gmail.com	Paulina Pietrangeli	B+	567
	2003-04-06	MLPNGN93C03A665N	"Via Ivan, 655
33090, Tramonti Di Sotto (PN)"	1243		nbosurgi	2024-05-07	Carducci-Cianciolo e figli	vito02@gmail.com	Alderano Rubbia	B-	50
Motorista	1960-06-18	95386172077	"Distrito da Costa, 37
Leticia
61194248 Barros Grande / SP"	882		borgesagatha	02 Jan 2025	Moreira Almeida e Filhos	caroline47@uol.com.br	Isadora Pinto	AB-	310
	1942-09-11	186-74-5019	"711 Holly Corner Suite 943
Palmerland, MS 19018"	730		fernando80	2019-11-09	Gillespie, Sexton and Anderson	christopher88@yahoo.com	Jessica Miller	A-	321
	2008-05-21	952-26-5470	"Holtallee 6/6
47854 Gera"	58		marie-theresrenner	2018-09-25	Trubin	pedro80@yahoo.de	Freddy Henschel	AB+	559
Seismic interpreter		CGUMRA99C69L195M		549		olga62	2020/10/07	Paolini SPA	tserao@fastwebnet.it	Nicolò Sraffa	B+	432
	1950-12-17	700-93-7768	"Hofmannallee 2/7
24608 Neu-Ulm"	1111		karzkarl-dieter	08/10/2024, 00:00:00	Mans Zorbach OHG mbH	ortmannfrancesca@gmail.com	Sybille Junken MBA.	B+	287
Advertising account executive	1956-09-03	FOXMRT83S02L032U	"Strada Donna, 94
31040, Covolo (TV)"	1011		antonininicola	2021-11-29	Curci, Inzaghi e Sanudo s.r.l.	roberto52@hotmail.it	Veronica Nosiglia	A+	200
		745-11-3889	"9540 Krystal Viaduct
New Gary, WV 52207"	979		hbaker	05/10/2019, 00:00:00	Burns, Ayers and Hernandez	marissabarry@yahoo.com	Kelsey Pacheco	AB+	234
		370-60-0963	"0894 Perry Glens Suite 918
Phillipmouth, AZ 86384"	1075		weberwilliam	09/28/2021, 00:00:00	Collins Inc	robert98@gmail.com	Angela Smith	AB+	608
	1967-04-14	083-58-3354		1987		yamamotoharuka	2021/12/09	株式会社渡辺ガス	jkato@yahoo.com	山本 晃	AB+	166
Paginador		46185029758	"Ladeira de Garcia, 54
Aeroporto
73960-731 da Costa / MS"	663		mendescaue	2022/02/18	Carvalho	ana-sophia06@uol.com.br	Sr. João Guilherme Pimenta	AB-	100
Records manager	1988-12-13	BGOPSL90S59L844B	"Canale Grimani, 22
24068, Cassinone (BG)"	1919		fpaganini	08/05/2024, 00:00:00	Bodoni SPA	dbaggio@gmail.com	Maria Giammusso-Castiglione	A+	500
Mechaniker	1931-05-12	016-71-0006	"Kraushaarplatz 5
67362 Einbeck"	459		dkruschwitz	2019-12-08	Rose	scholzmaria-luise@yahoo.de	Dipl.-Ing. Trudi Schwital B.Sc.	A-	333
		51098324633		871		ana-beatrizporto	2020/10/30	Casa Grande	rafaelacostela@ig.com.br	João Lucas Almeida	O+	657
Chirurgiemechaniker	1914-10-17	694-39-6184	"Mohammad-Wilms-Platz 67-17
07351 Parsberg"	1546		igorsalz	04 Sep 2023	Beier	philliphahn@hotmail.de	Ing. Willibert Fritsch B.Eng.	A+	389
		372-59-6171		1128		matthaeusstoll	23 Oct 2018	Rohleder AG & Co. KGaA	doeringagnieszka@web.de	Evi Schomber	B-	617
	1921-02-28	DSURKE70H12M328O	"Stretto Pasqua, 3 Piano 8
15023, Felizzano (AL)"	731		wgravina	2020/07/19	Paruta, Borroni e Condoleo SPA	antonellililiana@tim.it	Dott. Roberto Rosmini	B+	354
	1917-05-01	241-32-3569	青森県長生郡一宮町中三依6丁目17番11号 六番町パレス831	1509		minoru29	2024/09/10	池田食品株式会社	yuta54@gmail.com	松本 舞	AB-	363
	1974-03-16	62739045883	"Morro Marques, 748
Monte São José
54815629 da Luz Paulista / TO"	1784		augusto34	09/02/2025, 00:00:00	Ribeiro e Filhos	mariaferreira@yahoo.com.br	Ana Vitória Pires	A+	246
Therapist, occupational	1946-08-18	DNRPRR06R47G662G	"Borgo Morrocco, 78
84126, Salerno (SA)"	1267		guaratogianna	2023/01/01	Scarfoglio Group	amico86@libero.it	Tina Andreozzi	A+	266
	2003-07-04	601-89-5852	山梨県稲城市中川崎25丁目18番3号	1896		iogawa	2022-09-20	株式会社小林運輸	nakamurayuta@gmail.com	西村 加奈	AB+	70
		TMSLCN14A20C524X	"Viale Piccio, 49
12075, Garessio Borgo Ponte (CN)"	36		antonettigianfrancesco	2024-10-23	Faugno, Soprano e Rienzo e figli	lupogioacchino@tim.it	Pierpaolo Disdero	A+	151
		032-51-7724	香川県長生郡睦沢町細野31丁目20番15号 ハイツ湯宮627	2135		tsato	2024-01-21	木村通信株式会社	sasakimomoko@hotmail.com	岡田 康弘	AB-	505
	1927-04-10	TMBLVR33L30F802H	"Rotonda Victoria, 97 Appartamento 6
17100, Santuario Di Savona (SV)"	1121		finottoriccardo	03 Jan 2025	Garozzo, Gaggini e Manacorda s.r.l.	sorengo@gmail.com	Rosa Sabatini	O+	150
	1922-06-17	48356210933	"Viaduto Jesus, 706
Vila Cloris
77209-675 Costela / MG"	67		ypeixoto	11/07/2020, 00:00:00	Costela Casa Grande Ltda.	melissateixeira@yahoo.com.br	Ana Liz Ramos	O-	29
	1984-07-14	LMGVTR22E30C588P	"Viale Paltrinieri, 919
24129, Bergamo (BG)"	1308		alessia10	2022-09-05	Soranzo, Bajamonti e Cattaneo s.r.l.	bpacillo@hotmail.com	Amanda Gozzano	A+	521
Metalúrgico	1963-01-20	15076942885	"Ladeira de Andrade, 67
Fazendinha
58600678 Machado do Amparo / CE"	593		renan78	2018/12/15	Pimenta	esther40@hotmail.com	Gustavo Rocha	B+	316
	1934-02-03	67543912007	"Colônia de da Mota, 46
Saudade
44076364 Marques de Andrade / MT"	217		ester96	20 Apr 2022	Pinto	eferreira@hotmail.com	Calebe Porto	A+	92
Koreanistiker	1945-01-14	614-54-3195	"Grein Grothweg 48
54652 Bad Brückenau"	2060		davidsalma	10/16/2021, 00:00:00	Mies Schweitzer OHG mbH	anka07@web.de	Emilie Hellwig	AB-	620
		232-00-0405	"Wenzel-Gute-Gasse 2-4
18456 Beeskow"	797		jheydrich	2021-03-29	Kitzmann e.G.	klaus-dieterhuhn@gmail.com	Agathe Ruppersberger B.A.	O-	650
		814-11-8994	"Richard-Reinhardt-Weg 1/5
50917 Calw"	278		emmerich43	2021-09-16	Pechel AG	wulffgloria@hotmail.de	Lia Junken	AB+	197
建築家		776-82-3350	山梨県町田市蔵前29丁目7番2号	132		kumikotakahashi	23 Oct 2023	鈴木電気株式会社	sasakitakuma@hotmail.com	佐藤 晃	A-	185
		480-36-4153	"965 Ayers Union Suite 105
Port Michael, WA 56350"	840		wmason	2024-08-02	Wallace LLC	ashley59@gmail.com	Tammy Lewis	O-	33
Jornalista		50189743204		1221		siqueirapedro-lucas	2022-01-09	Cavalcanti Alves S.A.	clarice81@gmail.com	Júlia Nunes	AB-	117
	1971-05-02	025-01-6749	愛媛県あきる野市所野7丁目24番9号	1786		kobayashishohei	2022/08/13	合同会社伊藤運輸	suzukinaoto@yahoo.com	渡辺 充	A+	616
		455-79-1894	"Britta-Trupp-Gasse 9804
85948 Kelheim"	1058		suse74	04/04/2023, 00:00:00	Etzold	mahmutbarth@aol.de	Prof. Edmund Klingelhöfer B.Eng.	O-	301
		380-94-6624	"16586 Carmen Road Suite 365
Michaelville, GU 87146"	2035		pearsonjuan	29 Oct 2020	Garcia LLC	carrjose@hotmail.com	Rebecca Curtis	O+	408
Restaurant manager		343-98-2839	"764 Walker Haven
East Brianchester, IL 26396"	1918		jesusclarke	2025-04-10	Patel-Lopez	tyleroliver@gmail.com	Ellen Dorsey	O+	61
		889-59-5642	"USCGC Davis
FPO AA 11469"	839		harrisalexander	2021-10-09	Carter, Hicks and Lopez	alexandercastillo@gmail.com	Cheryl Goodman	O+	79
		434-21-7887	"4115 Cox Expressway
New Christophertown, IL 22912"	997		wrightpatricia	03/29/2022, 00:00:00	Adams, Dickerson and King	elizabeth06@gmail.com	Mary Guzman	AB-	629
	2012-07-08	TZZRLD44A43H410Z	"Contrada Fabio, 827
88900, Villaggio Bucchi (KR)"	531		fomatilda	2018/10/03	Giannone, Rocca e Vecellio e figli	czoppetto@vodafone.it	Giosuè Dalla-Nicolucci	O+	51
	2000-02-28	081-28-0977	"Edgar-Seip-Ring 34
80590 Höxter"	568		klaerefechner	08 Mar 2024	Köster Seifert e.G.	haeringmary@yahoo.de	Emmy Beer	B+	647
		728-06-6178	福岡県山武郡芝山町前弥六南町1丁目21番4号 コート前弥六南町292	720		satomomoko	04 Jan 2024	有限会社林情報	yasuhirotanaka@gmail.com	山田 陽一	B-	541
	1911-06-04	264-21-4404	"43717 Kristy Trail Suite 857
Ericview, MT 58084"	1013		whitetodd	10 Jul 2025	Cochran and Sons	kwilliams@yahoo.com	Megan Fields	AB-	368
		861-49-6864	"Schomberallee 27-84
43688 Zossen"	1887		thiesreinhart	20 Aug 2025	van der Dussen OHG mbH	benitaschulz@aol.de	Ing. Valerie Hamann B.Eng.	A-	492
	2023-01-05	07192346543	"Conjunto de Gomes, 19
Comiteco
07407409 da Mata / AP"	1959		da-cruzanthony	2022-07-26	das Neves	augustobrito@gmail.com	Bella Pires	O-	491
Forest/woodland manager		VVLHGU44R58D752W	"Via Raffaele, 13 Piano 8
43050, Stazione Valmozzola (PR)"	2180		ciampipanfilo	2019-01-24	Gucci-Morosini SPA	temistoclesraffa@outlook.com	Renzo Gabba	B+	238
	1953-10-23	FLLLGO89D12A091P	"Stretto Columbo, 9 Appartamento 6
43011, Busseto (PR)"	588		kgaggini	28 Jun 2022	Gaiatto, Lucarelli e Schiaparelli SPA	vanessa39@tiscali.it	Dina Strangio	A-	94
		72803459132		17		monteiromaria-fernanda	2025/08/01	Montenegro Siqueira - ME	almeidaantonio@ig.com.br	Luiz Miguel Brito	A+	579
		93780412640	"Esplanada de Rezende, 9
Vila Satélite
63206-557 Leão / RO"	1058		jnascimento	2020/12/28	Oliveira Ltda.	camposalice@yahoo.com.br	Lara Fernandes	O-	604
Haematologist	1985-02-21	BTTCRN04D58G047Q	"Borgo Armellini, 74
25074, Lavenone (BS)"	93		lscotti	2019-07-03	Sokolov-Montalti e figli	ferruccirosalia@virgilio.it	Gemma Franscini-Casagrande	O+	250
		704-69-3507	"88214 Jim Green Suite 420
New Nancyville, SC 64500"	1374		kellyschaefer	17 Nov 2021	Davis-Dalton	christina98@gmail.com	David Haynes	O+	655
Science writer	1982-08-13	BRNCLD27D47I476V	"Piazza Mirco, 843 Piano 7
64043, Cesacastina (TE)"	920		fiorinosaffi	02 Mar 2022	Gabba SPA	ricolfiguglielmo@live.com	Sole Crisafulli	O+	46
Asphaltbauer		768-33-3056	"Gorlitzplatz 212
00977 Lüneburg"	164		lorekruschwitz	13 Dec 2021	Schüler Hartmann AG	josttextor@gmail.com	Laurenz Gierschner	A+	21
公務員		189-72-4117		1211		yutaishii	02/21/2025, 00:00:00	山本水産有限会社	qmatsuda@hotmail.com	西村 あすか	O+	612
	2014-01-12	58743106900	"Residencial de Viana, 327
Vila Real 1ª Seção
10414622 das Neves / PA"	409		kaique87	07 Nov 2018	Rios	milena52@uol.com.br	Isaac Araújo	O+	313
		835-86-4817	"Trommlerweg 97-10
26759 Tecklenburg"	200		roehrichtdittmar	10/22/2020, 00:00:00	Gumprich AG	domenicopieper@gmx.de	Milka Gertz B.Eng.	B-	331
		CRTDLS15R05M089Z	"Via Briccialdi, 56
41034, Finale Emilia (MO)"	74		zcuzzocrea	23 Jul 2024	Bembo-Turchetta e figli	melissaritacca@fastwebnet.it	Benvenuto Fittipaldi	O-	198
Scientist, biomedical	2008-06-11	RCCLRT18H05H140Z	"Piazza Donà, 20 Piano 3
63084, Pigna Bassa (AP)"	1573		lucarelliserena	2020/03/13	Scaduto e figli	costanzo99@libero.it	Dott. Etta Vercelloni	AB-	27
Químico		85162430951	"Núcleo de Lima, 53
Vista Do Sol
83394-861 Castro do Amparo / PE"	1784		vitor49	26 Mar 2020	Costa	falves@hotmail.com	Fernando Câmara	AB+	389
	1972-06-23	787-39-2552	"Buchholzgasse 9/3
14753 Vechta"	1526		karl-heinzharloff	08/22/2023, 00:00:00	Becker GmbH	eloos@gmx.de	Frau Lisette Buchholz B.Sc.	AB+	166
	1976-09-16	020-83-5522	"12120 William Island
West Melissashire, NY 42079"	2160		williamsann	2020/03/09	Wright, Moore and Mason	kelly94@gmail.com	Amber Escobar	O+	103
Leiteiro	1953-10-05	72419530616	"Ladeira Luiz Miguel da Luz
Vila Santa Monica 2ª Seção
80926-312 Nascimento / GO"	2128		olivialopes	05/05/2019, 00:00:00	Leão	barrosfrancisco@uol.com.br	Francisco Caldeira	B+	129
Pesquisador	1942-02-07	42581936070		1746		rebecacavalcanti	09 Jan 2023	Teixeira Silva - EI	cunhaluiz-felipe@hotmail.com	Benício Jesus	A-	688
	2022-03-27	03214986740	"Morro Marques
Barroca
99794055 Pacheco / MT"	1848		da-rochamaite	09/15/2024, 00:00:00	Cirino S.A.	da-cruzmiguel@bol.com.br	Ana Júlia Aparecida	A-	648
Drogist	1924-04-15	884-92-6644	"Hermannring 305
69620 Pinneberg"	2137		slobodan24	2020-10-15	Budig GbR	uthies@yahoo.de	Ing. Aynur Löffler MBA.	AB-	637
医師		233-90-6512	長野県目黒区勝どき12丁目16番11号	95		hnakamura	28 May 2023	有限会社鈴木食品	moriasuka@hotmail.com	藤原 くみ子	AB-	112
Surveyor, land/geomatics	2006-09-28	BGIMRL31T07C137N	"Via Ermes, 60
20005, Pogliano Milanese (MI)"	2183		cfracci	2024/05/28	Cagnotto-Parmitano Group	cremonesiarsenio@tim.it	Giulietta Orsini-Lucarelli	A+	504
Engineer, electrical		837-70-3919		71		dylan36	01 Sep 2025	Martinez-Stout	ericksonchristopher@hotmail.com	Roger Allen	B+	179
		502-60-5006	"Amalia-Bachmann-Weg 5
58176 Koblenz"	2048		leif13	2019/02/18	Hübel Hölzenbecher AG	stiebitzanika@gmx.de	Kornelius Ritter-Hettner	B-	3
	2008-02-12	789-03-4143	福井県横浜市鶴見区今戸38丁目27番3号 五味ヶ谷シティ214	348		manabu09	2022-12-01	藤田通信株式会社	matsudahideki@gmail.com	中村 桃子	AB+	128
		547-21-6867	"38757 Robert Path
East Maryberg, DC 53539"	1151		michellecopeland	2024-10-04	Robinson, Miller and Blair	ballardjoyce@yahoo.com	Michael Mcclure	O-	443
		582-82-2947	"Anett-Pohl-Ring 48-32
55877 Ahaus"	1798		evamariajockel	2021/10/23	Riehl AG & Co. KGaA	loossenta@web.de	Alla Mälzer	AB+	486
		866-14-0664	"Fliegnerweg 8/5
28671 Wurzen"	1546		rabealinke	07/18/2025, 00:00:00	Sontag Hellwig AG	aleksanderbaerer@gmail.com	Kunigunde Jopich	A+	202
		50936781475	"Quadra Cunha, 612
Europa
56898328 Souza das Pedras / MS"	1578		tsiqueira	2022-07-05	Aparecida Melo S.A.	pedro-miguel52@ig.com.br	Ísis Santos	B+	527
		295-75-2033	"85442 Galloway Manors Apt. 245
New Staceyview, MS 34500"	1381		cooperdanielle	2020/10/11	Osborne, Larson and Griffin	rreyes@hotmail.com	Andres Cervantes	O-	527
ゲームクリエイター	1992-02-09	623-76-0573	香川県北区秋葉原1丁目15番14号	2088		minorusato	2024-04-13	田中情報株式会社	akira94@hotmail.com	石川 花子	O-	2
		59328610451		790		alexia59	15 Jan 2023	Moura	heloisaalmeida@hotmail.com	Ana Laura Fernandes	B+	354
	1935-11-03	019-34-7180		1499		paulpowell	26 Feb 2024	Daniels PLC	vanessacarson@hotmail.com	Sarah Jones	B-	291
	1927-12-11	473-88-2204	静岡県富里市独鈷沢14丁目23番3号	240		sotaro20	08/18/2019, 00:00:00	小林印刷株式会社	dkato@hotmail.com	池田 晃	B+	250
	2017-03-19	596-28-6355	"Albert-Beier-Gasse 74-61
89998 Northeim"	945		qackermann	08/11/2023, 00:00:00	Kruschwitz Stahr Stiftung & Co. KGaA	hoevelwoldemar@yahoo.de	Rotraud Siering	B+	104
お笑い芸人		372-59-8692	香川県福生市西関宿35丁目1番1号	2107		watanabemomoko	10/16/2021, 00:00:00	橋本建設合同会社	yamaguchihideki@gmail.com	石川 浩	O-	114
		763-41-0206		582		isakamoto	2024/08/04	株式会社西村鉱業	tsuzuki@hotmail.com	吉田 里佳	O-	483
	2019-11-02	210-87-4053	"Wilma-Seifert-Platz 0
98352 Delitzsch"	224		johannannita	2020-06-15	Trubin Sager AG	alexejheuser@googlemail.com	Frau Kathi Gunpf	O-	664
Krankenschwester	1918-07-14	338-41-5872	"Liliana-Schinke-Platz 4/5
06435 Böblingen"	1225		detlef13	2022-09-30	Dehmel Zirme GmbH	tschentscherdarius@hotmail.de	Prof. Kristian Langern B.Sc.	A+	681
	1942-05-18	761-60-5041	"123 Jamie Streets Apt. 193
Lake Elizabethshire, PA 71511"	234		dillonmax	2019/05/26	Martin, Camacho and Griffith	usmith@gmail.com	Kimberly Mason	AB-	88
Contracting civil engineer		SCLLDI16M27L050B	"Canale Lolita, 640 Piano 6
23832, Margno (LC)"	292		navarriaclaudio	05/27/2024, 00:00:00	Pontecorvo Group	sgarbiluciana@libero.it	Cipriano Casellati	AB+	530
		152-27-6468	"Staudestr. 8-9
00356 Schwandorf"	1866		zhahn	2024-07-03	Seidel	jaehnconstance@web.de	Olena Neureuther-Biggen	O-	400
		80246351942	"Recanto Freitas, 97
Vila Novo São Lucas
16193-577 Gomes / PA"	1244		isisabreu	2019-02-11	Gomes	enzo-gabrielmonteiro@uol.com.br	Vitor Hugo Montenegro	A+	690
	2020-08-06	62045397106	"Pátio Milena Moura, 23
Universitário
42723771 Lopes / AM"	1517		jpereira	2021-12-23	Pastor - ME	arthur-miguel79@ig.com.br	Clara Santos	A-	514
		148-68-8498		264		osmith	05 Oct 2023	Pierce, Carter and Adams	jeanneowen@gmail.com	Anne Dillon	A-	583
		656-10-1092		228		kirsten76	02 Nov 2018	Henk e.G.	slobodan19@googlemail.com	Thoralf Jüttner MBA.	B-	472
Fachinformatiker		876-23-1352	"Jeanette-Pieper-Allee 1
02713 Lemgo"	745		ykoester	2024/07/05	Ruppersberger Gotthard GmbH	edit48@web.de	Hanna Schaaf B.Eng.	B-	643
	1913-01-10	222-06-8746	"Josefa-Börner-Allee 33/68
15602 Parsberg"	1216		jaehndesiree	22 Mar 2023	Schomber Jähn AG	mbuchholz@googlemail.com	Mirella Butte	A+	141
	1953-01-11	897-70-4015		1527		tomoyatakahashi	2021/02/01	吉田農林合同会社	rei33@yahoo.com	渡辺 真綾	AB+	477
	2022-04-28	GZZMRN75L04B977V	"Borgo Zanzi, 18 Appartamento 87
91025, Paolini (TP)"	1136		qangiolello	2024/10/09	Cadorna-Vanvitelli SPA	pedrazzinijolanda@tele2.it	Aria Vercelloni	O+	78
		BLBGLT87S27L990J	"Piazza Badoglio, 690 Piano 0
17026, Noli (SV)"	555		federico75	2023-10-06	Sordi SPA	cristina48@hotmail.com	Ermenegildo Boaga	A+	247
モデル		737-81-5609		359		hanako71	2019-05-08	合同会社藤原保険	ishiishohei@yahoo.com	伊藤 治	A+	355
Dentist		775-71-9797	"01444 Walker Mill Apt. 667
East Steventon, HI 79802"	204		edward89	07/21/2025, 00:00:00	Hardy Ltd	david51@yahoo.com	Bill Cummings	AB-	679
		198-82-4284	鳥取県八千代市湯宮41丁目19番2号	1938		hanakoabe	07/15/2019, 00:00:00	青木情報株式会社	kimurataichi@hotmail.com	松田 淳	A-	56
		131-10-5268	"Briemerallee 316
32290 Ebersberg"	1250		langernhertha	03/03/2025, 00:00:00	Bärer e.V.	jutta76@googlemail.com	Valerie Eberhardt	AB+	560
		MDCGVN33M68H803L	"Contrada Giolitti, 88
15013, Borgoratto Alessandrino (AL)"	2041		santorioclaudio	01 Jan 2022	Conte, Nitti e Pavarotti e figli	melinatonisto@libero.it	Alessio Fibonacci	O+	492
		058-48-2201		445		cisnerosjames	2019/03/13	Brown Ltd	edward36@yahoo.com	Karen Stuart	AB-	56
	2020-11-25	657-63-2868		1936		zachary54	05 May 2022	Gordon, Griffin and Hill	bwatkins@yahoo.com	Destiny Doyle	O-	297
	2005-04-08	310-85-6877	"Ioannis-Lehmann-Weg 1-4
31988 Forchheim"	582		wgeisel	2019-07-21	Zimmer	charlesadolph@hotmail.de	Emine Nette	A+	661
		675-93-8856	"Klaus-Günter-Rosemann-Allee 40-24
41553 Chemnitz"	2169		ingelore91	17 Sep 2025	Geisler Krause Stiftung & Co. KGaA	ehlertmichelle@googlemail.com	Fred Stroh	B+	300
	1918-12-02	731-26-1688	千葉県南房総市木立26丁目27番1号 コート千塚639	1819		sayurikobayashi	2022-01-27	合同会社佐藤鉱業	oyamamoto@gmail.com	中村 結衣	O-	707
Call centre manager	1990-10-06	568-27-1926	"79482 James Fork
North Katiemouth, SD 76855"	1825		deanrichard	06/06/2019, 00:00:00	Newman-Adams	sanchezcindy@gmail.com	Craig Frank	AB+	28
Chirurgiemechaniker		437-64-6965	"Drubring 812
07601 Hechingen"	145		uaumann	07/02/2022, 00:00:00	Neureuther Karz AG	eva-marianeureuther@hotmail.de	Lea Nohlmans	A-	270
Mãe social	1955-01-25	18534926042	"Estação de Jesus, 98
Carmo
53862498 Pacheco de Costa / AC"	411		nunescatarina	11/18/2018, 00:00:00	Marques S/A	urocha@hotmail.com	Lavínia Alves	B+	13
		173-73-6426	"USNV Sullivan
FPO AE 93329"	1270		andrew19	2022-06-06	Montoya-Phillips	mary31@hotmail.com	Angel Rosales	AB+	177
		880-16-7767	"Hans Dieter-Stey-Weg 55-87
34589 Hannoversch Münden"	1247		schmiedtgudula	12/25/2021, 00:00:00	Keudel	wdippel@gmail.com	Frau Lina Haase B.A.	B-	439
		682-32-6580	"Ruppersbergergasse 8314
80583 Crailsheim"	1372		qbohlander	09/26/2019, 00:00:00	Kabus	dloeffler@yahoo.de	Korinna Dowerg	O-	543
	2010-08-12	088-12-0290	"490 Nicole Crossroad
North Shirley, RI 58204"	2008		patricknelson	07/25/2019, 00:00:00	Barnes-Williams	todd84@yahoo.com	Richard Arnold	O+	665
	2024-06-14	TNCGLN69D57M324I		105		matteopascarella	2025/01/21	Procacci, Zola e Cavanna Group	ettoretrotta@vodafone.it	Dott. Lorenzo Foconi	AB+	625
アイドル	1966-08-02	244-99-5438	東京都印旛郡栄町脚折7丁目14番7号 シティ無栗屋763	1207		minoru63	20 Dec 2019	株式会社田中銀行	naoki82@gmail.com	高橋 真綾	O-	646
	2000-12-09	403-10-6129		2047		ofletcher	10 Oct 2023	Barrett, Turner and Freeman	sean38@gmail.com	Thomas Goodman	O-	528
Designer, textile		TRNRLD82A41I214U	"Incrocio Giampaolo, 620
52045, Foiano Della Chiana (AR)"	2028		melania69	07 Jan 2020	Sonnino, Muti e Combi e figli	morenapuccini@tim.it	Filippo Casaleggio	O-	547
		482-09-1521	秋田県横浜市保土ケ谷区麹町10丁目19番14号 シティ日光371	1900		hhayashi	24 May 2022	合同会社小林銀行	dishii@yahoo.com	遠藤 香織	B+	235
		011-13-2987	徳島県匝瑳市明石町39丁目20番4号 中鉢石町シャルム728	266		sotaronakajima	2022/05/30	有限会社福田保険	cyoshida@gmail.com	木村 舞	B+	135
	1928-12-01	71028934505	"Setor Nascimento, 9
Vila Independencia 1ª Seção
61585099 Araújo / MT"	789		borgesrafael	09/20/2023, 00:00:00	Casa Grande Fonseca e Filhos	lizrodrigues@uol.com.br	Pietra da Mota	B-	292
	1996-09-03	280-69-0400		513		william28	12 Nov 2021	Barrera, Berg and Cook	mleonard@gmail.com	Sherry Moore	AB-	55
	1969-07-17	062-39-2552	"Rudolphweg 71/88
25205 Saulgau"	540		hennerkusch	29 Dec 2019	Kusch	beerhans-detlef@gmx.de	Carl Hartung	O-	596
Fleischer	2024-09-03	620-66-1154	"Adolphgasse 86-22
75503 Wernigerode"	1631		cichoriusmonique	12 Jun 2019	Huhn	steynikolaos@gmail.com	Manja Schäfer	O-	556
Chirurgiemechaniker	1964-11-13	332-55-6918	"Arthur-Budig-Allee 6456
90936 Hannoversch Münden"	755		mudeserge	2023-08-07	Schottin	mariola75@web.de	Ljubica Ladeck	A+	84
Designer, exhibition/display	1978-10-26	BTTLLN98L12H410O	"Rotonda Soffici, 0
11025, Gressoney Saint Jean (AO)"	1680		gfornaciari	2020-07-04	Savorgnan-Gadda Group	olgagianetti@hotmail.com	Clelia Bossi	B+	90
Air traffic controller	2025-02-13	658-51-5596	"810 Andrew Junction
South Marissa, AR 99612"	2061		lorrainearellano	2019-02-22	Perry PLC	kimberlyheath@yahoo.com	Joseph Cole	AB+	192
	1994-03-07	936-16-7638		955		sjaehn	2025/01/21	Zimmer GmbH & Co. KGaA	hermann-josef56@googlemail.com	Dr. Cecilia Koch II B.Sc.	O+	615
	2016-01-14	CLGMRN70L24L957U		1453		raffaelloferragamo	2020/11/01	Giorgetti SPA	nordiodario@tim.it	Emma Civaschi	B-	654
Communications engineer		MRCGLI71C59B437H	"Strada Tina, 1 Appartamento 58
86029, Trivento (CB)"	778		fortunata57	2025/09/10	Angiolello, Iannelli e Cagnotto SPA	zgrimani@tin.it	Olga Camanni-Binaghi	A-	215
	1911-06-09	96251048794	"Núcleo de Melo, 4
Luxemburgo
37737-021 Nogueira / PB"	2082		vaparecida	03/25/2020, 00:00:00	Macedo	riosleo@hotmail.com	João Miguel Cavalcante	O-	84
		792-61-4330	"2779 King Street
Port Josephview, GU 54663"	1390		guzmanmichelle	11/16/2022, 00:00:00	Kane Inc	jeffreyedwards@hotmail.com	Alicia Williams	O-	166
	1991-02-26	205-50-3358	"Sontagstr. 65-45
60746 Saulgau"	1458		helmut92	2022/02/01	Stiebitz Scholl GmbH & Co. OHG	margarita57@aol.de	Prof. Hanno Täsche B.Sc.	AB-	494
		515-07-5104		750		xtaylor	12/28/2023, 00:00:00	Reilly and Sons	bmorales@yahoo.com	Brittany Ramirez	B-	286
		539-06-9810	"Weitzelstraße 1/1
70968 Anklam"	59		ryszardschinke	2022-11-02	Dussen van Scheibe KG	roderichweinhage@aol.de	Ing. Hedi Röhrdanz	O-	239
	2003-07-12	120-44-2707	"Theresa-Kensy-Platz 94/42
16061 Flöha"	1988		gino44	2022-09-25	Ziegert	hahnzlatko@yahoo.de	Mustafa Cichorius	O+	685
		582-17-2159	京都府川崎市高津区前弥六38丁目10番16号	1306		yuikato	2022/06/20	近藤通信株式会社	mkobayashi@gmail.com	伊藤 浩	B-	150
	1933-07-04	043-33-2555	岐阜県横浜市保土ケ谷区浅草橋16丁目21番18号	1084		harukahayashi	2020/07/18	小川運輸有限会社	ywatanabe@gmail.com	石川 直子	O+	381
		238-87-0584	青森県印旛郡酒々井町氏家新田41丁目27番12号 横林シャルム112	1931		yoichihashimoto	30 Apr 2023	有限会社山口食品	lkato@gmail.com	佐藤 治	O+	34
		594-78-9671	"271 Jeffrey Hills
Howardtown, MO 24281"	2061		xrobinson	2024-04-29	Benjamin Ltd	brianblack@gmail.com	Victoria Adams	O-	509
	1986-12-25	74615238053	"Campo Pereira
Santa Rosa
39856-783 Mendes da Praia / GO"	876		thomas22	23 Aug 2023	Rocha S/A	isabel28@uol.com.br	Sr. Nicolas Aragão	O-	300
	1953-05-12	19647580258	"Loteamento Moreira
Santa Monica
21457513 Moraes / SE"	1409		novaismaria-helena	28 Dec 2024	Azevedo	antonio85@gmail.com	Melissa Mendonça	A-	304
	2005-07-20	966-43-2488	"Reiner-Caspar-Straße 25-54
03246 Uffenheim"	2093		schenkercan	11 Feb 2020	Mülichen GmbH	biggenirmtraud@gmail.com	Univ.Prof. Ludger Söding B.Eng.	AB+	33
		RNDSLV32A50C616Q		387		silvestroiadanza	26 Feb 2019	Mastroianni Group	strevisan@tim.it	Bartolomeo Agostinelli	AB-	68
Engineer, mining	1929-02-26	MRTPNL36M56D972A	"Borgo Ficino, 67 Piano 2
23851, Sala Al Barro (LC)"	1290		liciavittadello	06 Jul 2023	Cammarata-Ammaniti e figli	nataliabellucci@outlook.com	Anita Pareto-Versace	B+	627
エンジニア演奏家		646-98-9636	静岡県武蔵村山市竜泉5丁目2番20号	1409		psuzuki	2019/05/29	有限会社太田建設	fsato@hotmail.com	高橋 裕太	B+	390
		690-95-8464		1656		iwatanabe	06 Apr 2025	株式会社松本情報	moriyosuke@hotmail.com	林 千代	A-	562
		TRSFDC75T16C022P		1323		calcedoniomorgagni	2023/12/22	Borromeo e figli	carolina85@libero.it	Santino Togliatti	A-	561
		490-30-5343		2002		sampsonkeith	2019-09-24	Rodriguez-Thomas	butleramanda@yahoo.com	Kevin Hunt	AB+	186
	1927-07-18	563-75-0888	"79906 Austin Highway
Rubiofort, PR 52143"	412		jordanmary	2021-10-17	Tanner Inc	sotorichard@gmail.com	Jason Lee	A-	236
	1935-07-05	258-31-5197		675		sara16	2023/11/18	Taylor, Chaney and Garrett	gstevens@hotmail.com	Janice Anderson	B-	3
脚本家		267-16-9970	新潟県狛江市西川24丁目16番14号	1134		yumiko19	2022/03/02	山本情報株式会社	watanabetaro@hotmail.com	鈴木 和也	A+	277
Immigration officer	1939-12-15	MNTLDI36C25A337B	"Viale Ilaria, 3 Piano 1
37100, Verona (VR)"	1806		elisafilangieri	04/11/2020, 00:00:00	Pisacane-Ramazzotti Group	trentinmattia@tin.it	Valerio Tebaldi	B+	121
		SVRDLS01L23H336J	"Rotonda Bodoni, 9 Piano 7
01037, Lago Di Vico (VT)"	303		pboito	2020-06-11	Dossetti, Alonzi e Eco Group	isabella94@libero.it	Margherita Gaggini	B+	21
	1947-04-20	552-60-8556	"893 Bryan Tunnel
Port Joshua, DC 67750"	751		bradley23	02/25/2021, 00:00:00	Peterson, Grimes and Petersen	fdennis@yahoo.com	Mr. Benjamin Wilson	O-	494
Technical author	1928-12-18	GLPMRA47P29H647E	"Borgo Ferragamo, 16
58044, Cinigiano (GR)"	237		eduse	07/06/2025, 00:00:00	Mennea, Fallaci e Bandello e figli	chiesacaterina@fastwebnet.it	Pellegrino Forza	AB-	43
	1978-04-21	03154679243	"Campo Cauê Correia, 58
Carmo
67646-548 Machado / SC"	726		ayla56	16 Feb 2021	Castro - ME	aparecidahenry-gabriel@gmail.com	Levi Machado	B+	264
	2006-05-26	CMNLNR00P15F586O	"Strada Trapani, 46 Piano 3
53047, Sarteano (SI)"	1013		rpelli	07/08/2022, 00:00:00	Rienzo Group	mlupo@gmail.com	Sig. Edoardo Pistoletto	A+	517
Winzer	2000-01-08	721-27-4540		328		hans-henningbarth	2019/06/26	Förster GmbH	juliusjockel@yahoo.de	Dr. Margita Kusch MBA.	AB-	473
Montador		35146278946	"Campo de da Luz
Santo Agostinho
31848-466 Silva / PA"	1843		limagustavo	01 Jul 2021	Cunha - ME	limajoao-lucas@ig.com.br	Dom Costa	O+	616
	1942-08-23	308-99-3665	"01367 Sandra Loop
Randyland, VT 39964"	968		davisanthony	2020-11-08	Luna and Sons	morachad@hotmail.com	Debbie Parker	AB+	479
	1987-05-19	37208541914	"Residencial Rezende, 40
Jardim Vitoria
10933373 Albuquerque / MT"	450		moreiraoliver	02/18/2019, 00:00:00	Nunes da Rosa e Filhos	enricovargas@ig.com.br	João da Luz	O-	155
Ranger/warden	1996-02-23	MRCNNZ49M29E049F	"Stretto Piovani, 84 Piano 4
67017, Marruci (AQ)"	1399		giampiero24	2024-11-08	Volta, Grifeo e Armellini Group	nlombroso@tim.it	Fiorino Gentileschi	B-	394
	1951-12-24	367-54-0684	"14518 Mckay Prairie
North Virginia, IA 13503"	785		wwong	12 Feb 2020	Crawford and Sons	pamelamaxwell@gmail.com	Matthew Hayes	A+	277
		028-83-1446	"Lorchplatz 6-2
80830 Wismar"	242		vernst	2024/07/30	Graf GmbH	dariushahn@googlemail.com	Julius Zorbach B.Eng.	B-	503
Occupational psychologist		311-08-7281	"859 Phillips Lights Apt. 674
Evanston, VT 44811"	1550		nhammond	2020/03/20	Krause-Hurst	smithmegan@yahoo.com	Mary Mercado	AB+	694
		735-79-6263	"Pietro-Gorlitz-Straße 554
34415 Recklinghausen"	201		eugeniakohl	04/14/2024, 00:00:00	Heintze Mülichen e.V.	girschnergert@web.de	Alwina Mitschke	A-	247
	1987-05-30	35268047965	"Estação das Neves, 70
São Cristóvão
60639-462 Peixoto dos Dourados / AL"	1635		oliviada-mata	2018-10-20	Pimenta	ovargas@uol.com.br	Luiz Gustavo Cirino	AB-	668
	1991-01-08	767-58-6333	"USNS Griffin
FPO AA 87096"	892		ccampbell	19 Sep 2019	Harrison-Rivera	anthony08@gmail.com	Walter Johnston	AB-	640
	1940-01-07	LGNBRR20H58M109F	"Stretto Interiano, 90
97017, Santa Croce Camerina (RG)"	639		caterinapagliaro	06/14/2022, 00:00:00	Asmundo-Tamburello s.r.l.	calcedonio89@alice.it	Camilla Alfieri-Porzio	A+	130
Geophysicist/field seismologist	1926-12-25	708-81-4734	"3406 Rebecca Locks Suite 029
Staceychester, PW 63864"	1026		davisstephanie	10/13/2018, 00:00:00	Horton, Green and Walsh	danielrivera@gmail.com	Claire Reyes	A+	326
Chemikant	1931-02-18	023-22-7485	"Karl-Wilhelm-Briemer-Platz 64
71310 Göttingen"	1542		lalbers	2022/05/15	Steuer	blochbaerbel@gmx.de	Walentina Radisch-Otto	A-	524
	1926-01-08	098-36-6070	"7808 Taylor Alley
West Stephen, GA 62986"	1054		tiffanyschneider	16 Sep 2023	Jefferson, Jarvis and Schmidt	brian44@yahoo.com	Jaime Diaz	B+	358
		083-45-8712	広島県立川市元浅草35丁目24番14号	504		otamomoko	03/10/2019, 00:00:00	合同会社佐藤銀行	ymori@yahoo.com	前田 智也	AB+	707
Corporate treasurer		544-49-2455	"0224 David Underpass Suite 088
Rachelburgh, KY 70722"	49		alilance	2020/02/18	Barrett PLC	mckenziejennifer@hotmail.com	Robert Stewart	AB-	696
Rural practice surveyor		DDUPTZ80R25A225M	"Canale Priscilla, 74 Appartamento 6
57022, Castagneto Carducci (LI)"	1902		aria26	2023/02/01	Maderno-Scaramucci SPA	letizia00@alice.it	Adelasia Schiaparelli	A-	465
Development worker, community	1958-04-28	CRSRKE37D30C073V	"Canale Niccolò, 536
41052, Monteorsello (MO)"	1006		clerner	11 Jan 2025	Mercati SPA	roccoemanuelli@vodafone.it	Nina Carullo	AB+	651
	1952-07-19	125-06-3832	"Müllerring 5612
65628 Bernburg"	175		egon54	2021-08-31	Zänker AG & Co. OHG	jzimmer@hotmail.de	Türkan Eckbauer-Mans	B+	683
	1918-07-01	52817609476	"Loteamento da Mota, 95
Liberdade
90758955 da Rocha / MA"	1245		nsilva	2025/04/17	Araújo Garcia - EI	julia29@ig.com.br	Dr. Anthony Gabriel Nascimento	O+	349
	1968-05-04	217-44-4800	秋田県川崎市宮前区下宇和田18丁目16番7号	1101		xyoshida	04 Apr 2024	合同会社佐藤銀行	nakamurayumiko@yahoo.com	木村 直子	A+	391
	1921-11-24	768-27-4781	千葉県品川区日本堤14丁目14番10号	1948		suzukishohei	2023/12/04	石井通信合同会社	yamadasotaro@gmail.com	山下 篤司	AB-	307
Technical sales engineer		VNDLND07P57F041D	"Stretto Roccabonella, 762 Piano 7
20863, Concorezzo (MB)"	1704		ymondadori	2023-06-04	Ricolfi, Babbo e Giacconi e figli	adriano42@live.com	Susanna Norbiato-Ginesio	AB+	239
	1997-10-23	709-31-5795	"3723 Marsh Mews Suite 517
Tristanview, OR 59942"	1176		brandyjacobson	15 Oct 2021	Wilson-Taylor	wilkersondaniel@hotmail.com	Chelsea Moore	AB+	551
	1918-01-13	LMGDMN58M47H221J	"Borgo Brancaccio, 1 Piano 0
86077, Pozzilli (IS)"	395		allegratravaglio	02/23/2019, 00:00:00	Salieri, Bulzoni e Zamorani e figli	impastatocesare@gmail.com	Sig.ra Rosalia Pareto	A+	603
	2011-03-21	210-19-4569		1043		satomiyamamoto	2019-02-23	株式会社林印刷	vkobayashi@hotmail.com	加藤 千代	A+	117
		BRNCSR24R46G148D		2051		marisapepe	2023/04/28	Boezio-Camicione Group	fabbripierluigi@fastwebnet.it	Sig.ra Etta Dibiasi	AB-	436
	1927-10-19	PZZNGC26R13B429L		2159		opagliaro	2018/10/05	Piccio, Brugnaro e Polesel s.r.l.	ovenier@gmail.com	Sig.ra Adele Montalti	AB+	142
	2013-01-30	BRSMRL55C04L544Z	"Contrada Ferdinando, 276
23026, Arigna (SO)"	241		eugenialeonardi	01/01/2020, 00:00:00	Iannuzzi-Ricciardi s.r.l.	lillabignardi@yahoo.com	Biagio Abbagnale	O+	431
	1927-03-26	32519840714	"Avenida de Vieira, 86
Betânia
10526-141 Fogaça da Serra / PA"	1103		emilly53	09/24/2018, 00:00:00	Jesus	rcamargo@hotmail.com	Dra. Maysa Garcia	O+	62
Sports administrator	1936-12-22	CMNCRN04D06F392J	"Strada Bevilacqua, 610 Appartamento 1
12010, Roaschia (CN)"	652		villarosacarla	2025/07/11	Pertile-Palmisano s.r.l.	stellastein@outlook.com	Eraldo Travaglia	AB+	528
		PLNZRA41L02C715P	"Viale Cecilia, 569 Appartamento 3
83051, Nusco (AV)"	430		ritamicca	2021/07/05	Serraglio-Bazzi s.r.l.	montanariellogiuliano@gmail.com	Giosuè Casini	AB+	658
		655-02-5240	"842 Rebecca Stream Suite 150
Port Leeburgh, NJ 78565"	1711		wilcoxrichard	2021/08/03	Anderson PLC	xkent@yahoo.com	Jill Hanson	O+	296
モデル	2016-07-08	748-01-4914	奈良県西東京市無栗屋38丁目5番3号 南赤田パーク876	417		ryosuke43	28 Oct 2018	山口建設株式会社	suzukihiroshi@yahoo.com	佐藤 聡太郎	O+	14
	1985-08-30	43865091270	"Esplanada de Sousa, 70
Vila Da Luz
56452845 Moura / RS"	947		lmendes	06/28/2022, 00:00:00	Vasconcelos	maya84@yahoo.com.br	Ana Julia da Rosa	O+	72
Arzt	1957-04-19	288-41-9656	"Conradiallee 1/7
36058 Fulda"	884		rabea01	11/11/2022, 00:00:00	Mende GmbH	henningkoester@hotmail.de	Dipl.-Ing. Traugott Bolander	A-	454
	2000-05-10	292-05-2316	沖縄県長生郡一宮町台場14丁目1番12号 西川シティ844	1842		yosukehayashi	2022-03-27	山本情報合同会社	nakajimamanabu@gmail.com	吉田 花子	AB-	289
	1998-02-03	MNDRMO97S42A440U	"Stretto Costanzi, 966
32031, Fener (BL)"	1319		carmelo12	2023-07-18	Nugnes e figli	ignazio43@libero.it	Romina Impastato	AB+	83
	1973-07-07	PZZGDU60H50B432K	"Rotonda Beccheria, 8
34133, Trieste (TS)"	507		ninettabondumier	2022-08-22	Deledda Group	guarientoanita@libero.it	Massimo Montanari	B+	87
Field trials officer	1918-04-18	MRCLPD48D48E284A		74		benigniagostino	09/05/2020, 00:00:00	Bersani-Nolcini e figli	dolorestacchini@gmail.com	Sig.ra Annamaria Branciforte	O-	475
	1978-11-08	844-31-3061	"9941 Stephen Trafficway
Williamsside, MI 29316"	1120		murphynicole	2023/08/07	Davis PLC	judith47@gmail.com	Melanie Herrera	O+	236
	1914-07-09	FOXCRI45P60B969N	"Borgo Borgia, 95
89034, Bovalino (RC)"	166		armelliniannamaria	2021-02-03	Bonatti s.r.l.	piersantiguicciardini@poste.it	Valentina Zamengo	O+	137
	1985-11-15	CLVPSL27T50L845N	"Canale Gianluca, 89
13818, Tollegno (BI)"	1558		llettiere	2020-10-18	Iannucci s.r.l.	camillosmirnoff@tim.it	Alfredo Cignaroli	A+	467
	1910-08-22	616-60-0903	"64402 Eugene Isle
Rodriguezside, MO 31328"	1302		nancybrooks	2020-09-04	Harris-Hernandez	joshua25@yahoo.com	Angela Duncan	B-	381
Profissional de educação física	1916-10-28	07943821505	"Colônia Novaes, 70
Candelaria
84882080 Andrade / MS"	863		macedoeloah	2021/01/30	Souza - EI	ravysilva@hotmail.com	Anthony Camargo	O-	59
		007-29-0084	秋田県小笠原村方京31丁目26番3号	1298		dyoshida	2021-09-13	合同会社加藤電気	hanakomatsuda@gmail.com	遠藤 真綾	AB-	442
		322-35-9952	"Preißplatz 95-93
34352 Geldern"	824		angelina10	15 Nov 2024	Dörschner Ladeck GmbH	bernwardbarkholz@gmail.com	Prof. Frederic Noack B.Eng.	AB-	47
	1978-09-22	CLLLNA14D11B613J		883		giacconipiermaria	06/26/2022, 00:00:00	Trincavelli-Regge Group	sergiusanguillara@gmail.com	Nina Cardano-Muti	O+	474
	1972-10-13	792-09-8354		1441		logan80	2020/03/01	Roberts Ltd	dlopez@yahoo.com	Megan Hampton	A+	344
行政書士	1926-09-12	102-39-6918	三重県福生市中宮祠34丁目27番9号	1328		kimuraminoru	2022-09-08	株式会社林情報	hsuzuki@hotmail.com	渡辺 里佳	A-	45
Solicitor		PLMDMA61C70C079J	"Piazza Dina, 476 Appartamento 60
24100, Bergamo (BG)"	1921		pvolterra	10/16/2021, 00:00:00	Scarfoglio s.r.l.	violavirgilio@gmail.com	Concetta Solari	O-	409
漫画家	1933-01-13	594-35-5347	福岡県御蔵島村前弥六19丁目8番14号 コーポ轟090	346		dwatanabe	10/12/2018, 00:00:00	伊藤電気合同会社	tsubasa84@hotmail.com	山下 治	B-	410
Profissional de linguística		84263791096	"Colônia Jesus, 98
Dom Silverio
34286085 Fonseca / RO"	1956		dalmeida	2023-06-25	Martins S/A	rodrigueslivia@bol.com.br	Dra. Alice Macedo	O-	128
	1940-06-17	FRRFLV19P30F665T	"Stretto Toldo, 4 Appartamento 5
50038, Scarperia (FI)"	1069		ciprianomarenzio	2018-11-08	Vezzali-Santi s.r.l.	hpedroni@tiscali.it	Bettina Cicala-Rienzo	B-	80
	2010-08-26	BNDRNL17D08H462Y	"Stretto Gianvecchio, 41 Appartamento 0
25124, Brescia (BS)"	345		danilobonatti	04 Mar 2023	Branciforte s.r.l.	roccalisa@vodafone.it	Alphons Guicciardini	B+	135
Lawyer		456-06-8500	"6646 Blanchard Drive
Maryborough, OR 13602"	843		angela51	11 Jul 2020	Moore, Thomas and Johnson	erica75@hotmail.com	Jeffery Lucas	B+	574
Engineer, structural	1923-12-17	TPLMME18E18A619L	"Stretto Savorgnan, 654 Piano 5
38047, Sevignano (TN)"	1380		bettina00	09/06/2024, 00:00:00	Santoro, Rizzoli e Bembo e figli	scandonepomponio@libero.it	Alina Marenzio	B-	585
	2008-05-13	FFRCRD68P58I534S	"Strada Ivan, 74
50142, Firenze (FI)"	707		annibaleolivetti	2024-01-10	Manacorda, Cerutti e Trezzini s.r.l.	hparuta@vodafone.it	Pina Zarlino	O-	166
		232-64-0366	奈良県神津島村蔵前25丁目11番8号 鍛冶ケ沢シャルム020	948		nanamifujita	2020/11/05	前田鉱業株式会社	mikako36@hotmail.com	中村 香織	B+	323
Chief of Staff		082-04-7047	"83126 Angela Lights
New Joelstad, MN 34269"	1969		mark47	2022-04-12	Johnson-Fuller	gmcintyre@hotmail.com	Benjamin Fox	AB+	440
	1947-01-20	703-59-7232		1860		christopherhuang	2023-06-01	Villanueva, Richardson and Joyce	christyjones@yahoo.com	Antonio Williams	AB-	47
		284-48-5058	"Karlfried-Vogt-Allee 2/6
53293 Diepholz"	1651		dowerglilo	07/17/2023, 00:00:00	Pechel AG & Co. KG	zoltan55@gmail.com	Nikolaj Kreusel	O-	509
	1983-11-16	642-35-9479	"Klemens-Seip-Allee 62/65
58770 Eckernförde"	471		birgid91	2020-03-19	Rose Hermighausen GmbH	ckoehler@web.de	Gabi Krebs-Girschner	AB+	56
	2013-09-21	566-80-4296	"Wohlgemutplatz 56
87417 Viersen"	2181		helmuth12	2023/04/18	Gnatz	ebirnbaum@aol.de	Dr. Ewald Gierschner	B+	217
	1922-09-06	413-18-2468	"Cichoriusallee 90/92
02492 Neunburg vorm Wald"	144		irmhild10	2024/02/08	Trubin	songuel86@hotmail.de	Jutta Gute-Berger	AB+	434
イラストレーター	1930-05-26	407-99-0670	沖縄県杉並区柿木沢新田4丁目14番5号 ハイツ卯の里433	1799		osamunakamura	2025/06/20	清水電気合同会社	naoko97@hotmail.com	村上 幹	AB-	387
	1992-02-06	148-23-9701	"Anna-Eigenwillig-Gasse 48/41
06924 Lüneburg"	4		holzapfelmeinrad	03/27/2024, 00:00:00	Häring	wendesylvio@googlemail.com	Freddy Lorch	B-	279
Artista plástico		26075143980	"Recanto Rodrigues, 179
Santa Efigênia
79011-753 Vieira / CE"	651		luisamoraes	2021/03/14	Lima S.A.	dsa@uol.com.br	Sra. Hellena Sousa	AB+	86
General practice doctor		469-67-6919	"Unit 1733 Box 1394
DPO AA 26970"	1745		charleshernandez	2019/11/17	Jenkins, Clark and Lopez	bishopcheryl@yahoo.com	Daryl Martinez	B+	5
	1969-06-12	51983260703		2095		bfernandes	23 Mar 2023	Borges	thiagosantos@hotmail.com	Srta. Maria Cecília Rios	O-	249
航海士	1973-10-21	323-88-7606	宮城県南房総市三筋33丁目18番2号	479		atsushi18	30 Nov 2022	井上銀行有限会社	suzukikenichi@hotmail.com	木村 翼	B+	399
	1953-03-27	GRVRMN39D08I536P	"Rotonda Monduzzi, 99
13024, Cellio (VC)"	1291		leopardinicolo	2021-11-20	Rosmini, Ceci e Sanguineti e figli	fabbriguarino@gmail.com	Gloria Canova	O+	337
	2001-08-20	75821043662	"Fazenda de Pacheco
Ouro Preto
94689758 Machado / PR"	1743		freitashellena	07/19/2022, 00:00:00	da Costa - ME	leo49@hotmail.com	Bernardo Nogueira	A+	29
	1925-01-26	480-18-1212		1005		igeisel	2020/06/12	Wagner GmbH & Co. KG	dorotagrein-groth@googlemail.com	Adalbert Scholl	B-	683
Investment banker, operational		SRNGML03S42F017D	"Borgo Veronica, 6
15059, Volpedo (AL)"	1861		pomponiozito	10/16/2021, 00:00:00	Pelli-Mattarella e figli	lodovico62@yahoo.com	Priscilla Garibaldi	O+	507
	1928-05-19	420-68-5894		1413		wyamazaki	12/03/2022, 00:00:00	中村電気株式会社	shota93@yahoo.com	中村 陽子	O-	142
		658-95-4552		2037		nnguyen	06 Dec 2019	Bates PLC	ustone@hotmail.com	Larry Edwards	AB+	227
	1966-11-29	150-69-0534	"Ekkehard-Hendriks-Ring 75-89
56247 Siegen"	2169		ilachmann	18 Aug 2022	Scholz GmbH	herbert25@gmx.de	Waltraut Hiller	AB+	548
		984-54-6098	"Anto-Rust-Allee 84-95
66278 Eisenach"	1742		benno47	2024/11/06	Kaul GmbH	hansjuergenseidel@gmx.de	Luciano Eigenwillig	O+	703
Scientist, audiological		NBLBRC70T21G639K		1052		mascheronipierina	2024/06/22	Tonisto-Travaglia Group	flaianotiziana@gmail.com	Tonia Grisoni-Lercari	O+	27
		481-74-6840	福井県あきる野市元浅草26丁目12番20号 芝公園コート798	2013		mikihayashi	07 Feb 2022	株式会社石井鉱業	miuramikako@gmail.com	山田 直子	AB+	91
Pilot, airline	2021-12-24	801-88-5744	"424 Mark Burg
Parkerhaven, CT 91469"	719		julieevans	21 Jun 2019	Chavez Group	balljames@hotmail.com	Zachary Henry	A-	205
	2002-09-22	385-78-5034		1163		attila34	22 Dec 2020	Döring	friedlgute@gmx.de	Josip Werner	A+	239
Chartered loss adjuster	1930-01-01	269-31-0047	"81246 Justin Ferry
North Scottfort, MA 29325"	1350		adammendez	02/17/2021, 00:00:00	Jacobs Ltd	potterjoshua@gmail.com	Jillian Mcdonald MD	A-	458
	1992-01-19	GLTMDA60T58E416L	"Rotonda Livio, 44 Appartamento 2
76016, Margherita Di Savoia (BT)"	1874		itoso	2022/09/06	Bacosi, Pometta e Alboni SPA	pratipasqual@hotmail.it	Tatiana Sansoni	AB+	683
		91032486589	"Lago de da Mata, 4
Túnel De Ibirité
40144-036 Machado / RN"	987		rafael97	18 Aug 2019	Fogaça	wcamargo@bol.com.br	Aurora Viana	B+	339
		603-93-4800	静岡県小平市脚折町29丁目17番4号 コーポ勝どき176	539		ryosuke01	2019/04/22	伊藤ガス株式会社	sasakihiroshi@gmail.com	伊藤 翼	AB-	439
		428-20-0166	"5234 Allen Inlet Suite 231
Lake Jason, MS 33453"	1619		ecarson	23 Sep 2020	Rodriguez and Sons	ricky18@hotmail.com	Kimberly Huff	O+	265
	2009-08-24	471-03-0351	"Unit 0999 Box 1550
DPO AP 85401"	819		hwalker	2025-02-23	Williams LLC	qmoore@hotmail.com	Christopher Nguyen	B-	628
コピーライター		268-93-4338		1996		tsubasaikeda	2024-06-07	加藤通信有限会社	tanakakazuya@yahoo.com	吉田 明美	O+	584
Geologist, engineering		GGLMRN34R05I986M	"Rotonda Villarosa, 18 Piano 4
95037, San Giovanni La Punta (CT)"	1457		mariano85	11 Feb 2025	Morellato, Tamburi e Lancisi Group	foconiangelina@fastwebnet.it	Allegra Luzi	B-	255
	1991-10-30	943-27-0457	"Lilo-Eberhardt-Straße 51-16
81017 Dresden"	209		lsteuer	2021-05-21	Heß AG	dietertschentscher@gmail.com	Eckhard Girschner	A-	149
	1941-07-31	SNTLDC63C46A945J	"Incrocio Livia, 798 Appartamento 64
53011, Fonterutoli (SI)"	1526		gionata37	05/25/2019, 00:00:00	Tutino s.r.l.	binaghimassimiliano@gmail.com	Serafina Golino	O+	406
	2010-12-26	352-83-3514	"Wilma-Henck-Allee 35
75341 Grevenbroich"	621		amaliabarkholz	2023/12/25	Jockel	reimer98@gmail.com	Dipl.-Ing. Hans-Werner Zorbach	AB+	333
	2021-04-30	749-01-5879	"664 Diane Passage Apt. 503
Amyville, OK 92573"	1871		jane26	2024/10/07	Dunn, Morales and Rice	yholmes@hotmail.com	Regina Hill	O-	234
		28649571328	"Vila Eloah Castro, 31
Itatiaia
44831-180 Costela / MS"	460		evelyn85	2023-01-31	Sá	gaelazevedo@bol.com.br	Sr. Benjamin Cassiano	B+	398
	1950-04-10	334-64-8108	"73342 Horn Forge Suite 012
Kochland, VI 56126"	68		edward89	2021/07/24	Simpson-Rodriguez	lynchjason@yahoo.com	Stephen Rogers	B+	347
		823-93-6225	"Suse-Plath-Ring 9/8
92332 Paderborn"	1150		burckhard18	2022-08-16	Klemt OHG mbH	connybarkholz@aol.de	Dr. Lidija Vogt B.Sc.	O+	543
Polizist	1952-11-21	218-45-5697	"Geiselallee 390
78872 Erbisdorf"	1276		nurettinchristoph	19 Jan 2019	Conradi Wilmsen AG & Co. KGaA	hagen28@aol.de	Karl-Hermann Salz	B+	627
Pilot	2025-06-02	394-85-7434	"Jochen-Segebahn-Allee 162
18713 Rothenburg ob der Tauber"	1400		miestelse	07 Dec 2021	Baum Schüler AG	coramartin@gmail.com	Alwine Ernst	AB+	88
	1990-06-14	CLLRFL53L64C816D	"Rotonda Danilo, 992
88022, Acconia (CZ)"	194		ettore91	20 Nov 2019	Nicolini e figli	laura83@tele2.it	Dott. Fausto Sinisi	A-	481
		484-93-4087		105		cassandraallison	07/12/2024, 00:00:00	Torres, Edwards and Woodard	frankrangel@gmail.com	Michael Cannon	A+	296
	1973-04-28	110-67-5624	"682 Simmons Village Suite 118
Dawsonside, IA 88364"	1069		wblake	09 Dec 2019	Jones, Hill and Owen	yhernandez@gmail.com	Jessica Porter	AB+	620
	1924-01-23	186-79-5284	"Tröststr. 7-5
41345 Neuruppin"	359		ykitzmann	02 Apr 2019	Schaaf	salzhalil@web.de	Gertraud Stiffel	AB+	583
		BRRCLD39T61G476D	"Contrada Tullio, 339 Piano 0
81050, San Felice (CE)"	467		berenice13	2019-04-24	Trevisani Group	giulianazabarella@gmail.com	Maria Bettin	A-	235
Produtor editorial		23476509125	"Viela de Costela, 36
Biquinhas
46343-850 Lima / CE"	131		davi-lucasda-mota	2024/11/14	Farias	gomesana-clara@ig.com.br	Matteo Rodrigues	A+	415
		585-45-3511	"USNV Stone
FPO AP 67971"	1715		nvazquez	2019-12-07	Grimes and Sons	brittanymartin@gmail.com	Ashley Price	O+	411
	1974-06-18	SCRRRA73B21L118W	"Strada Carpaccio, 356 Piano 2
34134, Trieste (TS)"	654		valeriaabatantuono	2021-03-07	Barzini-Folliero Group	acasagrande@fastwebnet.it	Elena Maderno-Mennea	B-	216
		868-77-4355	"1645 Dustin Meadow
New Jamiemouth, DC 03407"	1776		ethan89	2022-01-15	Hudson Inc	amartin@gmail.com	Donna Odom	O-	59
	1978-08-19	BFFCLR51E62L251S	"Contrada Daniele, 1
15066, Gavi (AL)"	718		ariassoannamaria	2024/01/29	Andreozzi Group	lucianafioravanti@fastwebnet.it	Mariana Seddio-Curatoli	A+	65
Museum/gallery conservator	2000-02-11	645-71-2688	"9488 Santiago Mount
South Brendanborough, WY 58555"	1003		gmoore	03/29/2024, 00:00:00	Sullivan LLC	garcianicole@hotmail.com	Jared Gordon	A-	510
Transport planner	1963-09-16	TRCBRC76E10C938W	"Borgo Vendetti, 19
07046, Asinara Cala D'Oliva (SS)"	1709		massimilianolettiere	2024-05-25	Miniati, Morlacchi e Cianciolo Group	angelina45@outlook.com	Sig. Ferdinando Bandello	B+	539
	1920-09-22	786-29-7475	"993 Guerrero Mills Apt. 035
Donnatown, TN 88564"	1026		udouglas	08 Feb 2022	Davis Inc	ashley54@hotmail.com	Laura Bryant	O-	664
	1998-09-05	MNTLVI77T71D890V	"Piazza Lodovico, 588
80040, Trecase (NA)"	1346		emiliodruso	2020-03-19	Detti, Endrizzi e Vianello SPA	filippinibenvenuto@virgilio.it	Romana Mengolo	O+	76
Higher education lecturer	1938-01-03	111-56-1617	"7551 Mario Mission Apt. 213
Anthonyville, UT 22220"	1233		wendydougherty	08/18/2023, 00:00:00	Lewis, Vazquez and Walker	whitechristina@gmail.com	Melinda Welch	AB-	273
	1968-10-22	68743052126	"Jardim Giovanna Rodrigues, 881
Anchieta
17886993 Moreira de Sampaio / RS"	676		kguerra	06/02/2023, 00:00:00	Silva	costamaria-julia@uol.com.br	Nina Pastor	B-	7
		562-17-4665	"Wohlgemutstr. 1465
19968 Wurzen"	1362		swen22	2019-03-27	Heintze	oderwaldrita@web.de	Hilde Fröhlich	O+	305
		CRCGCN41P48I052C		564		xrossi	08/19/2023, 00:00:00	Rapisardi, Forza e Caetani e figli	toniafracci@libero.it	Michela Malpighi	A-	612
	1934-10-19	SLVRMS91A54C783B	"Strada Greca, 16 Appartamento 7
80143, Napoli (NA)"	1703		beatricechittolini	30 Nov 2023	Tagliafierro-Bianchi SPA	carlamarconi@fastwebnet.it	Antonella Ficino	B-	292
	1967-08-22	848-31-1265	"Keudelallee 99
12242 Burg"	172		ruppersbergerleopoldine	2022/09/13	Jäntsch	striebitzchantal@gmx.de	Francisco Textor	A+	220
コピーライター	1953-03-23	314-64-1247	福岡県横浜市都筑区渡辺34丁目5番10号 南赤田ハイツ458	1312		naoto03	2021-01-12	有限会社遠藤運輸	umatsumoto@hotmail.com	高橋 健一	B-	316
	1966-05-04	RGNRFL50T16D784Z	"Canale Nonis, 90
83037, Montecalvo Irpino (AV)"	256		efornaciari	09/23/2020, 00:00:00	Falier SPA	tatianazanazzo@virgilio.it	Adriana Soprano	AB-	343
Asphaltbauer	1915-09-02	968-95-2295	"Pohlring 87/70
39470 Starnberg"	120		joergmuelichen	11/14/2020, 00:00:00	Hettner Scholl GbR	langeedward@aol.de	Violetta Krebs	B-	410
	1979-07-16	682-68-3415	"2690 Baker Street Suite 356
South Barbara, TN 99659"	592		walkerstacy	02 May 2025	Livingston LLC	cherylwilliams@hotmail.com	Brent Romero	O-	245
脚本家	2018-02-03	596-18-1498	山形県横浜市緑区千束17丁目13番15号 氏家パーク602	1576		kimurarei	27 Apr 2023	株式会社松本農林	suzukikyosuke@hotmail.com	清水 陽子	O-	299
Medizininformatiker		586-09-2139	"Gröttnerallee 3
88201 Gotha"	418		jost69	2024/11/20	Fechner	hessemaria-theresia@aol.de	Jonathan Kostolzin	AB-	533
	1950-01-08	MRCPNL58R44L039I	"Strada Sandra, 8
60129, Varano (AN)"	133		mariamodigliani	02/05/2023, 00:00:00	Muti-Goldoni e figli	galboni@virgilio.it	Paola Gangemi-Dossi	A-	257
		499-86-1352		953		shota90	07/07/2025, 00:00:00	有限会社佐藤水産	rikanakamura@hotmail.com	太田 裕太	B+	349
Engenheiro físico		56281094794	"Estação de Macedo
Vila Calafate
38297-406 Costa / ES"	351		thomas21	06/20/2025, 00:00:00	Araújo	isaque91@bol.com.br	Srta. Melissa Leão	A+	159
Newspaper journalist		561-60-6969	"35120 Jeremy Fall Suite 675
Reedside, FM 12557"	867		bryanharris	2023-06-28	Leblanc, Ortiz and Stokes	ocarpenter@gmail.com	Melissa Harvey	B+	103
	1927-12-17	326-81-1673	"Volkhard-Ebert-Straße 2/3
60516 Marktheidenfeld"	206		katja09	2023-11-12	Rosemann	nbien@yahoo.de	Gisa Wagenknecht	B-	614
Sacoleira	1991-04-26	10985673230	"Setor de Almeida
São Lucas
27885659 Borges das Flores / RS"	126		lda-rosa	09/30/2021, 00:00:00	Fernandes Santos - ME	ibarbosa@bol.com.br	Apollo Albuquerque	A-	25
Polizist		358-08-5744	"Donald-Weiß-Gasse 98/32
53663 Mayen"	1950		brigittakabus	12/17/2019, 00:00:00	Kuhl GmbH & Co. OHG	lotharkraushaar@yahoo.de	Ing. Patric Eckbauer B.Eng.	O-	65
	1958-07-14	822-33-2041	秋田県日野市高田馬場14丁目26番12号	1464		gyamamoto	06/24/2023, 00:00:00	有限会社小川農林	taronakagawa@gmail.com	高橋 明美	AB+	647
		71325496855	"Área Hadassa Rios, 5
Cidade Jardim Taquaril
13158121 Almeida do Amparo / DF"	800		nnovais	29 Dec 2019	Pereira	leonardo91@uol.com.br	Stephany Siqueira	AB+	88
Solicitor		593-59-8851	"915 Herring Gateway Apt. 941
Port Jessica, HI 81242"	797		warrenalan	2025-08-30	Nguyen, Wright and Lee	georgedon@gmail.com	Amber Luna	A+	645
		GNNGSP37E29I724H	"Strada Graziano, 35 Piano 4
09100, Cagliari (CA)"	1069		ranieri64	08/12/2023, 00:00:00	Scarpa, Chittolini e Goldstein Group	ocheda@libero.it	Arsenio Balbi-Mazzi	B+	502
Records manager	1998-01-04	695-97-4577	"069 Thomas Mountain Apt. 809
East Joseph, PR 77634"	1567		fmorris	2024/04/11	Bauer Ltd	mariahgonzalez@gmail.com	Amber Palmer	O-	690
Education administrator	1991-02-11	636-24-6560	"32166 Crystal Dale
North Danielville, WI 61362"	1944		alexanderbraun	06 Mar 2021	Harris-Alvarez	evanoconnell@hotmail.com	Emma Clark	AB+	90
		VRNRRA76C17F874C		1318		matteotravaglia	2021-10-22	Strangio-Morricone e figli	catenazzisole@libero.it	Sig.ra Sylvia Finotto	AB-	221
	1926-12-20	84125907323	"Estrada de da Cruz, 84
Lorena
16934-785 Cavalcanti / CE"	705		gustavo17	2019-09-02	Novaes	pastorraul@bol.com.br	Julia Camargo	A-	700
Environmental education officer	1962-10-24	VRNNNS32D09E368P	"Viale Venditti, 1 Appartamento 69
15021, Sanico (AL)"	1995		villarosafilippo	30 Dec 2022	Donini, Fornaciari e Quasimodo s.r.l.	guglielmo96@alice.it	Germana Dossi	AB+	549
IT technical support officer		BBBNNS36P30H683F	"Rotonda Giacobbe, 46
01033, Borghetto Di Civita Castellana Stazione (VT)"	12		raffaello44	2025/02/09	Ariosto Group	alphonscuratoli@alice.it	Marta Taliani-Forza	B-	515
		NGSSBL36S13E192O	"Stretto Rosmini, 55
60024, Filottrano (AN)"	1037		calcedoniocastiglione	14 Jan 2023	Montalcini-Bonomo SPA	maurilio60@tin.it	Angelina Tarchetti	B+	646
Binnenschiffer		603-99-6052	"Marvin-Roskoth-Weg 3-7
04630 Lobenstein"	1931		enginmargraf	2020-04-30	Stroh AG	zdravkokobelt@web.de	Ayse Köhler	A-	423
		776-23-4886	"Jopichgasse 83/70
07244 Meißen"	553		strohklaudia	10 Jun 2021	Sager Gude Stiftung & Co. KG	weberth@googlemail.com	Diethard Scheibe	A-	7
		155-49-5742	"USNS Dunn
FPO AE 82032"	1663		rodneymartinez	12/29/2024, 00:00:00	Garcia, Orozco and Diaz	steven76@yahoo.com	Dennis Rogers	AB-	99
		274-46-6509		1579		ysato	2023-05-01	藤井農林有限会社	tanakaakemi@yahoo.com	林 零	B+	173
	1920-11-09	375-17-0979	"Caterina-Hellwig-Weg 99-92
63721 Flöha"	1703		kallertivo	2019/09/24	Gerlach Bruder KG	hasanhaase@gmail.com	Kurt Schmiedecke	B+	537
		FTTMCL08A62A157N	"Borgo Ferrata, 39
87052, Camigliatello Silano (CS)"	311		lruberto	06/01/2019, 00:00:00	Rienzo, Briccialdi e Nievo Group	rismondoalberico@gmail.com	Sig.ra Renata Bernini	B+	668
漫画家		481-45-9704	岐阜県印旛郡本埜村戸山3丁目23番11号 クレスト鍛冶ケ沢755	585		taichi39	2018-12-25	岡本印刷合同会社	satotakuma@hotmail.com	藤田 美加子	B-	360
		47165208976	"Loteamento Rios
Conjunto Paulo Vi
80928484 Melo da Serra / PE"	1288		dalbuquerque	02 Jul 2019	Monteiro	fernanda74@yahoo.com.br	Dra. Sophie Novais	B+	270
		535-86-0233	"Kraushaarstr. 193
44670 Bersenbrück"	565		bschweitzer	11/07/2020, 00:00:00	Rudolph Bien Stiftung & Co. KGaA	ilias34@aol.de	Ferdinand Mende	A-	681
		471-54-9237	香川県大田区四区町29丁目4番14号	1946		jsato	10/12/2021, 00:00:00	佐藤保険有限会社	yamashitaharuka@gmail.com	高橋 陽子	AB+	553
		818-78-6919	栃木県鎌ケ谷市前弥六南町35丁目25番13号 コーポ元浅草285	1314		fujiwarakyosuke	2020/02/29	合同会社吉田保険	yokoikeda@yahoo.com	松田 舞	B+	173
		822-94-9079	"11560 Duncan Inlet Apt. 387
South Jenniferhaven, OH 74700"	1154		kimberly61	02/01/2022, 00:00:00	Erickson, Romero and Johnson	timothyberry@hotmail.com	Tiffany Jones	AB+	470
Mining engineer	2009-02-03	GBBLSE98A03F020L	"Borgo Giovanna, 187 Appartamento 47
27057, Varzi (PV)"	43		ivangiulietti	07 Apr 2021	Travaglia-Bongiorno SPA	pompeocianciolo@hotmail.com	Serafina Pirelli	AB-	556
		CRCMRA48M20B188J		25		zverga	08 Sep 2024	Scalfaro s.r.l.	napoleoneluxardo@vodafone.it	Danilo Moccia	A+	575
	2009-03-26	TDSNDD57E30E896C	"Viale Orazio, 8
14030, Frinco (AT)"	639		hstefanelli	24 Jan 2022	Antonetti Group	alessandro12@tiscali.it	Monica Ajello	AB-	503
Arzt	1917-11-22	866-66-7626		418		fatihbeier	03/17/2019, 00:00:00	Schweitzer GmbH	fcarsten@hotmail.de	Dr. Orhan Sauer B.A.	A-	152
	1924-09-07	MNDMRZ38A65D717A	"Contrada Camillo, 3
24063, Castro (BG)"	702		msauli	2018-11-26	Mazzanti, Pacelli e Gemito SPA	gioacchinoriccati@gmail.com	Nicoletta Ferrabosco	A-	230
Governador	1940-05-28	96057241894	"Vale de da Luz, 28
Coração De Jesus
16375-635 Fonseca / BA"	462		nrios	02/11/2021, 00:00:00	Silva	sabrina06@hotmail.com	Manuella Novaes	A+	284
Winzer	1964-05-14	929-39-1675	"Marieluise-Jungfer-Weg 783
53452 Schlüchtern"	1265		wweiss	16 Nov 2023	Patberg	kgotthard@aol.de	Thilo Mälzer B.Eng.	B+	326
		503-56-8417	"369 David Mews
West Connorbury, NJ 66288"	1112		johnsonheidi	2022/05/31	Newton, Jimenez and Walker	heather39@yahoo.com	Donna Hall	B+	321
医療事務員		559-60-8283	広島県横浜市磯子区池之端5丁目22番3号	1949		lkato	2019-07-02	山下保険有限会社	qkobayashi@yahoo.com	鈴木 真綾	B-	214
Glass blower/designer		036-03-1052	"49582 Hall Summit
South Matthewfurt, AL 68299"	1977		zdelgado	10/10/2021, 00:00:00	Swanson-Bolton	richardsdorothy@yahoo.com	John Rodriguez	O-	332
	1942-07-19	277-05-7407	山梨県長生郡長柄町筑土八幡町8丁目9番6号	812		inishimura	2021-11-02	青木通信有限会社	satomiyamada@gmail.com	加藤 拓真	O-	420
Gaffer	1921-05-15	VRGMDA72A64B521I	"Strada Nicolò, 32
40132, Borgo Panigale (BO)"	2082		gullottadante	2018-09-27	Morrocco Group	angiolellolilla@hotmail.it	Ricciotti Tommaseo	AB-	629
		34602157980	"Esplanada Souza, 60
Santa Maria
12691-054 Novais dos Dourados / PR"	75		zoe69	2025/03/01	Viana	yda-rosa@uol.com.br	Anna Liz Siqueira	AB-	335
	1976-09-30	TLSRSN24S19D544V	"Strada Romeo, 66 Appartamento 56
89046, Marina Di Gioiosa Ionica (RC)"	1631		tososandra	2024-12-11	Malaparte-Bacosi e figli	pierangelobiagi@vodafone.it	Loredana Roth	B+	120
	1937-05-02	61095734261	"Travessa Paulo Rocha, 22
Vila Engenho Nogueira
84844-542 Pastor / RR"	2159		cavalcantejoao-gabriel	06/17/2022, 00:00:00	Correia	fonsecabenjamim@ig.com.br	João Vitor Cavalcanti	A+	621
		708-50-7020	"034 Gregory Glen
West Laurenmouth, CO 86117"	1134		nicholsmary	2024/04/05	Wagner, Guerrero and Williams	tmarshall@gmail.com	Melissa Mcclain	B+	365
	1953-03-02	614-93-4540	福岡県富里市平河町4丁目13番10号	875		nakajimakazuya	02/05/2019, 00:00:00	有限会社小林銀行	kendo@hotmail.com	伊藤 七夏	A-	29
	1996-08-01	922-40-5665		851		amandamuehle	2023/12/13	Mielcarek Zirme GmbH & Co. KG	lhoelzenbecher@aol.de	Liane Harloff-Wende	B+	605
Capoeirista		69148025305	"Estação das Neves, 6
Vila Engenho Nogueira
39382363 Araújo / PB"	2191		valentina65	01 Oct 2018	Alves	tferreira@bol.com.br	Ana Costa	O+	312
		94013875241	"Trevo Yago Peixoto, 35
Novo Glória
80009389 Camargo / PR"	990		luiz-felipe19	2023/11/12	Silva - EI	ecassiano@yahoo.com.br	Sr. Samuel Rocha	AB-	199
Embryologist, clinical	1975-09-06	NNLLND54D22D710U	"Vicolo Fabrizi, 36
00143, Cecchignola (RM)"	574		vbresciani	2025/05/25	Bonanno SPA	lanfranchivanessa@tiscali.it	Enzio Palladio	B-	636
		350-45-0089	徳島県安房郡鋸南町轟41丁目11番15号	1353		kaori03	2025-09-16	山田銀行合同会社	itorika@gmail.com	山口 直人	A+	676
	2022-09-21	95731608466	"Jardim Novais
Esperança
52361325 Ribeiro do Amparo / SP"	546		joanadias	05/31/2023, 00:00:00	Cardoso - ME	marcelaferreira@bol.com.br	Isabella Oliveira	AB+	560
		SRFLBT20P63C596C	"Canale Antonioni, 8 Piano 2
06028, Sigillo (PG)"	826		mrenault	2019/11/02	Ottino SPA	palazzofernanda@yahoo.com	Toni Casini	A+	620
	1910-02-14	947-83-8676	"Elias-Steuer-Ring 4264
26072 Luckenwalde"	1487		christophjozef	2023/01/27	Käster Heintze e.V.	drewesjanin@hotmail.de	Pascal Höfig	B-	327
	1980-02-03	CFFGLN70M63I051E	"Incrocio Saffi, 895
82022, Castelfranco In Miscano (BN)"	361		pinalonghena	09/03/2022, 00:00:00	Gozzi s.r.l.	riccardo93@hotmail.it	Renata Camanni	B-	91
Nefrologista	1990-02-12	92163458709		2010		rezendelorenzo	2019/10/20	Teixeira Borges Ltda.	rael96@bol.com.br	João Vitor Monteiro	AB-	387
		RPSFRC58C70A502Y	"Canale Giolitti, 9
03025, Chiaiamari (FR)"	1458		eugeniagolgi	12/02/2019, 00:00:00	Vento Group	gudinese@tin.it	Umberto Valmarana	A+	109
	1955-05-27	214-92-0081	"Heserstraße 68
02775 Finsterwalde"	405		claus-dieter76	06/13/2023, 00:00:00	Henck Bohlander GbR	samira32@hotmail.de	Angelica Lübs	A+	279
Building services engineer		150-61-1641	"0671 Linda Forge
Rodriguezview, TX 67374"	2080		pamelamccarthy	2025/04/11	Baker Ltd	simonalbert@hotmail.com	Christopher Small MD	A-	682
	1977-04-08	RNCGRL62D30C795Q	"Canale Benedetto, 32
89864, Spilinga (VV)"	1392		flavioantonioni	16 May 2025	Chittolini-Sabbatini s.r.l.	alessandratrevisan@virgilio.it	Donatella Bonanno	A+	622
アーティスト	1948-02-18	893-38-4848	福岡県山武郡横芝光町日本堤27丁目1番12号	219		fujiijun	10 Mar 2019	合同会社小林印刷	sasakiyosuke@gmail.com	福田 あすか	A-	461
	1974-08-11	759-88-8570	宮崎県東久留米市芝浦27丁目14番20号	327		maiogawa	2019-06-18	山下電気有限会社	vishikawa@gmail.com	長谷川 千代	AB+	66
		965-85-5830	"Gunpfring 1
05399 Dresden"	962		mzimmer	2024-01-12	Thies	bertoldkranz@gmx.de	Luigi Kramer	AB-	576
		095-71-1353	"3289 Collier Road Apt. 197
Shepherdland, AK 18495"	2061		natasha65	2021-05-14	Chambers-Solis	osbornejoanne@hotmail.com	John Estrada	A-	91
Systems developer	1963-07-04	GRRRNT79T24F427Y	"Contrada Lucio, 5
86031, Castelmauro (CB)"	2024		ebrichese	03/31/2025, 00:00:00	Dossetti-Cicala e figli	idatravaglio@gmail.com	Dolores Iadanza	A-	699
Fashion designer	1920-06-13	178-45-0670		1313		marcus12	2019-06-26	Mccann-Martin	sandra27@hotmail.com	Kyle Hendrix	A-	478
ウェブデザイナー		012-55-9246	静岡県東村山市長畑20丁目25番5号	1693		hidekiyamashita	05/17/2019, 00:00:00	高橋銀行株式会社	qsuzuki@yahoo.com	田中 拓真	AB+	445
	1995-03-17	029-55-6411	"250 Harrison Shore
Lake Jonathanside, PA 02013"	975		isaac59	03/15/2020, 00:00:00	King LLC	phillipssteven@yahoo.com	David Carson	B-	517
		372-96-6536	"Andreas-Rohleder-Gasse 90/17
75196 Aue"	1413		barthmiroslawa	2018/11/25	Langern	renato44@gmx.de	Hubertine Steinberg B.Eng.	B-	111
	1965-08-05	863-42-1399	"Unit 5497 Box 3561
DPO AA 62047"	1484		irwinchristian	10/07/2024, 00:00:00	Boyd-Thomas	pamelaanderson@gmail.com	Michelle Hudson	AB+	655
		060-71-5573	"765 Sherman Gateway
South Joshuashire, MN 65762"	841		justin38	03 Dec 2022	Maxwell and Sons	meganperez@yahoo.com	Richard Miller	AB-	484
	2017-05-27	36501298768	"Vereda Enzo Abreu, 4
Mala E Cuia
69940-358 Sousa Alegre / AC"	15		bernardopeixoto	12/21/2020, 00:00:00	Pacheco Monteiro Ltda.	larissa63@hotmail.com	Isabela Brito	A-	37
		47836201562	"Pátio de da Cruz, 60
Sport Club
72320165 Novaes das Pedras / RS"	451		maysa92	20 Sep 2024	Viana	sfonseca@uol.com.br	Luna Fernandes	B+	81
Designer gráfico		76910528395	"Quadra Henry Gabriel Monteiro
Vila Madre Gertrudes 2ª Seção
71468569 Peixoto / GO"	1162		maria-vitoria73	2021-06-19	Farias Ltda.	davi-lucas92@ig.com.br	Maya Gonçalves	B+	156
		50314726934	"Via da Conceição
Vila Mantiqueira
35964-807 da Rosa / SE"	1227		leaoantonella	2022-07-23	Cardoso - ME	diastheo@gmail.com	Eduarda Mendes	B+	400
		860-46-9399	福島県川崎市幸区筑土八幡町34丁目23番19号	70		suzukikaori	2020-06-23	木村通信合同会社	hayashikenichi@hotmail.com	鈴木 あすか	A-	41
Scientist, water quality		LVTGNR68A57D621S	"Piazza Cristina, 2 Appartamento 28
39058, Campolasta (BZ)"	995		magrassicarlo	09/11/2021, 00:00:00	Mennea, Borroni e Fantoni Group	maffeifederico@fastwebnet.it	Lauretta Taliani-Platini	O-	636
		264-10-5273		419		wolf-dietrichschulz	2020-09-18	Pruschke KG	margajuncken@yahoo.de	Ing. Samir Finke B.Sc.	B-	697
		439-49-7012	高知県白井市大京町27丁目4番10号	1265		qmatsuda	2021/07/21	合同会社近藤鉱業	asasaki@yahoo.com	青木 結衣	B+	619
Florist		554-67-7650	"Gotthold-Hübel-Straße 7-2
93276 Oberviechtach"	1419		karl-ludwighenck	2025/06/29	Schönland	zzirme@gmail.com	Saban Bloch-Noack	B-	262
		415-41-9714	"Kreszenz-Zirme-Ring 54
63570 Gunzenhausen"	124		telse60	08/24/2025, 00:00:00	Weimer Heydrich AG	fgumprich@hotmail.de	Enno Ullmann B.A.	A-	544
Hematologista		12360879413	"Setor de Garcia, 17
Vila Nova Cachoeirinha 3ª Seção
19578-217 Azevedo / PE"	352		ana-liz41	25 Jan 2020	Siqueira	lucas-gabrielnovais@hotmail.com	Apollo Sales	A+	92
	2000-01-29	GNNCSN96R63L204S	"Stretto Gemma, 6 Appartamento 27
60034, Cupramontana (AN)"	362		concettagiannelli	2023-07-12	Mezzetta, Naccari e Fogazzaro Group	gdoglioni@gmail.com	Pierpaolo Callegari	B-	184
	1966-08-16	25943160752	"Condomínio de das Neves, 21
Esplanada
63654-191 Montenegro do Galho / PE"	2065		alexiaalves	22 Mar 2025	Nascimento Camargo Ltda.	eloahpastor@bol.com.br	Alexia Lima	O-	154
		FCNJLD57T11I923U	"Viale Danilo, 40
32030, Arten (BL)"	2120		donarelligianfrancesco	06/12/2023, 00:00:00	Agostini, Malenchini e Leonetti e figli	eugeniapolesel@libero.it	Elmo Trussardi	A+	441
	2022-02-05	629-38-5878		745		david78	08/19/2023, 00:00:00	Blankenship, Leonard and Ruiz	christopher33@gmail.com	Robert Anderson	A-	161
行政書士		598-26-8923	石川県三鷹市下吉羽13丁目6番5号 ハイツ吾妻橋340	1972		yuta80	2018-10-13	株式会社佐藤電気	nakajimayasuhiro@yahoo.com	岡田 直人	A+	5
	1983-02-08	043-44-6928	福井県長生郡一宮町白金26丁目5番5号 山中新田パレス494	1346		naoki20	2022/02/02	株式会社山田食品	rei60@gmail.com	小林 健一	B+	351
営業		049-07-3970	島根県町田市南赤田33丁目7番4号	1677		sotaro74	2020/08/04	株式会社山本銀行	fujiimaaya@gmail.com	林 晃	O+	63
	1939-08-27	GMMRFL21M07L039H	"Vicolo Jovinelli, 81 Appartamento 5
42016, Guastalla (RE)"	2023		nadia88	10/05/2023, 00:00:00	Semitecolo, Luciani e Palumbo s.r.l.	klippomano@tele2.it	Giancarlo Angiolello	B+	557
		63719205886		2173		ida-mota	09/14/2023, 00:00:00	Moura Lima - ME	rezendegael-henrique@hotmail.com	Mariana Pereira	B+	580
Gestor de tecnologia da informação		17869453200	"Via Moura, 363
Candelaria
44941-839 Pimenta / MS"	1843		biancaduarte	17 Nov 2019	Aparecida	pedro-henriqueramos@hotmail.com	Luiz Felipe Pastor	B-	413
	1983-09-28	621-80-4306		47		nicole99	06/02/2020, 00:00:00	Wilkerson-Alexander	samanthapatrick@yahoo.com	Joshua Thompson	O+	598
Redator	1993-04-15	78291630496	"Vereda de Rodrigues, 19
Vila São Dimas
71430399 Gonçalves / AC"	1165		diogo55	2021-12-26	Moraes Azevedo Ltda.	sarahrodrigues@yahoo.com.br	Gustavo Henrique Oliveira	AB+	240
	2008-11-09	989-91-7421	"Adelgunde-Mülichen-Weg 2298
39679 Schongau"	137		atschentscher	2021/02/24	Renner	sylvio71@aol.de	Friedo Finke-Stoll	A+	460
	1984-03-19	343-46-4790	"Budigstraße 6/1
49329 Wittmund"	596		lscholl	13 May 2025	Müller KGaA	sigrunhess@yahoo.de	Tom Hering	O+	333
Polizist		762-33-3746	"Losekannring 9/7
15458 Bernburg"	1319		dehmeleugenia	2024-12-06	Jacob AG	susana46@aol.de	Randolf Seidel	B-	384
		037-24-9461	"9253 Fernandez Rue
Myersfort, DE 50519"	2043		laura54	11 May 2021	White, Cunningham and Alvarado	pamela09@hotmail.com	Alicia Olsen	B-	121
	2022-05-17	341-22-5811	沖縄県品川区丹勢17丁目19番11号 吾妻橋アーバン246	134		aokitaro	2021/06/20	阿部通信株式会社	hiroshitakahashi@gmail.com	田中 翔太	A+	665
	1926-03-14	52068317940	"Praia Andrade
Dona Clara
20514-616 Gomes / PA"	561		stella83	2024-04-13	Aparecida Peixoto S.A.	gfarias@bol.com.br	Sr. Enrico da Rosa	AB+	64
		20473968592		1135		vargascaleb	05 Mar 2020	Campos - EI	thiagorezende@hotmail.com	Milena Campos	O+	37
気象予報士		003-01-5692	高知県川崎市宮前区津久戸町4丁目9番12号	2067		nakajimamituru	02 Sep 2021	株式会社鈴木食品	wkobayashi@yahoo.com	加藤 里佳	O+	466
		089-46-1912	"Södingplatz 39
29166 Ravensburg"	1091		anatolij58	2020/12/21	Schulz Stiftung & Co. KG	janet64@aol.de	Ing. Anneliese Neureuther B.Sc.	A-	43
		CRTGNC62A41C340W	"Piazza Bonolis, 40
52036, Pieve Santo Stefano (AR)"	2005		mondadorigiorgio	07/26/2021, 00:00:00	Lattuada-Mengolo SPA	caironivittoria@tele2.it	Eleanora Matteotti	O+	155
	1991-02-15	02431578607	"Lago Bianca Cavalcanti, 6
Capitão Eduardo
06679-848 Mendes de Pereira / AL"	1485		giovanna75	10/26/2024, 00:00:00	Nogueira	da-cunhajose-pedro@uol.com.br	Gael Mendonça	A+	118
		856-93-5957	"90517 Michael Isle Suite 256
Williamsshire, TN 64322"	296		harolddominguez	29 Jan 2023	Tyler-Jones	robertthomas@hotmail.com	John Salas	B-	126
Informatiker	2019-09-12	611-87-5039	"Katja-Girschner-Straße 825
69824 Steinfurt"	1769		wcichorius	08/05/2020, 00:00:00	Klotz Krause AG	adlerfranz-josef@googlemail.com	Aleksandr Karge	B+	21
	1956-07-01	033-98-5406	埼玉県香取市長畑7丁目22番14号 シャルム細野051	691		kana56	12/06/2019, 00:00:00	山本ガス株式会社	manabu42@gmail.com	山田 加奈	B-	441
		863-19-8437	"Grafstr. 36-14
59630 Ludwigsburg"	412		michaelazimmer	2023-03-06	Förster GmbH	karl-werner72@yahoo.de	Konstantin Knappe-Berger	O-	671
		BRNJLD05T21H964O	"Viale Guidone, 359 Piano 4
80075, Panza (NA)"	580		belluccilucio	02/02/2022, 00:00:00	Giammusso-Trobbiani s.r.l.	icasarin@outlook.com	Licia Travaglia	O-	316
	1975-09-20	622-77-9856	兵庫県中野区横林42丁目4番12号 轟アーバン198	1298		yuki74	2021-06-17	山本建設株式会社	atsushihashimoto@yahoo.com	山下 あすか	O+	91
	1984-11-05	234-85-8519		1117		gotonaoto	31 Dec 2020	山本銀行合同会社	tomoya06@hotmail.com	太田 桃子	AB-	1
	1928-11-05	31645270807	"Jardim Garcia, 47
Boa Vista
80326604 Teixeira / AP"	295		ninacamara	04/04/2023, 00:00:00	Fernandes	amachado@gmail.com	Sr. José Pedro Gonçalves	A+	359
	1963-09-29	VNVLGO22S15G228I	"Rotonda Adriano, 139
21057, Cascina Buon Gesu' (VA)"	1031		bartolomeo63	02 Mar 2020	Camuccini-Salandra Group	antonia27@tin.it	Marcella Bongiorno	AB+	520
		LMBGLI50R29E872J	"Borgo Lombardo, 42
33052, Strassoldo (UD)"	1642		cassandra86	06 Sep 2025	Pennetta, Grifeo e Castelli e figli	guido34@tin.it	Goffredo Salvemini	O-	34
Gaffer	2000-07-28	ZFFZGL99H64A004I		672		greca85	07/03/2023, 00:00:00	Almagià e figli	fischettigabriella@libero.it	Arnulfo Armellini	B-	331
	1914-06-24	18645379066	"Parque Ribeiro, 451
Itapoa
00183019 Cirino Paulista / ES"	1284		rlima	11/14/2022, 00:00:00	Sá S.A.	alexandre57@bol.com.br	Yuri Lopes	O-	239
	1958-10-12	665-17-1552	"Buchholzgasse 1752
56599 Gera"	983		cmielcarek	2023/12/01	Heuser GmbH	madeleinewulff@yahoo.de	Giovanni Seip	A-	614
		PGNRMR72S58L980V	"Borgo Fabrizi, 853 Appartamento 0
67015, Cesaproba (AQ)"	1098		chiara79	2023/04/27	Saracino, Napolitano e Righi s.r.l.	eficino@alice.it	Germana Ammaniti	O-	545
Wellsite geologist		GLTFLV58D50E229G	"Strada Liguori, 719 Appartamento 27
09072, Cabras (OR)"	1333		marronepaola	2021-02-05	Stucchi Group	serragliosabatino@vodafone.it	Coluccio Zabarella	B-	272
		380-56-9608	"PSC 7463, Box 9402
APO AE 52940"	591		kathleen74	2021-08-18	Alvarez, Bonilla and Phillips	chelseaclark@gmail.com	John Berry	AB+	597
Cancerologista ou Oncologista	1911-04-15	54691738282	"Trevo de Alves, 88
Ápia
30751-588 Pimenta de Ramos / PA"	398		cavalcanteasafe	05 Aug 2022	Novaes	joao-guilherme43@yahoo.com.br	Felipe Montenegro	AB+	358
		393-50-1948		1753		takahashimanabu	02 Dec 2024	有限会社伊藤運輸	uyamashita@yahoo.com	松本 明美	A-	342
	1910-03-25	564-90-2688	山形県夷隅郡御宿町木立31丁目13番14号	1423		yasuhiro78	2023/07/09	株式会社阿部鉱業	tomoyatanaka@gmail.com	藤田 直樹	A+	250
Chiropractor	2005-12-11	359-24-6261	"59654 Shelley Spring Apt. 900
Lloydbury, TN 60829"	76		angelahamilton	2020/10/03	Washington LLC	smithwalter@gmail.com	Thomas Scott	AB-	581
	1912-01-13	74915263061	"Sítio Leão, 71
Suzana
52769761 Peixoto / RN"	1394		maria-flornovaes	2025/03/15	Camargo	qdias@ig.com.br	Emanuella Vargas	AB+	57
映画監督		078-04-2292	鳥取県八丈島八丈町長畑30丁目12番1号	8		yui44	2024/10/28	鈴木印刷合同会社	hasegawayumiko@gmail.com	山本 真綾	B+	16
	1980-02-29	176-06-5681	秋田県横浜市西区外国府間5丁目5番6号	1481		ninoue	2023-01-11	合同会社後藤建設	naotoikeda@gmail.com	中川 康弘	B-	295
Heritage manager		377-55-5656	"560 Albert Shoals Apt. 543
Grahamshire, NH 32115"	701		angela41	2019-07-03	Sandoval, Castaneda and Williams	richardvalencia@yahoo.com	Jeffrey Bennett	B+	687
	1954-01-03	GLTNZE33B50L741Y	"Piazza Rinaldi, 916 Appartamento 5
02016, Vindoli (RI)"	1223		liviatacchini	03/18/2024, 00:00:00	Volta-Campise Group	agnolo65@yahoo.com	Ernesto Ricolfi-Casadei	O+	389
Moleiro	1947-12-02	63259840133		984		ana-julia27	17 Jul 2023	Melo	kteixeira@hotmail.com	Sr. Nathan Pacheco	A+	408
	1949-10-07	253-23-0160	佐賀県荒川区下宇和田19丁目25番11号 パレス今戸753	659		takahashiharuka	07/06/2025, 00:00:00	合同会社村上ガス	bkobayashi@gmail.com	伊藤 舞	AB+	430
Altenpfleger	1938-07-06	761-66-4059	"Heserplatz 2450
66651 Bamberg"	246		heinz-georgmeister	2019/03/29	Kraus Binner KGaA	zullrich@yahoo.de	Uli Jungfer	B-	224
Hospital doctor	2014-07-27	592-57-6980		1956		bradley47	2022-11-25	Pena, Brown and White	lisasantos@hotmail.com	Anita Baxter	O+	3
	1918-02-10	737-67-4555	"Heinrichweg 2
65342 Meiningen"	1258		karl-dieterbauer	12/27/2021, 00:00:00	Henk	cosimodrubin@yahoo.de	Dr. Ignaz Junk	B+	580
	1990-07-21	602-27-5034	"005 Ellen Parkways Suite 562
North Krista, NE 85761"	1597		phillippitts	2023/10/10	Davis, Hunt and Bailey	christophermoses@gmail.com	Michael Santana	B-	478
	1927-11-06	718-56-5741		1452		steven80	02/13/2025, 00:00:00	Maddox Ltd	castilloeric@yahoo.com	Mr. Brian Bryant	AB-	537
		19635082703	"Estação Manuella Duarte, 64
Vila Boa Vista
75539131 Vasconcelos / AP"	782		agathacamara	26 Jul 2025	Martins	luccamontenegro@bol.com.br	Heitor Câmara	O+	454
Media buyer		DNNLDC72H13E234V	"Incrocio Donini, 762
13844, Ternengo (BI)"	968		nrismondo	11/28/2018, 00:00:00	Pellegrini e figli	vtasca@hotmail.com	Ninetta Curatoli	O-	688
	1932-04-03	759-96-4793		1401		qmorales	04 Aug 2021	Johnson, Bishop and Ortiz	tford@gmail.com	Michelle Love	O-	649
Engenheiro têxtil		38096475274		1053		davi-lucas16	27 Oct 2020	Peixoto	salesvalentina@hotmail.com	Ana Carolina Ramos	A-	429
Cytogeneticist		RSSRMG19L61E003G	"Via Jolanda, 966 Appartamento 55
10055, Condove (TO)"	1534		adamo30	10 Nov 2024	Gullotta, Telesio e Antonelli Group	cristina76@vodafone.it	Jacopo Buonauro-Agazzi	O+	275
Regente		97280156312	"Morro de Fogaça, 9
Pindorama
73238258 Gonçalves do Galho / PA"	232		diego10	2022-03-13	Cunha Garcia - EI	asampaio@yahoo.com.br	João Pedro Martins	O-	84
	1960-04-01	941-17-7511	"Ricarda-Stiffel-Weg 23/77
20180 Husum"	1959		leonie71	02/05/2024, 00:00:00	Hornich	eheydrich@hotmail.de	Univ.Prof. Katarzyna Gutknecht	B+	600
作曲家		079-39-1115		61		mikako67	2023-06-11	合同会社森食品	suzukimanabu@yahoo.com	小林 七夏	O+	604
Mathematiker	2017-05-06	272-13-9797	"Süleyman-Jungfer-Ring 3
01174 Moers"	2079		geislercaren	25 Apr 2019	Heinrich	mbuchholz@gmx.de	Änne Weihmann B.A.	B-	362
		412-47-1046	島根県西多摩郡日の出町松石11丁目25番11号	324		tsubasa23	05 Sep 2022	合同会社加藤ガス	kimuraminoru@gmail.com	吉田 陽一	O+	107
	1949-02-11	384-83-7317	山形県西多摩郡日の出町日本堤5丁目5番12号 勝どきクレスト571	830		mituruishii	06/08/2024, 00:00:00	池田通信合同会社	naoto84@hotmail.com	木村 洋介	O+	693
	1931-10-31	205-07-3047	"Ricarda-Heß-Straße 7502
67383 Kaiserslautern"	277		burkardklingelhoefer	2025-09-01	Pieper GmbH & Co. OHG	augusta21@hotmail.de	Prof. Heidelinde Seifert B.Sc.	AB+	349
		394-55-8973		77		gaumann	2019/10/21	Karz GmbH	carstenibrahim@gmail.com	Sinaida Berger	O+	226
Best boy		281-41-1050		1626		priscillaallen	22 Mar 2024	Cook, Green and Robinson	ashley26@hotmail.com	Eric Miller	B+	201
	1920-04-29	688-86-4450	"4053 Foster Well Apt. 227
Justinside, PA 24634"	653		gbeck	2024-03-20	Booker-Rodriguez	vasquezpatricia@yahoo.com	Michele Carroll	A-	551
		819-19-3633	"Blümelstraße 1/8
51394 Mayen"	538		nellischenk	2024/11/22	Meyer GmbH & Co. KG	desireekarge@gmail.com	Prof. Henryk Weller	O+	105
Regente		29864017322	"Largo de Fogaça, 569
Conjunto Bonsucesso
00854-856 da Luz de Correia / MT"	67		piresmaria-luisa	2025/08/25	Pastor e Filhos	bmoura@ig.com.br	Apollo Correia	B+	282
		887-06-1766	愛媛県浦安市一ツ橋16丁目1番14号 大京町アーバン251	1904		ishiisayuri	07/09/2021, 00:00:00	橋本水産株式会社	suzukiryohei@hotmail.com	加藤 治	B+	148
		47028651967	"Praça Costa, 96
Beija Flor
14534-281 Sá do Amparo / AC"	2087		psa	2020/08/28	Sá	camposmaria-luisa@ig.com.br	Ana Carolina Moreira	O-	499
	2024-06-14	SPSRMN42T14L237C	"Contrada Liverotti, 838 Piano 2
74020, Faggiano (TA)"	331		gferrazzi	2023-03-19	Majorana-Maderna e figli	alphons12@outlook.com	Sig. Donatello Maglio	A-	62
	1977-08-16	SMNLCU33S48A001W	"Incrocio Filangieri, 113
00168, Roma (RM)"	1866		bassovirgilio	11 May 2023	Morpurgo-Agostinelli Group	paulinaantelami@hotmail.it	Luigina Bompiani	AB+	675
	1989-12-04	493-94-6693	"Albrecht-Oderwald-Ring 8/3
19169 Auerbach"	144		rohlederjane	02/14/2024, 00:00:00	Karz Wilmsen GmbH	samirjunck@yahoo.de	Gertraut Gierschner	AB-	548
	1966-12-24	685-15-1994	"Blochgasse 16
02723 Backnang"	924		sophia48	2022-08-06	Kruschwitz	doerte78@hotmail.de	Wally Hofmann MBA.	A+	660
	1939-07-11	687-49-9445		893		abbasstroh	01/31/2022, 00:00:00	Söding AG & Co. KGaA	karl-ernstraedel@gmail.com	Herr Holger Weiß B.A.	B+	665
	1976-02-20	701-14-5262		70		christophermaynard	2023/08/15	Craig, Holloway and Kim	angeladiaz@hotmail.com	Michelle Harris	O-	641
		48509721360		2164		lorenzo55	02 Apr 2021	Borges S.A.	theomachado@ig.com.br	Ana Cecília Fernandes	O-	548
		48160972369	"Largo Yan Cavalcante, 823
Leticia
24767972 Lopes / MG"	2023		maria-julialeao	2021/04/20	Almeida Nogueira e Filhos	ccarvalho@ig.com.br	Dr. Lucca Gonçalves	AB-	657
	1922-05-07	576-76-3780	静岡県印旛郡栄町西神田26丁目6番1号	983		takahashiakemi	2025-09-15	株式会社山本電気	atsushihashimoto@yahoo.com	佐藤 淳	AB+	440
		136-80-0460	"524 Terry Gardens
East Phyllis, TN 14604"	1192		allensharon	21 May 2020	Scott Inc	amy54@hotmail.com	John Jenkins	AB-	615
		87615039240	"Vereda Aragão, 6
Jardim São José
78189-130 Fogaça / PI"	1993		gjesus	03/09/2025, 00:00:00	Gonçalves	yan95@ig.com.br	Miguel da Paz	O-	266
		718-79-9614		795		nanami71	05/30/2024, 00:00:00	合同会社伊藤銀行	aishikawa@yahoo.com	池田 篤司	A-	238
	1941-10-05	571-71-2130	新潟県大網白里市津久戸町14丁目26番6号 アーバン外神田819	1503		atsushi55	2022/03/12	渡辺水産有限会社	sotaroishikawa@hotmail.com	田中 舞	O+	23
Dramatherapist	1926-06-03	CRBGFR55P53L590V	"Canale Cabibbo, 74 Appartamento 9
00134, Roma (RM)"	1332		mauratrapani	2021/06/09	Antonacci-Olivetti Group	concettafioravanti@gmail.com	Tullio Pugliese	AB+	287
		786-56-0520	"Fröhlichstr. 3-5
05011 Querfurt"	1499		krausromana	04 Oct 2022	Schönland	vpruschke@gmail.com	Clarissa Beer	A-	155
Homeopath	1972-11-13	SDRLRN66M26F371A	"Contrada Angelo, 9 Appartamento 5
09021, Barumini (SU)"	1753		maggiolivito	2025/03/08	Rosselli, Rubbia e Greggio Group	pomettaraffaella@libero.it	Antonello Orlando	O+	495
		BTTBNN95T47A220G	"Vicolo Sordi, 5 Piano 6
47841, Cattolica (RN)"	1717		wnatta	12/20/2022, 00:00:00	Galilei-Ariosto e figli	melissa89@gmail.com	Pomponio Interminelli	A-	589
		099-87-2259	大分県大網白里市戸塚町9丁目4番15号 シティ長間712	73		chiyo83	04/17/2019, 00:00:00	株式会社渡辺通信	hiroshiyamamoto@gmail.com	小林 あすか	A-	505
Warden/ranger		302-96-4844	"84730 Simpson Squares
Sherryland, OH 88536"	594		vdiaz	2022-09-17	Gutierrez Ltd	lwong@yahoo.com	Jack Morris	B-	87
Programmierer	1961-02-19	769-76-3101	"Harloffplatz 98/84
33644 Bautzen"	2125		michaelkrause	10/01/2018, 00:00:00	Reinhardt	raymund88@yahoo.de	Dipl.-Ing. Leokadia Hübel	O+	26
和紙職人		062-92-7453	福島県袖ケ浦市平須賀21丁目10番18号 美原町コーポ137	368		kaori37	2023-06-13	吉田ガス合同会社	kumikookada@hotmail.com	渡辺 裕太	AB-	544
Trompetista	1934-07-08	34906275125	"Setor de Souza
Alta Tensão 2ª Seção
11810-616 Lima / MG"	2090		aragaomaria-julia	06 Jan 2019	Martins e Filhos	isabelada-conceicao@bol.com.br	Ana Cecília Nascimento	O-	197
	1959-04-15	217-50-6178	"18709 Hampton Spurs Suite 803
Cowanberg, IN 09380"	324		johnsonjennifer	11/18/2022, 00:00:00	Rose, Parker and Gomez	eric08@gmail.com	Robert Wilkinson	O-	374
Data scientist	2007-10-25	FBBLNE60L25H445M	"Piazza Liana, 13
00145, Roma (RM)"	900		epoerio	2025-05-18	Sismondi-Fanucci SPA	cardanovenancio@gmail.com	Dott. Gianfrancesco Cagnotto	A+	408
		204-37-3021		30		sandrofechner	07/03/2025, 00:00:00	Jockel	istvanadler@googlemail.com	August Trupp-Margraf	B+	651
	2006-02-21	861-01-1218	"374 Sutton Road
Zhangshire, NH 24369"	653		brian06	09/06/2021, 00:00:00	Alexander and Sons	fcarpenter@hotmail.com	Sandra Andrews	A+	307
Architect		TLDMLN68P26E484E	"Incrocio Gilardoni, 263
84076, Torchiara (SA)"	36		brosiello	2021/09/30	Amato e figli	stefanellilodovico@alice.it	Romeo Basso	O+	475
		058-18-2507	"51585 Evans Court Apt. 521
Maynardville, OR 96190"	819		michael06	27 Nov 2019	Wilson Inc	lisavega@gmail.com	Courtney Sellers	B-	102
	1936-08-25	84276051371	"Trecho Mendes, 601
Vila Santo Antônio
52734-304 da Conceição / MS"	2177		mendoncaana-carolina	2024-04-13	Montenegro Cavalcante e Filhos	fariashenrique@uol.com.br	Dante Aparecida	B+	383
	1941-08-11	799-88-9440	秋田県鴨川市東浅草33丁目16番14号 アーバン上野公園455	1519		ishikawanaoto	04 Jul 2023	山田食品合同会社	tokada@hotmail.com	吉田 京助	AB-	41
Geographical information systems officer		560-25-0410	"02475 Guerra Ramp
Wheelerberg, PW 50658"	1475		barberhailey	04 Jan 2022	Valdez Ltd	jack05@hotmail.com	April Mathews	A-	257
Therapeutic radiographer	1919-10-02	822-47-9314	"374 Anthony Glens
New Garyberg, NH 30355"	31		oharris	12 Mar 2022	Barton, Jones and Garcia	terri92@hotmail.com	Tasha Wilson	A-	469
		083-87-3446		1912		mirja66	12/26/2024, 00:00:00	Krause Neuschäfer e.G.	roehrdanzmirko@web.de	Waltraud Drubin	O+	524
		043-14-7278	"Edmund-Bohnbach-Allee 511
58408 Flöha"	313		schmidtkevaleska	08/29/2024, 00:00:00	Scholz GmbH	ljudmilaruppert@gmx.de	Marga Gutknecht	O-	478
Air broker	1991-01-29	RCCCCL38T19C453D	"Strada Diana, 32
21031, Viconago (VA)"	1141		acamiscione	05 Aug 2021	Gioberti-Berengario e figli	guarino57@gmail.com	Romolo Foconi	B+	126
	1954-12-29	RCCGRC50D43B081U	"Stretto Allegra, 135 Appartamento 79
22030, Caslino D'Erba (CO)"	1238		bbrambilla	2020/10/16	Vendetti, Farina e Sokolov e figli	caccianemiconadia@gmail.com	Dott. Melissa Iacobucci	AB+	598
		MRTGLT44M19E179H	"Canale Marcella, 377 Piano 8
33045, Nimis (UD)"	1537		dinotaliani	04 Jun 2020	Naccari Group	ottone62@tim.it	Sig.ra Adelasia Brambilla	B+	685
イラストレーター		716-09-7002	兵庫県匝瑳市権現堂32丁目8番9号	812		hanakoito	2020-03-16	清水電気合同会社	fyamada@yahoo.com	山崎 知実	AB+	270
	1920-08-10	94602178502	"Quadra Campos, 65
Alto Das Antenas
68215547 Melo / ES"	1037		cavalcanteisaque	2023-08-25	Guerra Lima S.A.	dda-mata@hotmail.com	Murilo Mendonça	A+	41
	1971-12-07	856-53-8865	"Stiebitzstraße 13/92
00675 Forchheim"	306		wmielcarek	08/22/2020, 00:00:00	Schleich GmbH & Co. KG	sergei64@aol.de	Hans Söding	O-	523
Bankkaufmann	2023-12-28	187-82-7561	"Toni-Neuschäfer-Platz 5/2
89254 Erfurt"	894		eva-marie05	2024-11-27	Lindner GbR	heinz-guenther12@aol.de	Rüdiger Mans B.Sc.	AB-	459
	1951-10-03	507-27-1814	"818 Bentley Park Apt. 597
North Timothy, VI 08846"	1498		reedjeffrey	2025-06-29	Gates LLC	wblackwell@hotmail.com	Amber Gregory	B-	687
	2012-04-15	064-82-9620		313		vgierschner	03/06/2024, 00:00:00	Seip AG & Co. OHG	gbeier@googlemail.com	Walburga Gude	O+	289
		142-71-7525	愛知県八王子市明石町41丁目3番2号 シティ東三島197	1152		taichisasaki	2025-02-12	株式会社青木通信	usato@hotmail.com	渡辺 里佳	A-	469
Psychologist, sport and exercise		299-97-3591	"23817 White Glens Apt. 121
Loriside, SD 14284"	1086		wilsonronald	2023/02/27	Wilson, Webb and Wallace	walkerrebecca@hotmail.com	Terri Morris	B+	205
栄養士	1972-09-18	202-73-6203	兵庫県台東区上野桜木13丁目4番20号	1123		lfukuda	15 Apr 2025	株式会社山崎運輸	sotaroogawa@yahoo.com	伊藤 零	AB+	332
	2007-01-03	MNTLCI25R19I122U	"Piazza Ferdinando, 14 Piano 4
20015, Villastanza (MI)"	992		antoninamastandrea	09/18/2022, 00:00:00	Lombroso, Armellini e Abba Group	annunziataspinelli@tele2.it	Sig.ra Jolanda Cusano	O+	152
		220-35-7238	兵庫県横浜市神奈川区中鉢石町19丁目22番2号	2066		maaya48	29 Oct 2022	合同会社山田ガス	tanakatakuma@gmail.com	森 七夏	A+	19
	1945-04-27	BSOLBC12M64M335I	"Borgo Cesarotti, 75
28065, Cerano (NO)"	1399		gelliamico	2024/08/10	Pagliaro SPA	fulvioperini@poste.it	Gloria Lombroso	B-	414
Civil engineer, contracting		757-64-7819		1385		ssmith	2021-04-17	Baker Group	diana54@gmail.com	Justin Washington	A-	502
		64173582919	"Jardim Fonseca, 734
Alto Vera Cruz
01013-683 Mendonça do Amparo / ES"	405		pedro-miguel88	2024-04-05	Borges da Conceição Ltda.	xrezende@gmail.com	Léo da Conceição	A-	415
	1986-08-18	981-53-3357	"Fiebigplatz 542
34641 Recklinghausen"	1572		zschwital	2023-12-11	Loos Reichmann GmbH	kruschwitzfriedhold@web.de	Magrit Tintzmann B.A.	O+	201
Técnico de gesso		63079521803		131		bvargas	15 Dec 2019	Fogaça	albuquerquebento@gmail.com	Alexandre Vargas	AB-	467
		603-62-1184	北海道文京区東上野4丁目7番6号	1446		fokamoto	2024/04/23	有限会社清水農林	yokoikeda@gmail.com	佐々木 真綾	O-	93
	1952-12-22	42601895730		1856		maria-ceciliagoncalves	23 Feb 2021	Guerra - ME	yvieira@yahoo.com.br	Sra. Sofia Santos	A+	165
	2004-10-22	056-64-0589		1944		carolynscott	2019-07-12	Becker-Miller	susan79@hotmail.com	Cody Martin	B+	192
	1951-04-27	58936204700		1638		catarina76	25 May 2024	Costa	gdias@uol.com.br	Samuel Aragão	AB+	274
Scientist, audiological		DNTFRZ70P50A320E	"Vicolo Maria, 687 Piano 8
58100, Bagno Roselle (GR)"	250		donatoniamleto	2020-11-01	Giacometti-Garibaldi SPA	hpascarella@tele2.it	Barbara Pirelli	B+	517
Arzt	1925-12-19	138-17-9032	"Sabine-Hermighausen-Ring 3177
98469 Werdau"	1001		eckbauerpaulina	2024-10-02	Werner Rörricht GbR	kathy58@googlemail.com	Rouven Heinrich	AB-	295
		CSTFRC48C20G820B	"Via Acerbi, 3
73054, Presicce (LE)"	476		oguicciardini	11 May 2025	Vezzali-Avogadro SPA	ubaldoantonetti@tim.it	Jacopo Pasolini	AB+	237
		BRLDNG52M62L088D	"Borgo Paloma, 55 Piano 6
12019, Vernante (CN)"	2187		dariaturchetta	11/16/2018, 00:00:00	Travaglio, Luzi e Antonetti s.r.l.	elianagarobbio@poste.it	Cassandra Rusticucci	B+	412
		GRGPRR99D41F408F	"Borgo Belletini, 6 Appartamento 1
95012, Solicchiata (CT)"	1129		fiammamerisi	01/15/2023, 00:00:00	Sgarbi-Carpaccio s.r.l.	silvestro79@gmail.com	Fiorino Capone	O+	87
	1978-09-05	136-25-9007	島根県横浜市保土ケ谷区今戸25丁目1番6号	620		fukudatsubasa	2025/02/22	井上銀行合同会社	tsubasa59@gmail.com	清水 聡太郎	AB-	150
		215-58-2969	"9308 Jessica Extensions
East Austin, VA 63827"	1642		rgray	14 Apr 2019	Baxter-Andrews	wsmith@hotmail.com	William Manning	B-	404
		84613902703	"Vale de Borges, 92
Satelite
70835-630 Costela da Serra / GO"	1256		novaesbruna	2020/05/12	da Luz Freitas Ltda.	vitor36@uol.com.br	Luiz Felipe Moura	AB+	409
Triatleta		82079546120	"Feira Allana Araújo, 446
Oeste
96136-749 da Conceição do Campo / DF"	1034		maria-eduardapimenta	2023/05/14	das Neves	juan11@gmail.com	Camila Melo	AB+	458
	1963-07-02	666-21-2518	"Bruderstr. 5976
11803 Brilon"	953		tobiassorgatz	08/01/2025, 00:00:00	Hauffer Speer GmbH	dussen-vanalf@yahoo.de	Daniela Kohl	A+	137
Geophysical data processor		690-67-6705		1536		fbaldwin	2019/11/14	Stone, Flores and Cardenas	fullerjustin@gmail.com	Austin Williams	AB-	162
Psychologist, counselling		GLLLLL61D04E635T	"Vicolo Luigina, 858 Appartamento 6
41027, Tagliole (MO)"	415		ycanil	13 Oct 2021	Maderna, Montanariello e Caracciolo s.r.l.	bleone@gmail.com	Dott. Giacomo Cavalcanti	A-	9
Marine scientist	1918-08-02	PVNLSE23E24A097W	"Vicolo Chindamo, 55
02024, Pescorocchiano (RI)"	1978		legnantegiustino	12/02/2024, 00:00:00	Vivaldi-Villarosa SPA	lianacortese@live.com	Veronica Serraglio	O-	52
Chirurgiemechaniker		616-67-4608	"Lehmannring 74/70
29622 Dessau"	2187		marithamann	2022-02-12	Trubin	scheuermannstjepan@gmx.de	Ing. Freya Eberth B.Eng.	AB+	339
Inspetor		32897640529	"Quadra de Nogueira, 70
Cachoeirinha
39881335 Souza / RN"	288		mathiasferreira	01/07/2023, 00:00:00	da Paz	theodorosiqueira@gmail.com	Enrico Silva	B+	492
	1951-05-03	276-57-2783	高知県千代田区前弥六14丁目14番5号 台場シャルム665	1000		ysato	07 Sep 2019	有限会社山崎通信	akimura@gmail.com	山田 太一	B-	321
運転士	1965-03-03	650-23-2093	新潟県調布市西川27丁目12番13号 シャルム木立193	2094		sasakinaoko	04/04/2022, 00:00:00	合同会社藤田運輸	mai43@yahoo.com	清水 加奈	A+	272
		46305792143	"Viela Pacheco, 922
Frei Leopoldo
17855859 Nogueira / CE"	1943		lcaldeira	2021-06-27	Ramos	jose79@yahoo.com.br	Eduardo Fonseca	B+	78
Mathematiker		519-08-4235	"Mohauptplatz 4-3
54124 Brandenburg"	466		jeigenwillig	2019-01-13	Jockel	stollarndt@gmx.de	Wladimir Buchholz B.A.	A+	170
Colour technologist		BRNCLD36C45H644M	"Contrada Carla, 230
14024, Moncucco Torinese (AT)"	1607		martino72	2023-02-04	Cagnotto, Beccaria e Tozzo e figli	giuliettacelentano@tele2.it	Letizia Valmarana	AB+	123
		503-46-1693	福岡県練馬区浅草4丁目24番1号	1276		atsushi35	2019/07/19	後藤ガス合同会社	ffujiwara@hotmail.com	佐々木 翼	AB+	126
		212-34-3483	埼玉県川崎市多摩区脚折町9丁目23番17号 パーク池之端827	1372		taichi45	2019/05/06	株式会社森建設	satominoru@hotmail.com	佐藤 裕樹	A+	325
		613-38-9098		1533		rosa-marialangern	06/13/2022, 00:00:00	Gorlitz Löwer GmbH & Co. OHG	reichmannbetti@gmail.com	Annelie Ullrich	A-	335
		445-66-7292		1330		rziegert	2020-10-09	Heinrich Sager KG	roemervinko@gmail.com	Richard Hertrampf	B+	396
	1935-12-16	82053649151		528		dom79	03/03/2023, 00:00:00	Pereira Carvalho e Filhos	arthur-miguelsales@hotmail.com	Julia Rodrigues	O+	43
		03671452862	"Rua de Cardoso, 3
Cardoso
72265313 Pimenta / PE"	508		felipe23	11/09/2022, 00:00:00	Pimenta	manuela01@ig.com.br	Sra. Júlia Leão	O-	409
		24915783014	"Travessa de Vieira
Madre Gertrudes
53753-951 Costela do Amparo / PI"	532		maria-laura32	2023/02/06	Garcia	ottocastro@uol.com.br	Luan Nunes	O+	28
		618-46-0993	"92267 Meyers Field Apt. 362
Lake Cathy, NM 94918"	208		andrew29	2019/05/08	Hernandez-Wood	wongjacqueline@gmail.com	Joseph King	AB-	239
	1921-05-18	PZZMRC16L64G362S	"Via Fausto, 49
22074, Manera (CO)"	1029		antoninomaffei	02 Aug 2020	Napolitano, Fiorucci e Andreotti SPA	sgottardi@gmail.com	Aurora Cattaneo-Trincavelli	A+	117
		89725103432	"Rodovia Vitória Sá, 63
Vila Formosa
29577473 Silva / CE"	972		bmachado	23 Jun 2021	Siqueira	camargonathan@uol.com.br	Nicole Souza	B+	123
	2009-10-14	SMNNNN25P63F865D	"Vicolo Annetta, 160
53020, Petroio (SI)"	543		ettoreturchetta	2024-01-07	Tamburello-Babato e figli	biagiotropea@tele2.it	Marisa Borgia	O+	22
	1960-02-20	611-09-9884	"Langernring 582
84415 Sankt Goarshausen"	482		schuelerlilian	2023-12-29	Ruppert AG & Co. KGaA	aloisia70@web.de	Isabell Bärer MBA.	B+	347
Midwife		130-34-7471	"79581 Henson Spur
Allenmouth, WV 29159"	2034		peter03	2023/10/01	Delacruz-Zavala	brettcarroll@yahoo.com	Jesus Nelson	B-	684
	1924-11-07	602-48-8413	"Krokerplatz 17-48
60346 Grimma"	879		bolzmannnermin	2024/05/24	Mosemann KG	franz-xaver00@aol.de	Alicja Haering	AB-	544
		341-47-2209	"Cilly-Dörr-Ring 99
71180 Saarlouis"	2161		heringdorothee	03/11/2024, 00:00:00	Gute AG & Co. KGaA	ojopich@web.de	Branko Birnbaum B.Sc.	AB-	441
Arzt	2011-07-03	245-79-7844	"Adriane-Steuer-Gasse 15-45
70735 Strausberg"	1345		dgutknecht	08/10/2023, 00:00:00	Junk	cecilia44@hotmail.de	Wally Köster-Neuschäfer	O-	82
	1989-12-23	057-30-7381	"336 Alvarez Bypass
Lake Scott, NM 23486"	1333		michaelmartinez	11/16/2018, 00:00:00	Perkins Group	timothymullen@yahoo.com	Richard Young	AB-	6
	2008-06-06	611-63-8403	"409 Johnny Drives Apt. 718
Ferrelltown, TX 47234"	2156		lwilliams	06/15/2019, 00:00:00	Morgan-Smith	fzimmerman@hotmail.com	Brittany Pierce	AB+	501
	1927-05-16	83975214619	"Via de Silveira, 49
Vitoria
80355-483 Pacheco do Campo / RR"	269		joaquimpimenta	2019/11/25	Barros Almeida - ME	andradeisabela@ig.com.br	Sr. Mateus Barros	B+	609
		853-26-2428	岩手県新島村上野公園8丁目23番7号 クレスト藤金972	508		pishikawa	2022-03-12	合同会社中村情報	dnakagawa@yahoo.com	岡田 零	B-	402
		347-87-9340	京都府印旛郡栄町上高野8丁目3番5号 ハイツ松が谷413	580		nakajimaakira	10 Jun 2024	岡本電気合同会社	tsubasafujii@hotmail.com	佐藤 七夏	O+	636
Asphaltbauer	1955-08-25	512-04-2397		1599		nladeck	11 Nov 2021	Graf	tim55@yahoo.de	Ercan Birnbaum	O-	673
	1941-12-31	CFRVNS60M28L751I	"Via Sandra, 2
43022, Basilicagoiano (PR)"	2068		norbiatosimone	23 Jan 2024	Ariosto e figli	battagliabruno@fastwebnet.it	Nicoletta Leone	A-	563
Investment banker, corporate		547-82-3012	"PSC 8441, Box 3165
APO AP 81424"	1486		wjenkins	2021/05/02	Allen-Rosales	robertkoch@hotmail.com	Sarah Casey	A+	484
	1959-07-02	SNDGVN99P44H467Q	"Viale Guinizzelli, 59 Appartamento 45
56031, Bientina (PI)"	376		zvarano	08 Jan 2019	Tarantini e figli	gabriellapiccio@tin.it	Raffaele Perini	A+	347
		51627304835	"Rua de Araújo, 74
Boa União 1ª Seção
53601932 Gonçalves Verde / PA"	1818		casa-grandeisabelly	2019-02-02	da Costa S.A.	viniciussales@ig.com.br	Rebeca Almeida	A+	622
	1928-09-02	971-93-9128	"Zahnplatz 28-67
75250 Hagenow"	1394		bolandermargot	2020-02-18	Putz	djaehn@googlemail.com	Sophia Paffrath-Beckmann	A-	555
	1950-08-28	12905473860	"Aeroporto de Viana, 82
Cardoso
51161481 Cassiano / AM"	558		azevedocamila	04/27/2020, 00:00:00	Moraes S.A.	jduarte@bol.com.br	Pedro Henrique Fogaça	A+	564
Chemist, analytical	1923-09-28	LRNSPH33T15I005Z	"Contrada Leone, 86 Piano 5
10042, Stupinigi (TO)"	19		gantonello	29 Dec 2019	Santoro, Pugliese e Malpighi s.r.l.	oreste70@tin.it	Dott. Panfilo Ferragni	B-	551
		582-43-2798	"937 William Road Apt. 678
West Lisa, NV 52695"	1720		qchase	2018/11/13	Roberts Ltd	reyeschristopher@hotmail.com	Jaime Miller	O+	638
	1984-04-12	622-97-7362	"124 Garcia Ford Apt. 314
Justinport, MO 30127"	975		jeffrey27	19 Jun 2022	Ramirez-Price	johnsonnathaniel@hotmail.com	Amanda Silva	B-	367
	1976-06-06	197-59-2542	"679 Howard Trafficway Apt. 545
West Timothy, NE 98418"	993		megansmith	2020-07-16	Glenn, Baker and Wilson	maciasalex@hotmail.com	Kevin Floyd	A+	690
アナウンサー		581-34-7688	徳島県香取市隼町40丁目1番6号 戸島シティ026	301		fyamada	2022-10-20	合同会社松本銀行	kana26@gmail.com	青木 聡太郎	O-	33
Engenheiro naval	1976-01-09	83725019479	"Setor de Brito
Atila De Paiva
42593962 Peixoto de Gomes / RR"	1294		mmendonca	2019-01-10	Freitas	rodrigo84@gmail.com	Gustavo Camargo	B+	539
Mudlogger	1922-11-04	877-31-0902	"698 Hall Freeway Apt. 933
Sharonchester, IL 24764"	936		whitekenneth	13 Jan 2023	Davis PLC	likelly@hotmail.com	Anthony Schwartz	O-	36
Community education officer	1923-09-21	FLZGLI11D54L315P	"Via Biagiotti, 14
44122, Ferrara (FE)"	284		zmoschino	12 May 2024	Milanesi, Malaparte e Fattori e figli	bernettinicola@yahoo.com	Arnulfo Boaga	AB+	180
	1958-07-08	544-94-5409	"Peukertweg 464
80393 Lüdinghausen"	884		wstumpf	2025-02-06	Röhricht Seidel AG & Co. OHG	vschaaf@web.de	Reinhardt Pergande-Tintzmann	O-	114
	1949-11-06	MLCDNT80A43F004S	"Viale Fantini, 3 Piano 9
33045, Nimis (UD)"	763		pertileugo	2023-08-21	Marsili-Cagnin Group	wbernetti@vodafone.it	Mario Iannotti	O+	468
Designer	1974-06-05	542-85-9288		470		tatjanaloechel	2022/11/01	Pölitz KG	hoderwald@aol.de	Domenico Lachmann	AB-	475
		731-61-5702	"Lotte-Lübs-Gasse 81
19457 Döbeln"	1218		vgnatz	2020-12-18	Plath KG	claus39@yahoo.de	Prof. Liselotte Mangold B.Sc.	AB+	535
		040-73-6221		538		birgidvogt	2019-12-27	Briemer	zdenkaroehricht@hotmail.de	Norman Riehl	B+	526
	1979-01-30	27450986329	"Rua Marques, 90
Mirtes
09314337 Fogaça das Flores / RS"	761		alexia04	2022-08-30	Camargo - EI	agathasiqueira@ig.com.br	Srta. Alexia Borges	AB-	375
	1956-06-17	874-72-0664	"6167 Nathan Freeway
South Matthew, NC 10192"	1861		monicajohnson	2021-04-15	Owens Inc	brucecheryl@yahoo.com	Dr. Amy Liu	AB+	62
	1935-06-25	922-15-0616	"Lissi-Fechner-Gasse 39
43918 Pößneck"	1491		khaering	12 Mar 2025	Lange AG	stefanieditschlerin@yahoo.de	Carl-Heinz Kobelt	A-	691
Militar da Aeronáutica	1913-11-23	50497312832	"Chácara Albuquerque, 96
Cônego Pinheiro 2ª Seção
57941670 da Conceição do Galho / MT"	895		caiobarbosa	2023/01/04	Mendonça	ida-luz@gmail.com	Rafael Freitas	A+	281
	1916-06-08	002-01-7275	北海道大田区天神島20丁目11番12号 外神田ハイツ651	286		fujitamikako	2023/11/21	斎藤印刷合同会社	kanakobayashi@yahoo.com	田中 春香	A+	230
	2013-12-28	93471852646	"Núcleo Teixeira, 67
Graça
78659333 Guerra das Flores / ES"	751		murilocorreia	2025-04-23	Vargas - EI	arthur43@hotmail.com	Cecilia Melo	A+	42
	2001-10-20	730-70-3409	"Schachtweg 62
67619 Naila"	774		hring	2024/11/10	Wernecke	ykoester@aol.de	Ingetraud Nohlmans	B+	579
アーティスト		241-52-3853	山口県長生郡睦沢町芝大門24丁目27番14号	1696		miturusuzuki	02 Dec 2021	藤井鉱業有限会社	shohei46@yahoo.com	中川 充	B+	522
Erzieher	1933-01-09	293-50-8894		857		heidrunboucsein	09/27/2019, 00:00:00	Pieper	elsbeth99@googlemail.com	Frieder Schüler-Klemm	B+	484
Medizininformatiker		812-44-1603	"Siegried-Klingelhöfer-Gasse 79-47
55309 Borken"	1786		cordloechel	04/04/2020, 00:00:00	Beier AG	gnatzjessica@hotmail.de	Hedi Jungfer-Steuer	B-	457
	1971-03-12	71963250877	"Setor de Macedo
Garças
39671-074 Cassiano / PI"	1229		tduarte	10/29/2019, 00:00:00	Silveira	sampaiofelipe@ig.com.br	Dr. Heitor Campos	A+	128
	2021-04-11	LNFLRA39S29B175R	"Vicolo Calcedonio, 456
62018, Potenza Picena (MC)"	1349		fzanazzo	12 Jun 2019	Ovadia SPA	jolandapascarella@alice.it	Silvestro Leopardi	AB-	198
		BRTSMT94R10H889U	"Viale Scarlatti, 22 Appartamento 64
73018, Squinzano (LE)"	558		linzaghi	2025/02/19	Bongiorno, Moresi e Ceci Group	agostino69@libero.it	Lisa Biagiotti	B+	559
		765-27-0070	佐賀県小平市花島6丁目8番8号 ハイツ小入508	2169		yamazakinaoto	08/26/2025, 00:00:00	株式会社小林保険	lshimizu@hotmail.com	岡本 陽一	AB+	144
		837-88-9054	東京都西多摩郡日の出町長畑18丁目6番14号 白金コーポ102	1649		haruka20	16 Dec 2019	加藤通信有限会社	takahashimai@gmail.com	山下 亮介	O-	318
	1978-07-23	535-16-6029	"Donald-Schönland-Ring 54-55
71136 Auerbach"	883		thomas97	02/08/2022, 00:00:00	Sölzer KG	seifertvaleria@yahoo.de	Fabian Schäfer-Carsten	B+	615
	1988-04-09	088-76-6181	"Drewesstraße 5760
02028 Neuss"	1248		groettnermanfred	2022-05-21	Mosemann Heidrich KG	anoack@web.de	Renate Lindau-Jacobi Jäckel	B+	350
		90562318470		1804		marina41	16 Jan 2019	Moreira	cassianomaya@uol.com.br	Pedro da Paz	AB-	668
		CHRGSP84H58I132D	"Incrocio Anguissola, 10
38068, Marco (TN)"	769		cziani	2022/06/03	Bonomo s.r.l.	bacciocontrafatto@hotmail.it	Dott. Enzio Amato	AB-	6
Administrator, arts	1974-03-15	533-99-6038	"375 Dunn Fords Apt. 200
Petersonfort, MN 74409"	1147		leeshelly	2025/08/09	Davis-Nicholson	eboyd@gmail.com	Melissa Knight	O+	224
	1993-03-22	24150736952	"Rodovia Moraes, 8
São Salvador
40425471 Borges / MS"	860		luara93	10/19/2018, 00:00:00	Guerra Gomes - EI	mouramatheus@uol.com.br	Benjamin Pimenta	B-	402
	1910-01-09	677-28-6591	"2074 Mitchell Cove
West Daniel, CO 81138"	48		gelliott	2023/01/23	Carter-Wright	mallen@yahoo.com	Teresa Reid	AB-	446
	1964-10-12	619-50-2652		1318		mechthildriehl	2023/05/27	Gunpf OHG mbH	katja89@googlemail.com	Eugen Hövel	O+	107
	1934-11-19	405-12-4355	奈良県横浜市鶴見区東上野21丁目4番5号 東大和町コート759	447		naoki81	06/16/2020, 00:00:00	中村運輸株式会社	tsubasa75@hotmail.com	斉藤 直樹	AB+	38
		516-84-0145	"Annita-Wesack-Ring 34
44619 Rockenhausen"	1469		heide-marieschmidt	05 Jul 2022	Börner	vmielcarek@web.de	Prof. Kazim Bolander	B-	497
		20679514830	"Vereda Kamilly Jesus, 7
Santa Branca
29596-103 Moura de Minas / GO"	125		montenegrogustavo	2023/05/27	Guerra	oribeiro@yahoo.com.br	Danilo Souza	AB-	528
	1916-01-13	174-84-1687		36		larissa35	24 Jul 2024	Bachmann Stahr GmbH	bthies@gmx.de	Ing. Christos Neureuther B.Sc.	B+	59
	1934-05-24	624-70-0938	"68332 Martin Ports
Colemanmouth, AR 57157"	342		tyler83	2021-06-16	Hernandez, Norman and Johnson	phillipmccormick@hotmail.com	Michael Robinson	AB-	579
		103-46-2779	"859 John Creek
West Carolinestad, IL 79395"	1191		wendydavis	2024/08/11	Young, Anderson and Dodson	ymoore@hotmail.com	Katherine Jenkins	AB-	269
	2001-07-28	756-03-9559		266		kanashimizu	14 Aug 2024	合同会社佐藤電気	rwatanabe@gmail.com	村上 あすか	O-	517
	1938-04-29	73289406113	"Recanto Ravi Novais, 4
Alto Vera Cruz
93912336 Ferreira / RO"	527		fonsecamaria-luiza	14 Feb 2024	Castro Cavalcante - EI	novaesheloisa@bol.com.br	Dr. Nathan Vargas	O-	654
Pianista	2020-12-28	70569821401	"Via Ribeiro, 90
Esperança
64838-131 Lopes / RJ"	1581		maria-helena48	2023/07/30	Nogueira	gabrielasilveira@uol.com.br	Luana da Mota	B+	140
		673-71-5797	"11780 Nicholas Fields Suite 163
Osbornefort, IL 48153"	1183		bwilson	2019/03/27	Merritt-Adams	osanders@gmail.com	Jerry Velez	AB+	502
		CRCMRN65S23D639N	"Rotonda Matteo, 22
37063, Tarmassia (VR)"	197		tbaggio	2020-02-20	Mimun-Canil s.r.l.	beffagreca@tele2.it	Adelasia Salvini	O-	578
		514-11-4672	"Davidsring 2-8
92422 Schwäbisch Hall"	474		etzlerrolf-peter	05 Oct 2022	Rogge	betinahermann@hotmail.de	Hannes Jäkel-Eberhardt	A-	66
	1916-02-17	703-29-3306	群馬県横浜市旭区上野公園20丁目21番5号	1068		kyosuke34	2025-03-10	高橋運輸株式会社	kazuyakondo@hotmail.com	山口 あすか	O-	676
Pfleger	1920-10-26	351-18-4183	"Remo-Sölzer-Gasse 40-76
45537 Miesbach"	1682		bolnbachfranz-peter	10 Dec 2018	Fritsch	petra81@gmx.de	Theodor Bender B.Eng.	AB+	485
	1944-07-23	280-90-4063	福島県大田区芝浦17丁目2番7号 入谷コーポ562	623		ymatsumoto	05/19/2023, 00:00:00	株式会社加藤通信	hiroshimori@gmail.com	鈴木 七夏	O-	497
		CRTPLM84M14H372O	"Stretto Camillo, 2 Piano 5
04011, Carano (LT)"	277		xtarchetti	2023/05/03	Inzaghi-Vento s.r.l.	idaserlupi@fastwebnet.it	Ninetta Gagliardi	O+	389
	1993-06-27	CMLMRN92C53G821R	"Canale Sgalambro, 39
20040, Torrazza Dei Mandelli (MI)"	2042		jpistoletto	08/27/2020, 00:00:00	Montanariello-Zoppetti s.r.l.	borranilorenzo@tin.it	Piergiuseppe Bonatti-Bernini	B-	219
		21745608362	"Loteamento de Nogueira, 210
Ernesto Nascimento
69848-105 Ribeiro / MS"	2151		vasconcelosalice	2019/07/11	Moraes Moreira - ME	ana-livia78@yahoo.com.br	Alexia Monteiro	O-	159
Advice worker	1929-11-12	CLLBNC76S08F028U	"Via Foletti, 6 Piano 9
06049, Cortaccione (PG)"	1799		correrelisa	03/04/2021, 00:00:00	Treves-Collodi s.r.l.	lucianofinotto@gmail.com	Carmelo Trotta-Marino	B-	308
		CSRSBT89P49D925H	"Via Jacuzzi, 2 Piano 0
39053, Prato All'Isarco (BZ)"	520		montibettina	07/12/2022, 00:00:00	Vianello, Vespa e Sagredo e figli	kbasso@fastwebnet.it	Livio Guariento	B-	587
	1989-09-13	984-11-8117	"Röhrdanzweg 79/81
04666 Northeim"	694		wilmsenluitgard	01 Sep 2023	Söding GbR	lisbethscholtz@gmx.de	Nick Gierschner	O+	400
Schornsteinfeger		837-58-0883	"Pawel-Weinhold-Platz 97-62
29213 Lübben"	2061		rognerpascale	2024-09-04	Mälzer Adolph AG	pliebelt@gmail.com	Hartmuth Oestrovsky	B+	23
Geradorista		10623978431	"Chácara Davi Gonçalves, 87
Heliopolis
31116-779 da Costa do Sul / RJ"	1617		qmontenegro	11/21/2020, 00:00:00	Barros e Filhos	tsampaio@gmail.com	João Pedro Rocha	O-	492
		516-63-4325	香川県三鷹市六番町42丁目27番10号 アーバン無栗屋600	2180		matsudanaoto	2023/10/29	吉田印刷株式会社	kobayashitomoya@hotmail.com	村上 くみ子	A+	132
Eletricista de automóveis	1973-08-14	27954386074		396		kevin20	02/18/2025, 00:00:00	Fonseca - ME	lopesravy@gmail.com	Joaquim Borges	B-	211
		153-67-6497	"83246 Chung Pass Suite 373
Erinland, MD 69168"	2033		gryan	12 Aug 2023	Cole Ltd	johnsonjoy@gmail.com	Albert Marquez	O-	21
	1919-10-06	458-76-5941	鹿児島県江戸川区二つ室24丁目14番11号 アーバン所野568	62		kobayashichiyo	2023-10-27	林保険株式会社	shotasuzuki@hotmail.com	斎藤 加奈	A-	508
	1981-07-15	SFFMRN61H47F788K	"Strada Ivo, 447 Appartamento 31
67045, Casamaina (AQ)"	906		lucreziatrentini	08/09/2023, 00:00:00	Redi-Venturi s.r.l.	aria03@alice.it	Livia Borrani	A+	491
		993-49-6594	"Luise-Buchholz-Ring 5-1
81867 Sulzbach-Rosenberg"	775		heringmichael	01/26/2021, 00:00:00	Schacht KG	reinhardtira@gmail.com	Dipl.-Ing. Elfie Nerger MBA.	AB-	256
	1926-05-24	455-26-2389	"45356 Anderson Fork
South Lauren, NV 58224"	1620		daniellewis	2024/10/29	Medina and Sons	qthompson@yahoo.com	Mrs. Diana Luna DVM	B+	235
Elektroniker	1974-01-15	840-78-9382	"Stephen-Jüttner-Weg 95
14709 Bad Langensalza"	1660		tloewer	2019/05/16	Schuchhardt e.G.	klappcalogero@gmx.de	Raik Warmer	AB-	374
Geneticist, molecular		166-88-4504	"PSC 0801, Box 1148
APO AA 11381"	625		anthony38	2018-11-04	Crane, Bentley and Welch	russellphillips@yahoo.com	Rachel Caldwell	A-	549
	1970-06-16	147-45-5948	"Leopoldine-Wohlgemut-Platz 73/19
10372 Neustadt am Rübenberge"	329		swinkler	2018/12/29	Beier	urselrosenow@googlemail.com	Filiz Segebahn	AB-	60
		214-01-0082	"Curt-Hellwig-Ring 8-8
05570 Kamenz"	1804		textorsaban	2023-06-04	Zorbach	uhornig@aol.de	Sigismund Kühnert	O+	616
Printmaker	2010-03-25	GBRLNA23D30B466B	"Stretto Edoardo, 83
14043, Castelnuovo Belbo (AT)"	1381		vincenzomorpurgo	16 Dec 2019	Palumbo-Cociarelli e figli	azegliomurialdo@tiscali.it	Sebastiano Bajamonti	AB+	254
		NTRTRT02B48B787G	"Canale Amadeo, 57
00017, Acquaviva (RM)"	2031		renzostradivari	2025/03/16	Armani Group	rlucciano@virgilio.it	Carmelo Moccia	O-	225
	1978-08-27	19386425700	"Recanto Abreu, 50
Antonio Ribeiro De Abreu 1ª Seção
47953-467 Nascimento Paulista / RS"	2111		asafemachado	2020-03-09	Mendonça	da-pazolivia@gmail.com	Ana Beatriz Mendes	B+	326
Coreógrafo	1989-11-09	95601873410	"Passarela de Araújo
São Cristóvão
86331729 Vargas / MA"	2146		renan22	2024-01-31	Novais	yagobarbosa@uol.com.br	Catarina Oliveira	A-	237
	1954-11-05	074-09-5929	"2131 Shaw Common
New Billy, AK 51237"	1177		melanie32	2021/12/01	James PLC	robinelliott@gmail.com	Karen Wolf	AB-	21
		37104259805		105		xribeiro	2024/11/06	Fernandes Gomes Ltda.	emanuel89@ig.com.br	Ísis Farias	B+	537
	2014-09-21	CRNPRN41E52A857S	"Vicolo Pareto, 90
82013, Bonea (BN)"	606		eva64	12/17/2021, 00:00:00	Fornaciari SPA	dantezito@gmail.com	Sig. Arturo Cibin	A-	587
	1927-07-31	132-68-4594	"654 William Street Apt. 175
North Sherryhaven, NY 78758"	68		toddbryant	12/16/2018, 00:00:00	Stevens-Singh	edwardramirez@gmail.com	Pamela Bailey	A+	326
Atleta de tiro com arco		07652398177	"Conjunto da Cruz, 13
Vila Havaí
68896015 Porto de da Rosa / PI"	27		davi-lucasandrade	2019/03/28	da Paz Duarte - EI	maria-liz63@uol.com.br	Henry Gabriel Rocha	A+	324
		620-69-6033		1161		kazuya98	2021-07-24	有限会社西村銀行	yamamotoyasuhiro@gmail.com	三浦 陽一	A-	152
		419-57-9966	"1061 Amanda Crescent
West Hannahshire, UT 57501"	290		keithjeffrey	08/01/2023, 00:00:00	Cameron-Singh	swarren@gmail.com	Ian Roth	A+	490
	1953-09-23	10437826562	"Lago Brito, 872
Cdi Jatoba
45266034 Sousa / PI"	1917		luigi00	05/29/2021, 00:00:00	Melo da Cunha S.A.	guerracarlos-eduardo@uol.com.br	Maria Eduarda da Costa	B+	460
	1971-08-03	896-94-2414	千葉県安房郡鋸南町九段南22丁目15番11号 ハイツ芝浦795	1845		shoheiyamaguchi	03 Apr 2024	村上通信株式会社	zikeda@hotmail.com	斎藤 桃子	A-	397
	1945-08-29	673-17-8210	"794 Jonathan Manors Apt. 444
Garciahaven, NM 38064"	578		gavin14	12/11/2020, 00:00:00	Yu Ltd	xblanchard@gmail.com	Gabriel Montgomery	O-	458
		948-90-9435	"Hartmanngasse 80/95
74704 Siegen"	1033		cpohl	2022-09-29	Scheel GmbH	lvogt@gmail.com	Univ.Prof. Karolin Misicher	AB+	277
	1931-12-18	07846395157	"Área Gael Cirino, 99
Ermelinda
36229868 Porto / SE"	1272		carvalhomaria-clara	2024-06-06	Castro	theo98@uol.com.br	Paulo Vasconcelos	B+	200
Hospital pharmacist	2011-04-30	LVTSMN86M46I703A	"Incrocio Temistocle, 25
25128, Brescia (BS)"	1241		liliana82	2023/08/26	Lettiere-Lupo SPA	flavioagazzi@tiscali.it	Coriolano Bonatti-Colletti	AB+	163
		011-48-8903		463		sayurisuzuki	04/25/2019, 00:00:00	株式会社遠藤通信	ekato@hotmail.com	高橋 七夏	AB+	535
	1994-06-25	746-15-1820	"52534 Ashley Isle Apt. 657
Allenmouth, NV 42668"	157		yharvey	2023-05-12	King, Barrera and Serrano	gchristensen@yahoo.com	Alexis Armstrong	AB-	266
	2011-09-25	CZZNZE83T41F504E	"Viale Pizzetti, 71
20032, Cormano (MI)"	966		ippaziosauro	01 May 2020	Mantegazza-Interminei Group	gtedesco@tin.it	Maura Calgari	A-	154
		424-28-9556	福井県武蔵村山市港南29丁目9番19号 権現堂パーク359	1932		owatanabe	09/25/2023, 00:00:00	山口鉱業合同会社	momokoyoshida@gmail.com	高橋 太郎	A-	304
		392-74-4610	愛知県長生郡長生村四区町20丁目22番20号	860		aokishota	16 Jan 2023	有限会社青木印刷	taichitanaka@yahoo.com	前田 英樹	A+	568
		75628913464	"Rodovia Alexia Lopes, 874
Jardim São José
19285-333 Brito / PR"	1994		hsampaio	16 Jul 2024	Costa	isabella50@ig.com.br	Maria Cecília Gomes	B-	637
		076-18-5633		484		johnwilson	01 Dec 2022	Tran Ltd	jessica75@yahoo.com	Christopher Lopez	B+	390
		580-96-4785	"21869 Michael Circles Apt. 161
Sylviamouth, LA 27465"	355		amberterrell	2021-02-21	Moore-Robles	johnlong@yahoo.com	Mrs. Samantha Cohen	B-	439
	1985-12-19	588-81-3650	滋賀県目黒区蔵前3丁目2番17号 雷門アーバン252	630		yoichi90	2024/11/07	合同会社三浦ガス	vishikawa@yahoo.com	岡田 充	AB-	166
	1963-09-11	819-24-4126	"Boris-Stahr-Straße 9-3
81655 Rehau"	1931		kreinraphael	11 Jan 2020	Kade e.G.	uzorbach@gmx.de	Änne Sölzer	B-	434
		GSPNPN86M52E100T	"Borgo Mantegna, 97 Piano 1
33081, Selva (PN)"	1442		vincentiointeriano	06 Apr 2023	Santi, Mercantini e Argentero e figli	schiavonecassandra@tim.it	Ubaldo Filippini	AB+	511
	1956-03-24	128-78-9043	"Eckhardt-Täsche-Ring 6
41078 Wolfratshausen"	148		zherrmann	2025-03-05	Möchlichen Häring GmbH & Co. KGaA	lailaadler@hotmail.de	Amanda Patberg B.A.	AB+	593
		207-45-4614	"PSC 0855, Box 5646
APO AE 87209"	782		dwilliams	30 Jan 2020	Pitts LLC	jacobwashington@gmail.com	Alexander Williamson	O+	241
Education administrator	1922-01-19	CNDVNL68T07D704E		1554		utaccola	2019/07/11	Visintini Group	efaugno@poste.it	Giulia Miniati	AB-	496
	1977-10-13	049-63-1382		170		mituru71	2022/08/16	鈴木農林合同会社	taichi53@hotmail.com	森 裕樹	A+	705
	2016-11-24	774-81-2305	"Silja-Heuser-Ring 5/2
79551 Warendorf"	416		apostolos41	2022-08-03	Gröttner Kroker GbR	magdalena53@gmail.com	Frau Silja Rogge MBA.	O-	466
	1996-09-27	336-42-6800	"163 Sydney Drive
Tommyfurt, PR 22666"	1355		lopezanthony	09/12/2025, 00:00:00	Edwards LLC	rowejason@yahoo.com	Tara Lopez	B-	39
	1961-03-14	68493501298	"Esplanada de Pacheco, 68
Jardinópolis
23738966 Cavalcante / AP"	1254		lduarte	2021/04/27	Dias Nogueira S/A	isabellanovais@yahoo.com.br	Luiz Otávio Campos	B+	143
Public affairs consultant		851-62-8754	"74971 Mathis Common Apt. 706
West Taylorstad, RI 99388"	135		briannamcintyre	2025-09-23	Rojas and Sons	barkersteven@hotmail.com	Jason Marquez	A-	161
		TTNGNN76B62C169Z	"Contrada Uberto, 817 Piano 8
00168, Roma (RM)"	1424		livio87	2022-09-07	Chiaramonte, Lupo e Segni e figli	nsalvini@tim.it	Flavio Badoglio	A+	629
Product/process development scientist	1990-05-21	547-09-2290		853		smithallison	2019/11/09	Camacho Inc	louis04@hotmail.com	Alexander Jenkins	A+	607
Armeiro	1932-03-04	06197528401	"Rua de da Paz, 2
Boa União 2ª Seção
32834-464 Sousa de Minas / GO"	2103		henrypacheco	01/25/2024, 00:00:00	Sousa Aparecida - ME	gustavo-henrique41@uol.com.br	Davi Lucas Sousa	B-	684
	2017-11-08	020-37-3034	京都府小笠原村日比谷公園17丁目25番5号 湯本塩原シティ725	2077		watanabetaro	2024/02/16	合同会社佐藤電気	maaya69@gmail.com	森 翔太	B+	579
アートディレクター	2010-04-19	833-31-2350	長野県横浜市保土ケ谷区月島21丁目16番15号 クレスト下吉羽529	1303		hkobayashi	2021/12/10	加藤保険合同会社	ishiitakuma@gmail.com	山田 太一	O-	490
	1987-12-30	891-14-9744	山形県長生郡白子町四区町16丁目24番12号 竜泉パレス391	939		zhayashi	2025/01/30	有限会社橋本ガス	satomiwatanabe@yahoo.com	遠藤 聡太郎	AB-	271
	1989-12-31	58607143271	"Trecho Marcela Martins, 23
Novo Aarão Reis
12413-943 Ramos / AL"	290		ada-rocha	15 May 2022	Novais	marcelo29@hotmail.com	Raul Campos	O+	639
Chartered public finance accountant		PRTRMD39S48G852C		177		querinimarisa	2024/03/31	Turrini Group	ginodallape@poste.it	Natalia Silvestri	O+	272
		NTRBNN82S56E062U	"Vicolo Guidone, 50
80038, Pomigliano D'Arco (NA)"	1207		fedele96	2020/02/28	Golgi, Catenazzi e Paolini SPA	psoderini@gmail.com	Niccolò Tedesco	B-	541
		075-67-9097	"Sigismund-Hentschel-Allee 4-3
25533 Flöha"	635		lissy07	09 Jan 2022	Mohaupt GmbH & Co. KG	liesbeth80@hotmail.de	Dagobert Dowerg	A+	250
Gerente de riscos em seguros		93845601701	"Lagoa de Rios, 19
Universo
62247-937 Alves do Norte / RS"	528		emachado	24 May 2025	Farias	felipeda-rocha@uol.com.br	Maysa Teixeira	AB-	382
Quadrinista		31625097425	"Residencial de Sousa, 378
Vila Nova Cachoeirinha 1ª Seção
22676666 Vargas da Serra / BA"	692		lteixeira	07/09/2021, 00:00:00	Teixeira Ltda.	diaszoe@hotmail.com	Giovanna Silva	B-	227
Microbiologist	2019-06-28	616-66-3791	"430 Joseph Motorway
East Dominiqueburgh, NM 75741"	1902		joshua80	2022/04/07	Roy Group	carlaleonard@hotmail.com	David Flores	AB+	237
測量士	1912-12-18	873-67-0540	佐賀県横浜市港北区前弥六南町42丁目20番12号	1366		atsushiyamamoto	2022-12-30	三浦運輸合同会社	satotomoya@gmail.com	山口 洋介	A+	282
	1945-02-20	412-32-3657	岐阜県府中市氏家新田14丁目6番20号	484		satomai	2024-07-24	吉田建設株式会社	kazuya68@hotmail.com	福田 修平	O-	486
	1961-12-26	15280376426	"Recanto de Melo, 2
Lagoinha
65825-939 Sousa / AC"	1630		fogacadom	2019-05-16	Casa Grande - ME	vpacheco@ig.com.br	Calebe Dias	O-	482
		862-34-3619	長崎県川崎市川崎区筑土八幡町42丁目9番14号 コート中小来川649	65		atsushi47	13 Oct 2019	株式会社坂本電気	jun11@yahoo.com	石井 さゆり	AB-	136
	1979-07-25	697-82-5093	"Nohlmansallee 27-36
94396 Höxter"	715		xwerner	06 May 2020	Reuter Davids KG	agnieszka20@gmail.com	Jolanthe Schuster-Walter	AB-	104
Fachinformatiker	1963-06-16	661-66-5561	"Rustgasse 37-23
99044 Eisenhüttenstadt"	822		slobodan53	2018-12-24	Hethur e.V.	gilda78@yahoo.de	Hans Georg Gumprich	B+	32
	1982-07-15	15276394873		1937		eduardodias	12/23/2022, 00:00:00	Campos	marquespaulo@gmail.com	Srta. Maria Isis Correia	A-	33
Governanta		47560819320	"Viaduto Costa
Vila Batik
44722961 Barbosa de Aparecida / MT"	341		umarques	2024/12/27	Garcia Dias - EI	icaldeira@yahoo.com.br	Sarah Peixoto	B+	239
		CSTCPN16C61E205Q	"Rotonda Bellini, 913
60034, Cupramontana (AN)"	326		einaudiraffaello	2023-08-15	Tartini-Corbo s.r.l.	fscalera@alice.it	Paride Parri	A-	201
	1937-12-09	129-16-9744	徳島県八千代市前弥六南町31丁目12番18号 西神田シャルム357	2098		sayuri72	2022-05-25	佐藤鉱業合同会社	shoheinakagawa@yahoo.com	伊藤 くみ子	O+	671
	1915-06-16	14369275873	"Fazenda João Vitor Abreu, 44
Nova Suíça
41567-088 Cassiano de Gonçalves / RS"	1260		pietrada-rocha	2023-05-09	Pacheco Correia e Filhos	barbosatheodoro@bol.com.br	Sr. Mateus Martins	B-	698
		686-15-1117	長崎県三宅島三宅村太田ヶ谷37丁目13番7号 アーバン手岡683	1754		nanamisato	2019-09-08	株式会社斎藤運輸	ryoheiito@gmail.com	清水 太一	B+	25
		PTRRSN76R14E067L		1032		germanabrugnaro	2021-04-18	Rosmini-Scandone e figli	parrivittoria@yahoo.com	Michelotto Staglieno	O+	301
	1917-02-24	29504871305	"Lagoa Vitor Cavalcanti, 1
Alto Barroca
69596-264 Novais de Goiás / RJ"	10		moreiraguilherme	20 Sep 2025	Araújo	davi-luiznovais@bol.com.br	Eduarda Souza	AB-	450
		42108356924	"Largo Otto Cassiano, 425
Bom Jesus
51641013 Fogaça / SC"	1287		camargoleonardo	05/01/2019, 00:00:00	das Neves S/A	emachado@bol.com.br	Olívia Jesus	A-	439
		SLLPLM86T21L691E	"Via Alina, 27
56048, Saline (PI)"	1839		vidonigiampiero	08/18/2021, 00:00:00	Maderno s.r.l.	arnaldo15@live.com	Flora Tamburini-Sermonti	A+	34
	1926-06-04	659-26-1791	"034 Mcdonald Orchard
Port Dominic, MI 48600"	1294		eelliott	2024/11/10	Perry Group	jcampbell@gmail.com	Joseph Cruz	A-	346
	1969-06-25	CGULGN65B25I905N	"Stretto Vismara, 779 Piano 5
23808, Vercurago (LC)"	646		giovanniargan	2021/06/07	Peranda, Collodi e Infantino e figli	santetosto@tele2.it	Fedele Cortese-Farina	O+	549
	2012-11-29	380-82-6354	"Sylvia-Boucsein-Straße 9/4
00317 Tübingen"	2076		kira01	18 Jun 2021	Vollbrecht	ditschlerinmareike@yahoo.de	Prof. Giuseppina Bonbach	B+	290
	2008-08-10	815-36-4147	"8163 Mikayla Ways
Millerhaven, MD 19694"	218		dperez	30 May 2020	Schroeder Ltd	kimberly22@gmail.com	Ashley Chapman	AB+	325
	1980-09-03	516-71-6121	徳島県練馬区東上野39丁目13番20号 シャルム小入525	1794		hashimotomiki	09/02/2020, 00:00:00	山下食品株式会社	yoichinakajima@gmail.com	岡田 美加子	O+	584
		745-57-2479	"057 Joshua Springs
Elizabethstad, NC 33973"	1220		jonesmichael	2019/04/09	Andrews, Salazar and Cunningham	hallcraig@hotmail.com	Brandy Guerrero	AB-	472
	1929-10-04	78049263592	"Estrada Cavalcante
Fazendinha
94049-387 Rocha de da Mota / ES"	506		novaesjoao	2022-08-31	Duarte	bellasantos@yahoo.com.br	Laís Cunha	AB-	58
		399-69-7749	"051 Matthew Summit
West Johnport, MI 13481"	603		wolsen	2024/12/04	Ryan-Howard	pbaker@hotmail.com	William Lester	O+	288
	1926-08-14	358-28-0532	"4852 Williams Land Suite 716
Bakerton, LA 64938"	1190		millerjason	11/02/2021, 00:00:00	Barnett Ltd	xyoung@hotmail.com	Shannon Wilson	A-	275
Químico	1968-04-01	64903287556	"Condomínio Fernandes, 87
Inconfidência
91505381 Ferreira / SC"	960		silveirafernanda	21 May 2020	Viana da Rocha S.A.	bandrade@uol.com.br	Esther da Conceição	A-	31
		37029564170	"Parque Larissa Souza
Serra
85979-734 Costa / RR"	1192		moreirakevin	2022-10-29	Ferreira	cjesus@hotmail.com	Enzo Gabriel Teixeira	B+	628
Elektroniker	1960-08-26	753-29-5253	"Romy-Staude-Allee 90
37537 Heinsberg"	271		bienbrunhilde	20 Jan 2020	Köhler Gute AG & Co. KGaA	hseifert@gmail.com	Carmine Steinberg	A-	107
Mathematiker		593-48-4342	"Lorchallee 6708
96098 Füssen"	1337		ukusch	09/27/2019, 00:00:00	Hübel Otto GmbH	tgunpf@gmail.com	Ing. Darko Mies B.Eng.	AB-	431
	2021-12-09	64715082390	"Morro Maria Flor Farias, 8
Vila Da Luz
35077258 Marques Paulista / MS"	1759		ramossophia	12/06/2024, 00:00:00	Melo Santos e Filhos	ufarias@yahoo.com.br	Antônio da Mata	A-	286
	1983-12-25	641-41-1016		1421		mballard	11/14/2022, 00:00:00	Sloan, Stout and Black	ubarnes@gmail.com	Dorothy Roman	O+	166
	1972-09-28	GRNSLV85D23F261V		1655		zeffirellialderano	2019-06-02	Bembo-Palmisano e figli	zginese@libero.it	Vincenzo Bixio	O+	42
Agente de combate à endemias		97643208565	"Feira Hellena Garcia, 60
Europa
58884-905 Azevedo Paulista / RR"	370		da-luzmaria-luisa	23 Apr 2019	Peixoto Ltda.	eloah82@yahoo.com.br	Ravi Lucca da Costa	O+	375
	1981-06-17	BRGDNT93P47M355D	"Incrocio Bruno, 142
66026, Villa Caldari (CH)"	888		hsanti	2021-12-14	Zacchia, Monicelli e Ferragni SPA	liguorininetta@hotmail.com	Alberto Manolesso	AB+	689
	1946-11-14	737-64-1115	鳥取県富津市鍛冶ケ沢32丁目23番6号	280		cnakajima	08/10/2023, 00:00:00	合同会社佐藤建設	maaya70@gmail.com	松本 智也	B+	697
	1964-12-06	339-66-9025	"11571 Taylor Well Apt. 942
Rubentown, DE 71987"	221		joemurray	09/27/2022, 00:00:00	Russell PLC	omoss@yahoo.com	Kenneth Mcclain	AB-	92
	1986-12-03	BRSLCU37R22H920V		1031		evangelista06	08/25/2023, 00:00:00	Vittadello, Treccani e Tasca s.r.l.	laurettaleopardi@virgilio.it	Barbara Cesaroni	O+	359
Education officer, environmental		CRDLRT85R24D465L	"Piazza Baroffio, 1 Piano 1
90021, Alia (PA)"	1396		cerquigliniarmando	2019-09-06	Totino, Fuseli e Fibonacci s.r.l.	ezio82@tin.it	Erika Ammaniti	O+	473
	1970-11-11	558-59-2413	沖縄県印旛郡栄町北青山35丁目20番1号	274		itokazuya	08/09/2025, 00:00:00	株式会社福田水産	hidekiota@hotmail.com	松田 春香	AB-	633
	1980-01-09	17320546906	"Feira de Guerra, 61
Conjunto Celso Machado
54829-594 Farias / ES"	1582		joao-miguelalbuquerque	2019/08/05	Rios	raquellima@yahoo.com.br	Manuella Pimenta	O+	128
		817-59-5697	"Holzapfelplatz 3-9
90381 Torgau"	503		mendeemil	2024/01/15	Ullmann	fredschmiedecke@yahoo.de	Heimo van der Dussen	O-	511
Imunologista		89075324197	"Favela Alícia Pinto, 5
Santa Amelia
43769-453 da Rosa / AC"	1102		antonellamontenegro	2020-05-10	Fogaça	gabrielly20@uol.com.br	Sr. Bruno Ferreira	AB-	1
		80159726476	"Núcleo da Mota, 28
Dom Joaquim
42178-064 Leão / TO"	894		walmeida	24 Apr 2022	Costa Ltda.	vrezende@gmail.com	Calebe Alves	B+	352
		593-21-7935	"359 Leslie Prairie
Mariatown, NJ 81881"	44		wrightconnie	11 Feb 2023	Becker PLC	peterskatherine@hotmail.com	Teresa Ruiz	B-	704
		TGNLNI07S24H752O	"Strada Piccio, 0 Appartamento 18
30013, Treporti (VE)"	1489		fabio50	2020-08-23	Bramante, Caccianemico e Einaudi Group	annunziata66@tim.it	Sig.ra Sole Cibin	A-	570
	2008-10-14	BRNNNR99C24C744J	"Rotonda Leopoldo, 6
10030, Vische (TO)"	435		dolores00	12 Feb 2019	Barracco, Tuzzolino e Strangio Group	giampierobenedetti@alice.it	Rosaria Tonisto	AB-	705
Chemikant		592-80-3402	"Rosemannallee 5-2
54650 Neuruppin"	1362		sklapp	2019/10/27	Speer	mehmetbolnbach@hotmail.de	Karola Ackermann	A+	267
	1914-01-29	TRLGLM31P29C650K	"Borgo Loretta, 120 Piano 4
28019, Suno (NO)"	172		costalongaivan	2019/09/09	Volta, Zanzi e Boito s.r.l.	danielecendron@tele2.it	Adriana Castioni	B-	192
	1950-06-05	230-87-0125		2172		davidsonkelly	23 Mar 2019	Chang-Lynch	mcconnellfernando@yahoo.com	Kenneth Clark	A+	350
		483-24-3317	高知県印旛郡栄町鶴ヶ丘2丁目8番11号 シティ中三依585	578		hideki72	2025-01-30	井上保険合同会社	shota99@hotmail.com	小林 くみ子	AB+	314
	1991-11-14	536-93-6362		204		hans-georgdoehn	22 Apr 2020	Grein Groth	gerhart74@googlemail.com	Dipl.-Ing. Insa Hornich	B-	347
	1948-12-11	BNGRSN81D11D807H	"Vicolo Tuzzolino, 95
25060, Gombio (BS)"	2170		fpriuli	10/09/2019, 00:00:00	Agostini SPA	icantimori@libero.it	Beatrice Malacarne-Govoni	O-	552
		668-35-2593	"43674 Alvarez Turnpike Suite 759
Davemouth, UT 82793"	2163		owensemily	03/14/2020, 00:00:00	King Ltd	nicole93@gmail.com	Daniel Perry	AB-	455
Informatiker	1930-05-07	174-89-6405	"Hillerstr. 47/88
38329 Suhl"	1640		pirmin23	2021-03-16	Niemeier Hahn GmbH & Co. KG	rstriebitz@hotmail.de	Stefania Heser	O+	495
	1932-02-06	132-82-7955	"1613 Jay Villages Apt. 382
Pamelaborough, CO 06314"	751		samanthasims	2021-01-15	Edwards Group	lee54@hotmail.com	Adam Butler	AB-	297
Engenheiro de aquicultura	1969-07-20	91843075288		2098		yrocha	2024/12/18	Mendonça	mcostela@gmail.com	Isabel Correia	B+	191
	2002-04-05	172-39-9409	"4027 Gabriel Circle Suite 206
Vaughnbury, TN 69294"	1885		fflynn	30 Sep 2023	Craig Ltd	tina83@hotmail.com	Jessica Mcdaniel	O-	686
	1978-10-27	439-74-0613		1401		ignatzmartin	2019-03-04	Schönland GmbH	gertzh-dieter@aol.de	Waldtraut Pohl	A+	570
		46217805308	"Viela de Porto, 87
Castanheira
78650-095 Fogaça Alegre / PE"	131		lopesana-carolina	2025-03-13	Cassiano S/A	udias@hotmail.com	Vitor Gabriel Sá	A-	21
		099-62-3679	茨城県東大和市独鈷沢28丁目7番11号 竜泉パーク087	1160		chiyoabe	09/26/2018, 00:00:00	佐藤水産株式会社	rei46@yahoo.com	鈴木 治	O-	625
Apresentador		10456739866	"Trevo Lorena Marques, 43
Corumbiara
12795-708 da Mota da Mata / PB"	1270		renan32	2021-05-18	da Costa	monteiroyasmin@hotmail.com	Theodoro Cirino	A-	89
	2014-04-12	51820649776	"Setor Thales Cavalcante, 55
Jaraguá
91897825 Rios de Costela / MA"	475		nunesjoao-guilherme	2019-01-01	Mendonça	valentim21@bol.com.br	Sra. Lorena Pereira	B+	132
		457-76-5365	"Katherina-Bärer-Weg 7505
13458 Eberswalde"	2042		kai-uwe08	2022-09-16	Hartmann GmbH	siegried09@hotmail.de	Edelgard Hethur B.A.	AB+	427
	2022-03-30	SNTNCL20A49I062P	"Stretto Dante, 476 Piano 8
15057, Castellar Ponzano (AL)"	740		errigorosalia	02 Dec 2018	Alfieri-Vattimo e figli	elladiogucci@fastwebnet.it	Sole Cagnin	O+	495
Krankenschwester		613-71-5213	"Antonios-Hornig-Straße 97/46
58203 Zossen"	1984		catharinamielcarek	05 Dec 2018	Biggen	wenckevogt@gmx.de	Karlfried Hettner MBA.	AB-	578
Ship broker		GRBRLD25H46I184X	"Canale Bernini, 387 Piano 6
24013, Oltre Il Colle (BG)"	312		luca99	2025/07/19	Liguori-Dalla e figli	tonifavata@libero.it	Flavio Asprucci	O-	15
		BTTVNN18T55E306X	"Rotonda Antelami, 1 Piano 7
98079, Tusa (ME)"	1581		lsatriani	07/29/2024, 00:00:00	Paruta, Panzera e Capecchi SPA	angelica53@libero.it	Filippa Bianchini-Corbo	O+	650
	1925-08-10	851-78-1067		454		mannrobert	11/20/2020, 00:00:00	Fleming-Johnson	lisa61@hotmail.com	Donald Collins	AB+	381
		74156908348	"Distrito de Nunes, 9
Jardinópolis
21532-681 Viana / PB"	1086		gael-henriqueporto	2023-05-30	Costela	cirinoravi-lucca@gmail.com	Hellena Albuquerque	B+	40
Florist		548-90-5002	"Schülerallee 9-5
62537 Weißenfels"	754		lorchmathilde	09 Sep 2023	Gotthard e.V.	jankohoffmann@aol.de	Sabine Scheuermann	B+	204
		017-10-2306	福島県西東京市土沢39丁目27番15号 卯の里パーク575	180		ryosukemori	02/04/2023, 00:00:00	木村農林合同会社	watanabeminoru@gmail.com	松田 翔太	AB+	16
		783-68-8231	"508 Rodriguez Crossing
Coleside, NM 36712"	2151		stephaniejones	12/07/2021, 00:00:00	Smith, Johnson and Mccann	rachel55@yahoo.com	Richard Mercer	A-	313
Saxofonista	1933-05-14	84103526998	"Residencial Cassiano, 57
São Tomaz
71168-711 Porto de Goiás / RO"	975		leticiaduarte	2021-11-28	das Neves Freitas S.A.	lazevedo@yahoo.com.br	Josué Cunha	O-	609
	1986-06-27	CCRDNL49A21I475D	"Borgo Filippo, 33
21052, Busto Arsizio (VA)"	1169		natalia85	2024/05/11	Boccherini-Zoppetto Group	licia11@outlook.com	Sig. Mariano Maspero	O-	578
	1977-05-13	262-81-3808	"Weinhagestraße 97-14
87753 Augsburg"	1293		ylosekann	2021/07/01	Renner Hecker GmbH	theresebarth@googlemail.com	Prof. Cengiz Nerger MBA.	B+	56
	2015-12-19	CLLLCU36B58F202E	"Incrocio Romiti, 7 Appartamento 3
00159, Roma (RM)"	1754		massimo73	2022-12-11	Randazzo e figli	leopoldofo@gmail.com	Antonio Anastasi	AB-	670
Lutador de luta livre		45039682700	"Quadra Fogaça, 78
Diamante
64087007 da Rosa / GO"	861		camargojose-pedro	2025-06-20	Souza	danilocosta@hotmail.com	Mariane Melo	B-	362
Homeopath		CGNVIO23E52F400X		986		gianni21	2024/10/17	Troisi s.r.l.	alfiodonarelli@poste.it	Tiziana Abatantuono	O+	272
Engineer, biomedical	1958-11-30	563-56-8002	"371 Todd Club Suite 539
North Juliefurt, OH 16943"	1183		jacksondiana	04/27/2019, 00:00:00	Collins, Everett and Wilson	bowersmatthew@yahoo.com	Adrienne Estrada	B+	340
		FFRLNI62A03B682P	"Borgo Antonia, 85
22023, Castiglione D'Intelvi (CO)"	214		fabia20	07/30/2025, 00:00:00	Pergolesi-Ceci SPA	casalemaura@alice.it	Viridiana Gaiatto	AB-	101
Lobbyist	1977-07-06	535-70-1449	"USS Willis
FPO AE 48081"	365		norma16	13 May 2020	Harrison-Williams	onealkelly@yahoo.com	Stephanie Shaw	O-	77
Mathematiker		815-97-8294	"Christopher-Hornich-Ring 64-90
76024 Bremen"	2		butteattila	2019/12/31	Ditschlerin	zrosemann@gmail.com	Clara Hettner	B+	568
		383-45-0455	"Neureuthergasse 6/1
97062 Weißenfels"	1050		burckhardpreiss	2021-12-15	Rädel	dussen-vanbritt@gmx.de	Loni Juncken	A+	303
Fleischer	1912-07-12	322-68-1157	"Losekannplatz 2644
46880 Saulgau"	503		hennerhettner	2022/01/06	Seifert e.V.	clara06@googlemail.com	Ursula Heinrich-Seip	A-	179
		982-50-9915	"Bergerallee 2-2
03884 Gerolzhofen"	35		hreichmann	2019-06-25	Sorgatz e.G.	george49@aol.de	Gertrud Ring	B-	386
	1930-09-03	277-41-7941		593		muelichentorben	2019/07/18	Siering AG & Co. KGaA	ydobes@yahoo.de	Andrew Rudolph	AB-	396
	2001-05-20	LBNGCM01D49F587V	"Borgo Uberto, 91 Piano 8
56125, Pisa (PI)"	2046		proiettimonica	08/31/2021, 00:00:00	Rizzoli s.r.l.	egibilisco@alice.it	Beatrice Bragadin	AB+	411
		BLBFMM04B28A164J	"Strada Massimo, 5 Piano 2
20162, Milano (MI)"	757		garzoniromolo	2022-12-15	Mazzi, Leopardi e Gabba e figli	barberinigiovanni@yahoo.com	Dott. Antonina Pugliese	O-	52
	1928-09-28	GNZSVD75D58E946X	"Stretto Antonella, 36 Appartamento 3
01011, Musignano (VT)"	379		marco61	31 Oct 2024	Frescobaldi Group	mazzeodomenico@tiscali.it	Teresa Marconi	B+	692
Instrutor		18064593700		1064		ana-carolinacamara	16 Dec 2024	Viana	vargasnoah@bol.com.br	Yasmin Cassiano	A-	239
	1988-05-27	424-81-7525	"Rohtweg 3-3
50400 Grafenau"	1391		hoelzenbecherarthur	2019/06/23	Linke Wesack Stiftung & Co. KGaA	scheuermannamanda@aol.de	Hagen Noack	O-	310
	1926-02-03	090-05-7005	石川県江戸川区鍛冶ケ沢27丁目10番10号 クレスト中三依224	554		tanakashohei	07/24/2024, 00:00:00	有限会社遠藤印刷	kfukuda@hotmail.com	中川 翼	B-	674
		258-48-3153	富山県荒川区台東24丁目10番3号	729		zgoto	2021-11-25	株式会社三浦農林	nanamikimura@hotmail.com	山本 舞	B-	676
	2013-11-29	915-16-8387	"H.-Dieter-Hecker-Allee 23
85233 Pegnitz"	1359		wheuser	27 May 2023	Kobelt Stiftung & Co. KG	girschneraneta@gmail.com	Ing. Milka Schweitzer	O-	100
	1946-07-05	MGLSVR99P47M207F	"Canale Donna, 22 Piano 2
21039, Ganna (VA)"	1479		giustigianluigi	2019-11-28	Prodi e figli	berenicezecchini@tim.it	Lilla Modigliani	B+	399
医師		578-38-7687	青森県千代田区東上野42丁目23番9号 パレス睦935	22		cyoshida	2025-03-05	渡辺運輸有限会社	ryoheiendo@yahoo.com	中島 花子	AB-	388
	1949-07-29	426-76-7949	"Hanno-Roskoth-Straße 78-23
48681 Klötze"	1142		bolzmannchristine	2024-08-04	Schmidtke KGaA	simona19@aol.de	Ing. Karla Gertz	AB-	642
		BGOBRC37E16A779I	"Via Giorgia, 42 Appartamento 0
44124, Ferrara (FE)"	347		angelo36	06/30/2019, 00:00:00	Manacorda-Legnante Group	spinelliezio@gmail.com	Beatrice Cesarotti	B+	681
		184-63-4932	"Unit 1297 Box 1054
DPO AP 71916"	586		crystal60	25 Jan 2024	Gaines and Sons	garycowan@hotmail.com	Mary Wu	B+	353
音楽家		492-57-4265	秋田県三鷹市大中38丁目18番19号 シティ中三依450	1499		qokada	2021-02-18	有限会社山口建設	mikikondo@yahoo.com	清水 修平	A-	551
	2003-07-20	87520416976	"Passarela de da Rocha, 8
Jardim Leblon
03824-795 Fogaça / RS"	2021		felipe59	2023-01-11	Jesus	leviramos@uol.com.br	Evelyn Teixeira	AB-	194
		45307921616	"Esplanada Pietro Moreira, 4
Vila Canto Do Sabiá
11974225 Rodrigues do Oeste / AM"	1982		yfreitas	2018/12/11	Rezende	maria-isis23@yahoo.com.br	Sra. Bianca Carvalho	B+	693
		001-73-5220	"72839 Chambers Green Apt. 715
West Jamesland, NH 37822"	1962		williamhumphrey	09/11/2020, 00:00:00	Jacobs LLC	xschaefer@hotmail.com	Daniel Stephens	A+	593
		391-51-6920	"21416 Briggs Fork
New Markbury, PR 35519"	1217		burkeeric	30 Jun 2023	Martin, Young and Navarro	usosa@hotmail.com	Ruben Bolton	AB-	596
	1933-03-19	935-76-1836		2186		vbluemel	20 Jan 2025	Mosemann	tlustekdietmar@web.de	Dipl.-Ing. Norman Roskoth	B+	450
	1943-10-05	73529481637	"Viaduto André Novais, 95
Pilar
26352202 da Rosa Paulista / AM"	2006		ana-carolinacarvalho	2019/02/24	Rios	ana-beatrizcostela@bol.com.br	Maria Vitória Alves	A-	666
Metallurgist	1949-02-05	150-36-6322	"307 White Viaduct Apt. 283
Kylechester, IA 22297"	1747		phillipsjessica	24 Sep 2024	Hatfield Inc	foxsharon@gmail.com	Becky Davis	AB+	279
	1978-07-31	241-08-1286	"68703 Trevor Islands
New Rachel, NV 57318"	1486		shelly23	01/10/2022, 00:00:00	Perry-Bowman	keith05@hotmail.com	Melissa Ortiz	B+	535
Production assistant, television	1954-06-20	032-87-6870	"5900 Gary Stream
Elliotttown, TN 52462"	582		vfuller	26 Aug 2024	Woodward, Smith and Schwartz	csnyder@hotmail.com	Michael Marshall	A+	69
	1990-02-07	412-26-7315		1817		snakajima	2025-04-06	株式会社山田電気	junyamaguchi@yahoo.com	小林 くみ子	O-	215
Industrial buyer		TBLCML12B13A881J		207		malaparterolando	11 Jul 2024	Barese, Navone e Corradi SPA	ciprianopiazzi@tele2.it	Milena Stefanelli	AB-	618
	1938-06-13	648-79-0302		2084		jacob19	2024-10-19	Austin, Daniels and Peters	nguyenjessica@hotmail.com	Reginald Hahn	A-	395
		126-39-0609		413		robert65	03/04/2022, 00:00:00	Walton Inc	billy27@yahoo.com	Susan Cruz	AB+	568
		STGRCC82A44L316J	"Contrada Savorgnan, 547 Piano 3
06051, Ripabianca (PG)"	886		raffaele23	03/15/2020, 00:00:00	Castellitto SPA	elippomano@libero.it	Dott. Flavia Panzera	B+	247
	1986-11-01	TSSCSN74A47C632J	"Borgo Donarelli, 3
28066, Galliate (NO)"	1675		imontalcini	2021/02/01	Fittipaldi-Spallanzani Group	dtosto@hotmail.com	Gaspare Soderini	A+	496
脚本家	2002-05-11	783-64-9578	山形県いすみ市六番町30丁目10番16号 パーク日光216	1581		yumikosasaki	06/22/2022, 00:00:00	山口運輸株式会社	haruka37@yahoo.com	阿部 淳	O+	66
		033-92-7378	鳥取県横浜市港北区千束27丁目22番14号 東神田シティ673	1493		hkato	13 Feb 2023	小林保険株式会社	gnakamura@hotmail.com	佐藤 翔太	B+	420
		441-15-5625	宮崎県香取郡多古町無栗屋12丁目23番1号 コーポ外神田998	2148		ryosuketanaka	05/26/2022, 00:00:00	渡辺ガス有限会社	momokoaoki@hotmail.com	鈴木 亮介	O+	371
	1927-12-27	565-45-8606		774		nhoevel	2022-07-16	Peukert GmbH & Co. OHG	cwende@googlemail.com	Patric Eimer	AB-	619
		336-72-6542		1045		yamadayuki	2019/03/04	有限会社青木鉱業	rishikawa@gmail.com	山本 真綾	AB-	328
	1978-02-04	117-55-2883		1605		sylviareynolds	2023-09-20	Kemp-Kim	benjamin06@yahoo.com	Peter Thompson	AB-	668
	1914-01-12	627-77-4387	"4275 Miller Mews
Wilsonview, MS 00978"	896		ldiaz	2025/01/24	Richards, Turner and Hayes	charles89@yahoo.com	Blake Miller	AB+	103
	1923-08-13	97418602502		102		camargoana-julia	2025/02/14	Pereira S.A.	benjaminfarias@bol.com.br	Rael Nunes	A+	312
Forstwirt		992-39-9863	"Marie-Luise-Adolph-Ring 168
00621 Neustadtner Waldnaab"	1138		lieselotte18	2022-12-21	Rogner AG	preisskira@aol.de	Kordula Hesse-Mühle	O+	42
	1990-10-16	98306527429		1171		valentina71	25 Apr 2024	Mendes Ltda.	ferreirajulia@uol.com.br	Maya Lima	O-	580
	1998-10-05	622-22-3240	"Krausering 25/80
10360 Fulda"	1464		patzler	2024-02-14	Zirme Kroker AG & Co. OHG	mijo51@web.de	Martine Heintze	AB+	320
		405-16-8449	福岡県墨田区千塚32丁目26番1号 卯の里シャルム593	731		byamada	2024/03/15	中村水産有限会社	kumiko50@hotmail.com	高橋 洋介	AB-	340
		VNDSLV55S65B159T	"Strada Paoletti, 318
28061, Biandrate (NO)"	2191		camilla31	2020/05/04	Bellini e figli	lernerlucia@yahoo.com	Roman Morandini	AB+	20
	1936-06-03	879-75-2539	"USCGC Davis
FPO AA 27642"	22		bryan85	15 Jul 2020	Burch, Palmer and Bell	benjaminpowell@hotmail.com	Billy Gomez	O+	117
	1925-01-15	08629317540	"Vila Melina Camargo, 13
Penha
73894-885 Aparecida de Fonseca / MT"	1431		riosmatteo	07/21/2019, 00:00:00	Costela S/A	pintoana-julia@gmail.com	Heloísa Alves	O+	174
Programmierer	1911-01-29	114-25-0245	"Weinhageplatz 3
67617 Arnstadt"	243		kirstin19	2020-12-25	Schmiedecke Tlustek GmbH	klaus-peterjacobi-jaeckel@hotmail.de	Helfried Nohlmans-Thies	AB-	599
Midwife		715-86-6770	"48487 Carla Parkway Apt. 795
Delgadomouth, MP 60521"	909		fordcourtney	2018-10-19	Roberts-Ortiz	paul94@yahoo.com	Thomas Garcia	B+	475
		BBBDNT61T45L057U	"Viale Melissa, 185 Appartamento 23
30039, San Pietro Di Stra' (VE)"	1518		sanguinetiadamo	2022/12/16	Oscuro, Peranda e Guinizzelli Group	ranieri94@outlook.com	Dott. Aldo Ruggieri	B+	269
Friseur		436-86-0275	"Patbergallee 3
46861 Aurich"	957		butteroselinde	09 Oct 2021	Fritsch Staude AG	carsten95@hotmail.de	Marie-Luise Rust	B-	590
Dance movement psychotherapist		FTTMLA40B13H498T	"Incrocio Tullio, 791
08025, Oliena (NU)"	1812		veniergiorgio	2019/01/20	Frescobaldi, Treves e Monti s.r.l.	pizzettitiziana@libero.it	Coluccio Sabbatini	AB-	295
		46159832042	"Ladeira Jesus, 582
Novo Ouro Preto
99253-535 Pastor da Prata / PR"	1988		xrocha	2020/06/17	Cavalcanti	gmontenegro@ig.com.br	Gael Henrique Martins	B-	354
	1985-01-17	661-77-5151	"08872 Clarke Park
Nicholasfurt, AZ 08163"	508		jonathanmoss	2020/06/12	Pittman Group	fsmith@gmail.com	Jennifer Patel	AB+	274
	1989-11-11	GLTBNT00D62D268C	"Piazza Marenzio, 69
10141, Torino (TO)"	997		dolores88	2024-05-02	Ferretti Group	zbonomo@alice.it	Baldassare Trentini	O+	501
Maintenance engineer	2018-10-05	219-15-2732	"PSC 4352, Box 9403
APO AA 38303"	159		xmurray	2020/06/10	Morris, Cox and Rodgers	castilloedward@hotmail.com	Sharon Phillips	A-	380
		36718952419	"Loteamento Bella da Luz, 13
Bonsucesso
76245124 Câmara / ES"	268		rcavalcante	2025-01-30	Nogueira Machado S.A.	augustoazevedo@bol.com.br	Maya da Costa	B+	544
Actuary		PSTTNF98T53B413W	"Via Luxardo, 38 Piano 6
98159, Liuzzo Orto (ME)"	1502		giacomo19	01/17/2020, 00:00:00	Rosselli, Druso e Solari s.r.l.	emonduzzi@tiscali.it	Fiamma Govoni-Borromeo	O-	202
		717-37-8431	"3647 Holmes Union Apt. 152
Williamsberg, VA 26426"	755		jason76	09/16/2021, 00:00:00	Austin, Beard and Hernandez	williamwatts@yahoo.com	Kyle Gibson DDS	AB+	666
Ortoptista		94518637020	"Rua Pires, 323
Vila Maloca
16830-438 Vieira / PI"	1272		brendateixeira	06/19/2023, 00:00:00	da Rosa	xrios@gmail.com	Felipe Almeida	A-	51
	2007-10-31	545-56-3492	滋賀県多摩市美原町6丁目17番13号 ハイツ大中460	574		satomi62	2024/05/22	株式会社前田運輸	aokimai@yahoo.com	井上 春香	AB+	24
		76948302556	"Travessa de da Costa, 76
Tupi B
02371443 Almeida / PI"	472		murilorodrigues	09/28/2023, 00:00:00	Nascimento	borgeszoe@yahoo.com.br	Dr. Lucas Montenegro	B-	563
		187-66-8841	"65928 Hall Courts Apt. 937
Mariashire, AS 63182"	133		richardsoncarlos	23 Oct 2018	Adams-Bryant	kimberlywalker@gmail.com	Daniel Key	AB+	467
	2011-06-03	411-59-3349	"Holzapfelallee 321
67803 Olpe"	615		wlangern	12 May 2023	Gute Harloff OHG mbH	karldietz@googlemail.com	Hans-Erich Eberth-Rogner	A-	338
		442-67-2622	島根県長生郡白子町南郷屋38丁目23番19号 平河町パレス721	1401		matsumotominoru	2020/08/08	高橋保険有限会社	atsushi26@yahoo.com	小川 千代	A-	148
		03761284535	"Colônia Brito, 26
Marieta 2ª Seção
04892-752 da Luz / PR"	831		montenegroluana	2019-01-25	Monteiro e Filhos	bmontenegro@hotmail.com	Elisa Costela	B+	182
	1915-06-03	BNDNSD06L60D290G	"Rotonda Scalera, 73
29121, Piacenza (PC)"	2019		eugeniafantozzi	2025-03-25	Tutino-Verri Group	yantonelli@gmail.com	Pierangelo Casaleggio	B+	513
Television camera operator	1945-05-04	CHGPLT10D05A348L	"Incrocio Osvaldo, 80
27034, Galliavola (PV)"	300		giannicarullo	2025/04/18	Canali, Berrè e Gottardi SPA	contrafattoraimondo@libero.it	Sig.ra Alina Carnera	B+	175
		493-04-0379	"Toni-Mude-Weg 2904
83828 Altentreptow"	4		junitzeckhardt	01/17/2025, 00:00:00	Hornig	lachmannluka@gmail.com	Dr. Christel Förster	A-	590
Intérprete	1962-12-27	91308247532	"Loteamento Borges, 85
Marieta 3ª Seção
27076429 Silveira Paulista / SP"	314		arthur-gabrielda-cunha	06/07/2023, 00:00:00	Aparecida Alves e Filhos	henrique60@yahoo.com.br	Dr. Thiago Ramos	A+	538
	1934-04-12	841-36-8668	山口県横浜市神奈川区外国府間14丁目26番9号	1406		yamamotorei	2022/05/18	有限会社木村電気	yamaguchichiyo@gmail.com	太田 涼平	B-	112
		639-66-5080	新潟県練馬区筑土八幡町8丁目1番6号	643		kimurayumiko	2019/08/30	中島保険有限会社	atsushitanaka@gmail.com	阿部 洋介	A-	320
Animal technologist	1994-01-29	TDSFBZ76M05I254K	"Borgo Catenazzi, 14
41015, Campazzo (MO)"	1913		mariacarriera	02/25/2023, 00:00:00	Santoro Group	bcaccioppoli@alice.it	Pierangelo Bazzi	O-	549
	1919-10-02	473-21-6195	"Buttestraße 6/3
55306 Northeim"	2096		kira48	22 Oct 2018	Eberhardt GbR	qdrub@aol.de	Fedor Eckbauer	B-	424
		34751680226	"Pátio Leão, 12
Independência
33681-191 Souza de Pacheco / AP"	1237		otavio89	2021-06-13	Vargas	novaisbrenda@gmail.com	Cauã Mendonça	O+	451
	1982-08-27	835-40-4725	"Lübsallee 92
19480 Magdeburg"	1250		florentine14	24 Mar 2022	Schaaf	klappfatih@aol.de	Harald Hecker	A-	586
	1939-02-09	038-97-4185	"Köhlerstr. 4-5
90333 Mettmann"	785		hesssteve	2021/05/18	Bachmann GmbH & Co. KGaA	klara19@googlemail.com	Emmi Beier	B+	390
薬剤師	1939-10-07	269-23-4280	鹿児島県葛飾区東上野18丁目23番9号 シティ天神島560	1663		kumikomatsumoto	04/05/2019, 00:00:00	山本水産合同会社	yoko95@gmail.com	高橋 英樹	A+	26
		LCRMRN04L55D057W	"Piazza Francesca, 97
80012, Calvizzano (NA)"	7		enricolucciano	2025-05-11	Salvemini, Cagnin e Morabito SPA	pozzeccogioele@virgilio.it	Marcella Cristoforetti	AB+	82
	2012-09-21	65379208410	"Aeroporto Eloá Lopes, 14
Vila São Rafael
64953-565 das Neves / RN"	1656		qaparecida	2022-11-18	Porto - ME	barbosaluiz-otavio@ig.com.br	Dra. Helena Pastor	O-	88
	1937-08-07	FOAMRL46E07F044P	"Incrocio Donato, 15
60122, Ancona (AN)"	642		gargan	24 Sep 2020	Montessori-Malatesta s.r.l.	ferrarisemilio@outlook.com	Melissa Toscani	A-	282
	1983-01-22	787-49-0994	富山県横浜市磯子区東神田11丁目2番16号 中川崎シャルム310	1616		taro53	09/09/2025, 00:00:00	石井鉱業合同会社	kazuyasato@gmail.com	池田 亮介	B+	430
		883-28-6139		874		sstrickland	2020-10-21	Allen and Sons	mark57@yahoo.com	Amy Haynes	A+	432
		111-95-5697	"392 Benjamin Stream Suite 692
Johnsonshire, FL 75984"	1810		josetate	26 Dec 2024	Mckenzie LLC	youngkerry@hotmail.com	Michelle Goodwin	B+	434
	1932-06-04	46390728565	"Lago Lima, 73
Lorena
11882791 Azevedo dos Dourados / PB"	1400		maria-isisgomes	12/28/2019, 00:00:00	da Paz e Filhos	vsilva@uol.com.br	Miguel Guerra	AB+	141
	1956-12-21	123-05-2690	"7559 Gary Rue
Port Edwardland, OH 26082"	911		ramossandra	29 Dec 2023	Hurley-Ewing	patrickwilliams@hotmail.com	Brittney Ross	AB-	221
Energy engineer	1946-07-13	MNDLSE85R29D188U	"Canale Flavia, 2
25128, Brescia (BS)"	1635		jacopo11	02/08/2022, 00:00:00	Brunello, Scamarcio e Visintini Group	totinogioacchino@alice.it	Dolores Porzio-Matteotti	O+	684
	2004-02-24	RRNRNT11T70D450M		1510		cparmitano	2024/08/28	Salandra, Tozzo e Sagnelli SPA	ncollodi@outlook.com	Dott. Annalisa Calarco	B+	332
		171-67-8057	"Alberto-Oderwald-Ring 23/63
15366 Wittenberg"	1127		schmidtkediethard	10/16/2021, 00:00:00	Wilms Spieß KG	constancehesse@web.de	Herr Reinhard Hettner B.Sc.	O-	461
	1979-12-21	95102346806	"Favela de Rodrigues, 7
Aparecida
23805198 da Paz da Prata / AM"	655		davi23	2018-11-13	Cavalcante	albuquerquemarcos-vinicius@bol.com.br	Dr. Alexandre Fernandes	AB+	24
Arqueólogo		95638274146		970		mrezende	18 Sep 2023	Sousa S.A.	joao-lucasmelo@uol.com.br	Pietro Cirino	B-	223
	1986-04-22	483-05-6537	"Klemmallee 25/68
51748 Großenhain"	1851		randers	27 Nov 2019	Mitschke Trub GbR	geertbeier@yahoo.de	Heike Faust-Schacht	A+	56
医師		588-59-8528		1378		nanamiyoshida	23 May 2023	有限会社加藤運輸	asukahasegawa@hotmail.com	山本 明美	AB-	634
		807-71-0038	"10791 Long Road Suite 497
North Robinchester, ID 49005"	698		abigail45	2019/01/25	Sharp, Morris and James	zamorajustin@gmail.com	Sara Mccormick	A+	615
公認会計士	2019-12-31	875-14-2866	長崎県豊島区箪笥町1丁目7番19号 クレスト戸島406	655		yamashitasotaro	2023-01-10	有限会社佐藤印刷	manabusato@yahoo.com	渡辺 裕太	A-	103
Market researcher	1944-05-11	560-53-1762	"6578 Wilson Walk
Stevenburgh, DC 20632"	1126		ruizdaryl	12/23/2023, 00:00:00	Ray and Sons	pwilliams@gmail.com	Rachael Huang	A-	195
	1933-02-02	528-71-8902	新潟県清瀬市押上32丁目22番8号 シティ松石351	689		taro02	05/01/2024, 00:00:00	高橋保険株式会社	byamaguchi@hotmail.com	中村 亮介	A+	547
		367-99-6966	"Valeri-Bonbach-Straße 1-1
89061 Illertissen"	1015		mechtildpoelitz	2025/06/17	Reuter GmbH & Co. KGaA	hanife68@googlemail.com	Hellmuth Kühnert	B-	147
	1983-12-25	425-06-7011		570		davidromero	13 Feb 2019	Harris, Fuller and May	patrick31@yahoo.com	Terry Vasquez	A-	344
		85769134291	"Rua de Jesus, 1
Barro Preto
11013126 Montenegro de da Luz / RN"	391		maria-julia62	11/04/2020, 00:00:00	da Rosa Alves e Filhos	bruno43@bol.com.br	Fernando Nogueira	A-	613
医師		085-96-0843		1980		bfujita	04/25/2025, 00:00:00	橋本ガス株式会社	asuka05@hotmail.com	藤原 浩	O+	283
		749-98-7983	"957 Tyler Passage Suite 965
Michaelchester, IN 25232"	764		jonathanward	09 Apr 2019	Johnson, Wright and Griffith	brianna72@hotmail.com	Jason Green	B-	419
作曲家	1937-10-02	012-23-9085	沖縄県横浜市金沢区元浅草14丁目1番15号 シャルム月島973	1240		hanako12	01/12/2019, 00:00:00	中村建設有限会社	kana74@yahoo.com	坂本 英樹	B-	706
		143-65-8388	"Benderplatz 5-8
29821 Pirmasens"	992		tfreudenberger	15 Nov 2022	Schmiedecke	boucseinron@web.de	Isabel Reichmann-Trapp	A-	138
		386-94-9772	"Klaus Dieter-Hermann-Gasse 71
29708 Merseburg"	650		carsten22	2022/09/28	Meyer e.V.	hessleonhard@aol.de	Hans-Christian Karge-Metz	AB+	520
	1911-10-05	075-35-8472	"0761 Shawn Canyon Suite 365
Lake Susan, GU 61080"	1479		veronicawells	12 Sep 2024	Thomas LLC	ffox@yahoo.com	Christopher Garcia	A+	552
	1982-11-29	84705296176	"Viela Freitas, 7
Jardim Alvorada
98173229 Silva de Lima / AC"	205		maria-liz12	2022-03-06	Carvalho	smelo@bol.com.br	Renan Caldeira	B+	446
		155-46-0282	沖縄県八王子市鍛冶ケ沢40丁目19番13号 パレス外神田035	935		yoichiito	2023-03-15	合同会社中村鉱業	byoshida@hotmail.com	林 翔太	AB+	337
	2020-09-08	898-67-8903	"1892 Kenneth Tunnel
North Samanthaberg, PW 67363"	1193		baldwinjay	25 Feb 2021	Ward, Garrett and Rosales	joseph75@gmail.com	Daniel Jones	A-	213
		731-59-9978	"Henschelweg 1-2
01033 Regensburg"	989		stahringried	13 Jun 2019	Klingelhöfer	rochus35@aol.de	Prof. Anne-Rose Atzler B.Sc.	AB+	258
		512-97-5568	栃木県横浜市磯子区平須賀2丁目5番14号	325		sota	2023-10-18	斉藤水産株式会社	hideki15@gmail.com	小林 幹	A-	538
Further education lecturer	1952-02-14	787-65-5705	"67005 White Extension Suite 174
Jasminestad, ND 30691"	17		samantha82	09 Feb 2020	Pennington, Jimenez and Hamilton	jeremyhamilton@yahoo.com	Tammy Bean	O-	439
Airline pilot	1953-05-01	687-08-3443		2012		levicooke	04/12/2022, 00:00:00	Villarreal PLC	brandoncortez@yahoo.com	Andrew Turner	A-	409
コピーライター		089-70-3967	沖縄県府中市柿木沢22丁目17番14号	1882		gkimura	04/24/2022, 00:00:00	高橋銀行株式会社	sishii@yahoo.com	坂本 稔	A-	165
Erzieher		644-71-5534	"Fröhlichplatz 4
13451 Bad Langensalza"	1452		delia87	2019-12-21	Hänel	gerlachmarco@yahoo.de	Hans-Joachim Rörricht	O-	563
	2012-01-23	229-87-2610	栃木県清瀬市脚折町10丁目9番8号 天神島ハイツ099	213		rikasaito	04/27/2024, 00:00:00	鈴木印刷合同会社	watanabeshota@hotmail.com	藤田 加奈	B+	248
IT sales professional	1972-05-17	183-84-4618	"0376 Palmer Isle Suite 945
Natalieberg, FM 75165"	1782		thomasmahoney	2020/07/31	Owens-Rivers	crawfordtim@yahoo.com	Virginia Watson	AB-	234
		252-21-6607	愛知県横浜市保土ケ谷区白金30丁目9番8号	1906		yasuhirofukuda	2021/01/27	佐藤運輸有限会社	fukudaharuka@hotmail.com	松本 裕樹	AB+	48
Bäcker		911-71-1580	"Heinplatz 6
80686 Sangerhausen"	508		junitzfrancisco	2022-10-06	Meyer AG & Co. KGaA	konstantinosbruder@web.de	Angela Kensy	A-	176
	1938-11-06	FRZDRT41P44H561F	"Stretto Montecchi, 84
09014, Carloforte (SU)"	263		salvi33	01 Apr 2021	Barillaro, Montanelli e Broschi Group	pucciocanil@tele2.it	Dott. Tonino Alighieri	A-	51
Scientist, clinical (histocompatibility and immunogenetics)		TRVSNT00L56G021C	"Canale Bettina, 51
85100, Montocchio (PZ)"	757		graziano92	2019-09-19	Monaco s.r.l.	fredotosi@hotmail.com	Flora Maderna	B-	279
	1911-12-21	968-83-5965	"Binnerallee 6816
23047 Ueckermünde"	1365		slobodan89	02/10/2021, 00:00:00	Müller Mohaupt AG	baumgiuseppina@hotmail.de	Jaroslaw Fischer-Söding	O-	88
		242-98-1877	岩手県西東京市氏家1丁目23番18号 長畑シティ268	1555		sayuri79	2019-06-14	鈴木印刷株式会社	wyamada@yahoo.com	山田 陽一	O+	13
	2007-09-12	000-01-5822	"Hans Jörg-Dippel-Platz 2574
74484 Pegnitz"	11		liesa13	05 Nov 2021	Mitschke Stiftung & Co. KG	hilmaschacht@web.de	Bernt Pohl-Ehlert	AB+	535
		GNTPRG52A67G404E	"Viale Amaldi, 46
09100, Cagliari (CA)"	1267		ludovicomorandini	2019-10-02	Anguissola-Orengo e figli	erossellini@vodafone.it	Gianfrancesco Vivaldi	B+	16
		054-65-7840	"Loosallee 7-6
59919 Siegen"	147		taumann	2024-12-10	Drewes	mesutsaeuberlich@yahoo.de	Greta Holzapfel-Mohaupt	AB+	520
	1956-09-06	45981637048	"Favela Pinto, 83
Savassi
19748-169 Souza / RJ"	1640		cfogaca	2024/06/02	Rodrigues e Filhos	heloisabarros@gmail.com	Diogo Campos	AB+	337
		232-44-7193	秋田県君津市橋場37丁目18番16号 クレスト虎ノ門虎ノ門ヒルズ森タワー701	1157		takahashiatsushi	07/05/2019, 00:00:00	高橋運輸合同会社	fkobayashi@hotmail.com	松本 拓真	A-	84
		CVNZEI80E71G093Q	"Rotonda Tanzini, 13 Appartamento 16
72024, San Cosimo Alla Macchia (BR)"	1262		niccolofaranda	2021/02/01	Guicciardini-Viviani SPA	gioffremarazzi@gmail.com	Pietro Federici	O+	175
		87365201959	"Passarela Silveira, 737
Bonsucesso
82569-991 Guerra / PB"	321		fsantos	2024-09-06	Monteiro Nunes - ME	aylla63@yahoo.com.br	João Felipe Montenegro	AB+	179
	2000-03-02	20698347196	"Lagoa Barros
Dom Joaquim
21296-531 Sales / AL"	393		riosbrenda	2023-11-23	Cirino Nunes Ltda.	pedrovargas@uol.com.br	Isabelly Castro	O-	193
		884-61-5130	"82268 Frank Summit
North Matthewtown, MD 10796"	1952		erica58	08/04/2023, 00:00:00	Harrington-Adams	millerbradley@yahoo.com	Dr. Abigail Lawrence	A+	458
	1973-04-03	583-47-8276	"57650 Jones Lights
Adamsburgh, AK 72197"	147		wjohnson	27 Nov 2022	Brown-Lozano	xgarrett@gmail.com	Norma Parker DVM	AB-	351
Conference centre manager		370-25-3013	"261 Christine Rapids Apt. 467
Terrystad, CA 68586"	377		jeremiah29	01/15/2022, 00:00:00	Gregory Ltd	egill@hotmail.com	Steven Fitzpatrick	AB+	41
	2007-02-08	443-54-5005	神奈川県狛江市戸山20丁目17番3号 ハイツ豊町617	1776		rsakamoto	08/23/2022, 00:00:00	近藤情報有限会社	chiyoota@gmail.com	松本 涼平	B-	557
Atuário	1987-01-17	69384217069		677		luanda-luz	08 Jan 2023	Duarte	teixeiraigor@uol.com.br	Caroline Cirino	AB+	130
Artista de circo	2022-10-07	02785943600	"Trecho de Abreu, 60
São José
06170201 Costa / BA"	1022		juliaborges	31 May 2022	Oliveira	rvargas@yahoo.com.br	Sra. Marcela Nogueira	O+	130
		684-77-6234	鹿児島県香取市氏家新田27丁目15番6号 津久戸町アーバン350	54		chiyomiura	2023/08/23	有限会社佐藤食品	momoko22@gmail.com	高橋 晃	B-	641
Therapist, music		CRCCML40S22D137F	"Canale Telesio, 45
29011, Castelnuovo (PC)"	1212		carla53	04/18/2019, 00:00:00	Brunelleschi s.r.l.	cscarpetta@libero.it	Dott. Eliana Esposito	B+	113
	1955-10-01	246-71-3065	"Roskothplatz 86
29013 Torgau"	709		jan44	11/04/2024, 00:00:00	Bloch	genovevaroerricht@gmx.de	Irmhild Loos	A-	429
		627-90-5485	"45661 Emily Field
Cruzmouth, DC 89800"	1502		pwilliams	2022/11/28	Strickland Ltd	dwhite@hotmail.com	Ashley Walter	O+	164
	1927-10-01	865-77-7873	"Ercan-Stoll-Ring 3/5
84062 Nördlingen"	71		wolf60	26 Sep 2020	Junck Jungfer GmbH & Co. KG	neuschaefermarliese@web.de	Dr. Freia Nette	AB-	561
Engenheiro químico	1914-01-17	21683790502	"Ladeira de Ferreira
Heliopolis
00528-666 Vieira / RR"	1833		clara50	2020-09-21	Pereira - EI	vda-rocha@yahoo.com.br	Sr. Lucca Ramos	A+	677
		652-66-3370		1955		bsato	2019/09/09	有限会社山口印刷	harukasato@hotmail.com	田中 翼	A+	75
		369-75-3045	鳥取県西多摩郡日の出町麹町12丁目25番8号 幸手ハイツ835	1849		rishikawa	2019/07/14	有限会社佐藤農林	kana84@yahoo.com	吉田 香織	AB-	3
		82305714653	"Trevo Nathan Freitas, 23
Liberdade
53660-569 Nascimento do Galho / SP"	796		vianagabriela	2020-09-06	Aragão Vasconcelos S.A.	eloapastor@ig.com.br	Dr. Arthur Miguel Monteiro	O-	266
	1916-04-05	848-30-0298		1593		mirawesack	2020-01-08	Boucsein Lindau GmbH & Co. KGaA	hans-joergwerner@hotmail.de	Herr Ralph Finke B.Sc.	AB+	249
	1956-05-26	15438967075	"Fazenda Leandro Campos, 9
Salgado Filho
23114726 Cunha / PR"	2136		bella96	2022-02-11	Almeida	lucascastro@hotmail.com	Dr. Luiz Fernando Rezende	B+	686
	1923-09-16	18063954793	"Loteamento da Conceição, 33
Parque São Pedro
62986416 Martins de Nogueira / RO"	2077		da-pazotto	2019-06-22	Guerra	alanajesus@gmail.com	Isabelly Casa Grande	O-	296
	1947-08-25	577-04-5778		1897		gchristoph	06/15/2019, 00:00:00	Buchholz Dietz AG & Co. OHG	atzlerkarin@gmail.com	Luise Sager-Schweitzer	A+	322
映画監督		625-23-5857	香川県長生郡一宮町氏家新田8丁目2番12号	456		jun31	04/18/2020, 00:00:00	阿部食品有限会社	omori@yahoo.com	藤原 直人	AB-	105
		349-34-1929	"5132 Macias Ramp
Phillipsport, ME 08401"	1319		david29	2020-05-16	Bates-Beard	mallory52@hotmail.com	Hannah Jones	A-	102
	1974-10-01	459-04-6901	大分県西多摩郡檜原村土呂部40丁目23番11号 コーポ蔵前332	1679		yuta10	06/12/2019, 00:00:00	合同会社木村水産	osamu98@yahoo.com	前田 涼平	AB-	240
Medical technical officer		489-66-0178	"155 Ramirez Cape Suite 335
Port Madeline, LA 06261"	1189		kennethdouglas	2021-01-06	Mathis Inc	josephreyes@yahoo.com	Paul Vargas	O+	176
Ausbaufacharbeiter	1921-02-02	695-24-5978	"Holtstr. 6/4
25614 Bernburg"	273		maritawiek	2020-03-02	Steckel GmbH & Co. OHG	junckenevangelos@aol.de	Sibel Kusch	A-	698
		312-14-4554	"515 Jim Course Apt. 789
New Andrew, HI 46931"	811		susanwoods	2019/11/18	Miller, Wilson and Brown	lspears@yahoo.com	Holly Hughes	B-	99
Wellsite geologist	1945-10-23	032-92-5211	"2343 John Cape Suite 017
South Johnathanhaven, GU 98253"	707		kdiaz	06/29/2023, 00:00:00	Reynolds, West and Stokes	bentondylan@hotmail.com	Michael Acosta	B+	10
	2009-10-24	107-98-9992	石川県豊島区権現堂1丁目20番3号	1611		tsubasa17	2025/09/16	株式会社田中鉱業	asuka17@gmail.com	渡辺 知実	O-	343
Forstwirt		910-01-7524	"Isabelle-Reising-Gasse 61-51
98104 Dinslaken"	550		mcarsten	2024-09-30	Schmidt	elkewilmsen@gmail.com	Margitta Döhn	B-	522
Tourism officer	1991-06-28	017-74-8336	"53131 Graham Highway
Goldenfort, FM 59371"	272		stephanie77	02/09/2020, 00:00:00	Perez-Mcmahon	charleshanson@yahoo.com	Martin Henry	O-	63
Fiscal		13460729570		745		cdias	2021/06/15	Pacheco - ME	ryanmoraes@uol.com.br	Maria Flor Sampaio	AB+	208
Programmer, applications	1941-03-26	GLLSTN41P51A256O		1775		amadeocostalonga	08/27/2019, 00:00:00	Merisi, Carducci e Pellegrini e figli	kcrespi@live.com	Stella Callegaro	B+	664
	2001-02-08	06541379270	"Parque de Viana, 590
Carlos Prates
10879-621 Sales / CE"	829		cavalcantierick	07/14/2024, 00:00:00	Moraes	dcamara@yahoo.com.br	Ana Clara Costela	B-	475
	1963-01-13	PLTPNI49B09D514G	"Stretto Tarantino, 614
67064, Pereto (AQ)"	1581		fattoribiagio	23 Nov 2020	Castellitto, Volterra e Leopardi Group	bianchinienrico@libero.it	Viridiana Pigafetta-Berrè	O+	623
		055-52-8762	"Kadestraße 60-27
91498 Konstanz"	1153		hans-georgbluemel	2019-04-04	Heser GmbH & Co. KG	norbertbudig@hotmail.de	Erika Hertrampf	AB-	425
Ourives		04132578607		1193		jrodrigues	16 Oct 2021	da Conceição	theo40@yahoo.com.br	Thiago Farias	A-	384
		820-11-7254		721		tzimmer	07 Sep 2023	Koch II	wulfdorothea@web.de	Ingetraud Drewes	AB-	567
映画監督	1997-07-01	804-48-5071		2114		momoko97	15 Apr 2024	加藤銀行合同会社	takahashimiki@hotmail.com	高橋 直樹	A+	694
占い師		156-57-0548	和歌山県八丈島八丈町月島37丁目25番10号 東神田コーポ368	424		yasuhiromaeda	2020-06-03	鈴木鉱業有限会社	sayuri00@hotmail.com	山本 里佳	O+	298
Representante comercial		02138654915	"Ladeira Emanuel Cunha, 63
Boa Vista
12878-917 Rezende dos Dourados / AM"	1381		sousavicente	2018-09-27	Almeida	nicolasmontenegro@uol.com.br	Gael Henrique Araújo	A+	133
		745-73-8593	"Sophia-Schönland-Gasse 8227
04413 Wesel"	1106		dietzmirella	2022-12-09	Klapp Fröhlich GmbH	lheinz@aol.de	Guenther Girschner	A-	505
		683-54-3096		1862		satomi45	2019-04-17	田中鉱業株式会社	qgoto@yahoo.com	佐藤 さゆり	O+	567
Programme researcher, broadcasting/film/video	1963-09-25	410-64-5541	"4140 Nathan Road
East Julie, NV 47883"	277		jenniferpayne	03 Nov 2023	Krause, Gutierrez and Vasquez	omurphy@gmail.com	Tyler Christensen	B+	548
	2003-12-28	DLDPLA03E71C097P	"Piazza Scarlatti, 378
27015, Landriano (PV)"	209		lisacasalodi	2023/05/17	Colletti, Odescalchi e Ligorio e figli	irmageraci@virgilio.it	Marissa Strangio	AB+	218
Informatiker	2008-01-13	395-33-0760	"Spießgasse 5-8
42868 Weißenfels"	1881		vfaust	2019-11-20	Scheel	catharinafischer@web.de	Ole Grein Groth	O-	167
Fachinformatiker	1992-04-23	639-29-3682	"Mahmoud-Binner-Straße 42/15
91200 Fürstenwalde"	615		joerg-petergumprich	16 Jun 2020	Wernecke GmbH	hans-rainerliebelt@yahoo.de	Vito Döring-Lindner	B+	626
Chemikant	1932-04-25	358-84-3392	"Hauffergasse 646
12697 Gera"	1699		evaruppert	04/14/2024, 00:00:00	Kraus Lehmann e.V.	yseifert@gmx.de	Carl-Heinz Walter	AB+	566
栄養士	1973-01-26	738-39-9311	和歌山県足立区東大和町36丁目7番13号 松浦町コート675	445		naoko06	12 Mar 2024	田中保険株式会社	kanafujii@yahoo.com	田中 洋介	AB-	586
Administrator	2012-08-01	TSSCRI82P44C407X	"Strada Giacobbe, 225 Appartamento 8
16142, Genova (GE)"	2057		beppegottardi	07/03/2024, 00:00:00	Curatoli s.r.l.	rritacca@gmail.com	Eleanora Traetta	O-	653
救急救命士	1938-06-14	339-57-6999		167		yasuhirosuzuki	28 Jan 2021	合同会社山口建設	shotafukuda@yahoo.com	田中 くみ子	AB+	432
		176-42-5265	"Yasemin-Graf-Allee 8272
76209 Recklinghausen"	1478		schuchhardtelfriede	02/20/2025, 00:00:00	Pohl KG	ninaschmiedecke@gmail.com	Ing. Mirella Salz	AB-	395
	1977-04-16	CGUGMM39R24A516X	"Canale Nitti, 2
50126, Pieve A Ripoli (FI)"	1385		jpinamonte	2022-05-26	Fantoni, Montalti e Delle SPA	jcapone@outlook.com	Enrico Rienzo	AB+	687
		520-93-4714		246		chowell	2019/04/21	Foley Inc	ndavidson@hotmail.com	Dr. Robert Lewis	AB+	699
	2009-01-01	50987643193	"Lago de Alves
Vila São Gabriel Jacui
68062-415 Leão / SE"	2041		brenda32	04/01/2023, 00:00:00	Lopes Ribeiro S.A.	maria-luiza15@yahoo.com.br	Maria Alice Araújo	B+	534
栄養士	2016-11-28	591-37-9603	岩手県横浜市青葉区西関宿18丁目5番13号 シティ筑土八幡町700	1250		shoheisakamoto	14 Apr 2022	有限会社斎藤印刷	naokoyamada@yahoo.com	藤田 裕樹	O+	320
介護ヘルパー	2011-03-06	870-29-2371	広島県川崎市中原区芝大門37丁目12番1号 コーポ明石町923	758		yamaguchishota	2021/08/30	有限会社佐藤通信	mai35@yahoo.com	加藤 結衣	B+	316
Armed forces technical officer	2006-07-05	RGNPTZ16A64E991O	"Canale Atenulf, 38 Piano 8
47122, Forlì (FC)"	581		valmaranauberto	06/21/2025, 00:00:00	Farina e figli	balbifrancesca@libero.it	Mauro Bersani	AB+	111
		BNVMRN35L71G316E	"Borgo Camillo, 252
55015, Montecarlo (LU)"	401		rosaliagucci	2020-10-05	Querini, Giannini e Ferrante SPA	ludovicacatenazzi@yahoo.com	Nicoletta Muti	B+	689
		62731849096		456		rhavi87	2023-08-26	Peixoto Ltda.	luara73@bol.com.br	Ana Liz Pimenta	B-	326
	1948-01-10	370-65-9521	"Sauerstraße 698
15704 Biedenkopf"	1820		tanja76	25 Jul 2024	Junitz Döring GmbH	florabolzmann@aol.de	Dr. Dorina Eimer MBA.	A-	394
Conservation officer, nature		324-52-1874		1787		bmendez	2022-01-04	Pittman-Miller	josebush@yahoo.com	Maureen Frazier	AB-	365
	1981-10-27	192-33-0930	宮崎県港区藤金26丁目4番6号 一ツ橋シティ859	384		yutakobayashi	07/29/2024, 00:00:00	合同会社青木農林	vyamashita@yahoo.com	渡辺 裕太	AB-	30
	1984-10-19	12830765940	"Viela Luan Cirino, 5
Leticia
30197850 Cavalcante do Norte / TO"	2157		fvasconcelos	2020-01-25	Martins Pastor - ME	benicio10@uol.com.br	Ester Campos	AB+	121
		CCRNNR17B16A931I	"Via Tomei, 528 Appartamento 25
01100, Fastello (VT)"	1762		vercellonielmo	31 Oct 2022	Nicolini-Vivaldi Group	ricciottipapafava@tiscali.it	Fortunata Venturi	O-	669
	1916-06-29	25978401667		2156		joao-felipe15	29 Apr 2020	Pires	eda-luz@gmail.com	Isabelly Sales	B+	667
	1930-10-30	ZLOBLD43S45B619C	"Strada Cutuli, 786
27054, Montebello Della Battaglia (PV)"	679		srenier	07/08/2022, 00:00:00	Paganini, Majewski e Barese SPA	marco03@alice.it	Caterina Pellegrini	O-	519
	1957-08-16	753-74-8348	"1992 Jasmine Grove Suite 823
North Sarahmouth, OR 34269"	2105		gomezalejandro	12/13/2024, 00:00:00	Adams Ltd	lawsonlisa@yahoo.com	Katie Harris	O+	163
		21679483528	"Jardim Mendes
Milionario
27056392 Sampaio Verde / DF"	622		andradeevelyn	2023/11/04	Caldeira	pachecojoao-gabriel@gmail.com	Ravi Lucca Lopes	AB-	332
Pilot, airline		PCCRNT79H46L037E	"Viale Teresa, 266
70044, Polignano A Mare (BA)"	1996		sostinelli	03/28/2023, 00:00:00	Rismondo-Soranzo s.r.l.	jacoposgarbi@libero.it	Giulietta Antonacci	AB-	637
		CSDSTN11S51G975K	"Strada Silvio, 919 Appartamento 1
91100, Salinagrande (TP)"	578		ivobadoglio	2019-03-01	Tarantino s.r.l.	alessianicolini@alice.it	Chiara Asprucci	O-	294
	1996-09-30	FGTVNS46P01F632I	"Stretto Rocco, 164 Piano 3
15070, Trisobbio (AL)"	788		margherita86	10/20/2023, 00:00:00	Maspero-Giorgetti Group	aldo85@tele2.it	Graziella Grisoni	AB-	479
Designer de jóia	2007-09-05	24930618703	"Morro Garcia, 88
Aparecida 7ª Seção
43495-845 Brito de Goiás / PB"	835		albuquerquestephany	08/02/2020, 00:00:00	Rios Porto - EI	carolinacastro@hotmail.com	Luan Vasconcelos	A-	572
	1998-12-20	56129478364	"Loteamento Fonseca, 59
Vila Betânia
98966-721 Pereira / TO"	1605		almeidamiguel	10/04/2019, 00:00:00	Costela	guerradavi-miguel@uol.com.br	Nicole Araújo	AB+	480
	2021-02-25	CCLRFL80D53F001S	"Canale Piccinni, 6 Piano 8
42100, Gavasseto (RE)"	1395		irma55	09/30/2022, 00:00:00	Traetta-Corcos Group	adriano93@gmail.com	Bianca Camilleri-Gasperi	B+	606
		289-64-2470	"769 Sullivan Cliffs Apt. 812
Nancytown, AS 83816"	1094		rkelley	19 Jul 2022	Ross-Bradley	matthew59@hotmail.com	Jack Mccarthy	AB+	536
		GVNLSS91H24D785G	"Piazza Cassandra, 6 Piano 1
52045, Pozzo Della Chiana (AR)"	2025		cutuliida	01/28/2025, 00:00:00	Gotti s.r.l.	rauricalicia@libero.it	Dott. Livio Bossi	AB+	671
	1945-06-30	201-03-2788	"Hanife-Adolph-Allee 1-4
79222 Gerolzhofen"	985		nkaester	17 May 2020	Bohlander GmbH	lhaase@googlemail.com	Edgar Langern	O+	230
	2015-01-05	MRPSBL68A30C793A	"Contrada Emanuelli, 228
28896, Quarna Sotto (VB)"	622		alinaniscoromni	11 Apr 2020	Vanvitelli, Cugia e Tamburini SPA	cherubinilara@gmail.com	Guarino Maccanelli	AB+	471
		288-30-0179		1798		ozahn	14 Jul 2025	Weinhage Adolph GbR	wallistaude@web.de	Thorben Paffrath B.Eng.	B-	142
Therapist, horticultural		TSOVLR72A08G197A	"Contrada Milena, 0 Appartamento 1
88841, Le Castella (KR)"	2102		lillarienzo	04 Jan 2025	Palmisano-Brancaccio s.r.l.	veronicaturci@tim.it	Telemaco Civaschi	O-	702
	1969-03-29	945-31-3353		1769		beiermaxim	2024-12-22	Römer	hdavids@hotmail.de	Fritz Weihmann	O+	663
	1951-10-26	BTTGNL76L52A478M	"Rotonda Alfredo, 50
66026, Ortona Porto (CH)"	1000		disderoarmando	2019/08/24	Paruta, Monteverdi e Fabrizi e figli	mozartimelda@hotmail.com	Dino Gatto-Borromeo	B-	398
	1956-09-18	445-91-9339	"Kösterweg 23-54
53902 Uelzen"	2166		helmasoeding	01 Jun 2023	Sauer	vwirth@yahoo.de	Moritz Eberth B.A.	AB+	440
	1954-10-22	046-72-5897	"690 Jon Fork
Micheleborough, IA 88802"	1587		cramos	2025/05/22	Rogers LLC	carmen04@hotmail.com	Michael Perry	B+	166
	1999-03-20	131-61-9498	兵庫県昭島市高輪15丁目2番7号	607		taichi32	2025/06/13	有限会社田中鉱業	yamaguchikenichi@yahoo.com	伊藤 美加子	AB-	243
		491-89-9384	山形県いすみ市東和町8丁目24番17号 五味ヶ谷シティ042	308		rikatakahashi	2021/01/09	有限会社佐々木印刷	miki07@gmail.com	高橋 くみ子	O-	409
	1978-10-13	083-60-0782	栃木県板橋区東浅草27丁目21番1号 権現堂シャルム802	664		momoko13	2023-05-20	有限会社山口水産	zyamaguchi@yahoo.com	坂本 七夏	B+	373
Projetista mecânico		83524076947		789		aragaosarah	2021-03-20	Freitas e Filhos	qcardoso@gmail.com	Nathan Barbosa	B-	456
	1955-07-31	VZZLRA35P30E743Y	"Viale Adriano, 47
11020, Grand Villa (AO)"	1235		romangeraci	02 Mar 2023	Cannizzaro-Cicilia Group	simonettapuccini@live.com	Antonina Berrè	A+	623
		BTTSBL54R06F862H	"Vicolo Oscuro, 797
67050, Ortucchio (AQ)"	1050		sebastianosiffredi	2022/07/25	Zaccagnini, Pulci e Pirandello s.r.l.	achiesa@tiscali.it	Ludovica Cossiga	B+	208
		27039481588	"Conjunto Yuri Novais, 56
Zilah Sposito
79761-391 Peixoto de Machado / TO"	1246		leonardo49	05/02/2025, 00:00:00	Freitas	thomas49@yahoo.com.br	Pedro Lucas Brito	AB-	247
Fast food restaurant manager	2015-09-30	399-31-7873	"00597 Nolan Branch Suite 060
East Danny, SD 59468"	1700		jeffersonelizabeth	2023-01-21	Butler-Hayden	elliottangela@gmail.com	Misty Myers	B+	312
	1932-09-16	405-01-9976	鹿児島県川崎市高津区南赤田22丁目20番4号	846		asukatanaka	2025/09/03	有限会社加藤電気	naokonakamura@yahoo.com	山田 拓真	B-	444
	1921-08-01	813-48-2692	"551 Paul Springs Apt. 207
Millerville, WA 47416"	1059		rodriguezmichelle	2021/05/03	Petty Inc	stuartmayer@gmail.com	Sheila Atkins	A+	398
		CLLNPN73P59C211C	"Rotonda Traetta, 42 Piano 0
25089, Villanuova Sul Clisi (BS)"	2009		qroth	2019-11-18	Bossi-Foconi SPA	livia73@gmail.com	Atenulf Fantoni	A-	624
	1932-03-23	911-03-1776	"Hövelstraße 29/92
76940 Garmisch-Partenkirchen"	733		sylvester84	2021/08/29	Schaaf KG	obender@aol.de	Ludmilla Paffrath	B+	677
	1960-01-01	795-41-4925	富山県羽村市西関宿10丁目11番5号	539		matsumototomoya	2021/08/22	有限会社岡田農林	chiyo51@yahoo.com	三浦 晃	AB+	124
	1940-04-07	20649371534	"Conjunto Emanuel Farias, 89
Mineirão
63548918 Andrade / ES"	1554		cirinoarthur-miguel	11/15/2024, 00:00:00	Dias Sousa - EI	uoliveira@uol.com.br	Heloísa Rodrigues	AB-	154
	1914-09-05	847-25-5550	広島県印旛郡栄町天神島16丁目3番19号	2157		mituru38	12/08/2018, 00:00:00	鈴木印刷有限会社	atsushi48@yahoo.com	高橋 幹	O+	253
		718-92-8993	"184 Freeman Falls Suite 430
Port Erika, MP 27287"	1660		carmen62	19 Feb 2025	Woods PLC	spenceralison@yahoo.com	Amanda Ewing	O-	611
Video editor		568-89-0092	"6471 Ebony Fork
Wrightbury, NC 55593"	719		corythomas	06 Oct 2023	Rodriguez, Frost and Smith	vmcconnell@yahoo.com	Lance Chavez	O-	460
	1991-06-21	32567184937		1334		nogueirapedro-lucas	2024/01/05	Machado Garcia e Filhos	mouraotavio@gmail.com	Pedro Andrade	B-	666
		882-99-8802	"Gilbert-Hethur-Straße 231
25442 Teterow"	2010		luzianette	07 Nov 2019	Geisel	halina90@googlemail.com	Margit Henk	B+	699
	2015-06-19	PTRLRT34S21B669G	"Rotonda Gualtieri, 98
15068, Pozzolo Formigaro (AL)"	1209		ffaugno	2021/04/05	Leone-Pertile Group	peanotatiana@poste.it	Dott. Annalisa Bernetti	O+	342
	1940-06-20	LVRMRA44A14L797B	"Stretto Vincenzo, 13 Piano 9
55062, Pieve Di Compito (LU)"	818		togliattimarisa	2023/05/30	Raurica-Grossi s.r.l.	antoninafinotto@yahoo.com	Giuliana Monteverdi	A+	706
		57891302405	"Via Novais, 720
Camponesa 2ª Seção
60858197 Guerra da Mata / AP"	2104		beniciogomes	2022/10/09	Aragão	alexandre64@ig.com.br	Samuel Vasconcelos	O-	330
Pharmacist, community		539-06-2305	"2034 Ferrell Ferry
Baileytown, WA 59703"	459		scottrowe	2021/05/28	Nash, Thompson and Carter	nreese@hotmail.com	Alison Turner	AB+	186
		65921834700	"Quadra Ramos, 36
Maria Tereza
86837047 Mendes / SC"	1422		ayllasales	01 Jan 2023	Silva da Luz e Filhos	novaiscaio@uol.com.br	Dr. Antony da Cruz	AB+	183
Polizist	1940-10-21	786-86-8616	"Agatha-Hiller-Gasse 5/1
88263 Wetzlar"	1586		ritawagner	2020/06/22	Dobes	tschleich@gmx.de	Franz-Josef Neuschäfer	AB-	473
	1998-12-12	48526710362	"Parque Novaes, 8
São Jorge 3ª Seção
47137-580 Pastor do Galho / ES"	939		hellenada-rosa	05/29/2022, 00:00:00	Silva Ltda.	martinslorenzo@ig.com.br	Sr. Henrique Rezende	A-	455
	1938-10-16	TZZRML40P50D345X	"Rotonda Domenico, 51 Appartamento 4
40067, Rastignano (BO)"	802		adamo16	2022/06/03	Renault-Giacconi s.r.l.	etanzini@outlook.com	Dante Fieramosca	B+	622
	1957-09-07	23978064529	"Residencial Guilherme Fogaça, 68
União
24623038 Nunes de Rocha / PB"	792		zfarias	12 Oct 2020	Pastor	borgesdanilo@uol.com.br	Maitê da Rocha	B+	534
Ship broker		272-36-7766	"3056 Mason Canyon
Port Walterland, AL 09642"	1948		qbarber	2023-11-10	Bonilla-Conway	fordbrandon@gmail.com	Rebecca Parrish	A+	648
	2012-12-24	218-18-8541	"Hartungplatz 2
27604 Zossen"	1021		renato43	10 Jan 2020	Wulf Holsten KGaA	traudlschottin@gmx.de	Frau Theresia Bender B.Eng.	AB-	213
		532-50-9666	"275 Jackson Cove Suite 767
West Matthewfort, TX 56222"	45		laurieluna	09 Nov 2018	Miller, Bullock and Joyce	silvamarissa@yahoo.com	Christopher Ho	AB+	213
		462-60-6577	"Täscheallee 632
51459 Moers"	1834		stiebitzgertraud	2023/06/10	Girschner KG	heidrun97@gmail.com	Univ.Prof. Horst-Peter Henschel	B+	558
		177-75-7018		529		waehnerhenrike	2025/04/14	Salz Sorgatz GmbH	nikolaos29@aol.de	Marian Salz-Zimmer	B+	470
		FGGMRN21S47M396T	"Incrocio Pasqual, 0 Piano 3
56024, Ponte A Egola (PI)"	2084		nadiapozzecco	05 Sep 2022	Salandra Group	pier04@hotmail.com	Vittorio Turati	B+	480
		166-79-7160	"74272 Denise Coves Suite 735
Fordton, VT 54149"	1542		nicholas38	2024/11/02	Wilcox, Hubbard and Torres	dunnadam@gmail.com	Daniel Smith	B+	176
		207-31-6075	"50295 Jason Valleys
New Paulton, RI 68347"	585		nicholas73	2021-02-28	Blevins LLC	bellnathan@gmail.com	Gregory Rios	B+	490
		DNSCRL17S62D965W	"Piazza Bonaventura, 8 Appartamento 5
27022, Casorate Primo (PV)"	443		sinisialessandro	20 Dec 2018	Tresoldi-Morricone e figli	baggioerika@gmail.com	Angelina Quasimodo	A+	267
Community development worker		PLNGRC97E43B315Q	"Contrada Luciana, 30
64021, Giulianova (TE)"	52		ludovicaricciardi	2020/05/23	Loredan s.r.l.	lucia45@vodafone.it	Rocco Zichichi	B-	535
		183-15-2931	"219 Garcia Avenue Suite 724
Adamstad, GU 37491"	565		jacquelinewelch	01/13/2021, 00:00:00	Ferguson Ltd	bakerandrea@hotmail.com	Jennifer Archer	A+	126
Techniker	1997-03-30	300-09-8141	"Nevenka-Kambs-Straße 3
63411 Rehau"	2041		pwohlgemut	2020/09/10	Bruder GmbH & Co. KG	silkebien@googlemail.com	Herr Eitel Radisch	AB-	4
	1916-07-29	690-46-9127		1220		anica64	2024/02/09	Ortmann Schönland GbR	froehlichelisabet@hotmail.de	Herwig Hölzenbecher	B-	180
	1946-10-08	313-02-2216		1390		rmueller	2022-10-11	Thanel	hessaynur@gmx.de	Hubert Börner-Jessel	AB-	621
	1988-01-10	CVNVNN16B22L743W	"Rotonda Santino, 3 Piano 2
41054, Festa' (MO)"	1940		valerio53	25 Mar 2024	Moneta, Canova e Belletini SPA	gentileschicaterina@virgilio.it	Sylvia Ortolani	AB+	489
	1957-12-13	614-39-5814	"3881 Glenn Trail Suite 637
Krystalchester, MT 99308"	914		longmary	07/15/2020, 00:00:00	Davis LLC	sholder@gmail.com	Gabriella Watson	B-	404
	2015-03-01	75430621862	"Lagoa Siqueira, 21
São Jorge 2ª Seção
11854723 Fernandes / MG"	1306		teixeiragabrielly	2021/10/18	Siqueira Silva - EI	azevedogabrielly@uol.com.br	Srta. Pietra da Rocha	O+	375
		12694580351	"Esplanada de Silveira, 43
Vila Vista Alegre
25022-575 Vargas de Farias / RS"	1168		pastorjoana	06 Dec 2021	Almeida - ME	macedoana-cecilia@yahoo.com.br	Mirella Cirino	O-	41
Mechaniker		937-68-4434	"Naserweg 43
14495 Gardelegen"	733		bdietz	22 Jan 2021	Scholz GbR	weissmichel@gmail.com	Hanne Plath B.A.	B+	83
	1996-02-27	214-82-2707	"Ronny-Ruppersberger-Platz 84-79
18442 Bitterfeld"	1023		ladislaus80	2022-12-20	Schinke Beckmann AG & Co. KGaA	brigittadobes@hotmail.de	Malgorzata Austermühle B.Sc.	A+	191
Claims inspector/assessor		763-82-1734	"Unit 4992 Box 2634
DPO AA 21001"	1965		robertrich	2022-09-07	Barber, Choi and Manning	jrhodes@yahoo.com	David Snow	AB-	225
Atuário		89142567319	"Rodovia Silva, 189
Madri
96397-323 da Rocha / SE"	135		vitorcasa-grande	03/10/2024, 00:00:00	Nunes Porto e Filhos	vargasbrenda@hotmail.com	Bruna Freitas	AB-	293
	1954-10-21	042-01-7693	"983 James Greens
South Kimberly, MT 12302"	1087		gonzalezthomas	2021/08/18	Perez LLC	lhogan@hotmail.com	Alfred Walker	B-	563
		58976412346	"Condomínio Vieira
Solar Do Barreiro
25228-569 Costela / SC"	304		ramosallana	06/09/2022, 00:00:00	Macedo	novaesjulia@hotmail.com	Dr. Emanuel da Paz	A+	535
		605-89-6577	"Textorstr. 54-98
93054 Hannoversch Münden"	1765		blanka92	2019-04-06	Winkler	britt02@hotmail.de	Karolin Mohaupt-Matthäi	A-	606
	1986-07-18	TLDMRS83B09E685X	"Rotonda Callegari, 6 Piano 3
20095, Milanino (MI)"	359		serafinalercari	2022/06/20	Casellati SPA	ginesemonica@alice.it	Evangelista Marzorati	A+	617
		CSGSMN42E51D834Q	"Piazza Battisti, 27
82034, San Lorenzo Maggiore (BN)"	694		domenico93	2025-03-26	Canevascini-Tafuri e figli	robertagucci@alice.it	Venancio Canetta-Bazzi	A-	1
		62197053868	"Trecho Nascimento, 3
Paquetá
98276455 Casa Grande do Amparo / PA"	1553		breno62	11/23/2023, 00:00:00	Gonçalves	camilamendonca@uol.com.br	Nina Correia	B+	103
		67450832135	"Ladeira de Aragão, 47
Santo Agostinho
60001-285 Brito das Pedras / PR"	394		hda-cunha	10/21/2019, 00:00:00	Oliveira - EI	wgoncalves@uol.com.br	Eloá da Mota	A+	615
	1916-11-20	302-22-9587	"2592 Wright Street Apt. 894
Edwinport, AR 80689"	1418		kevinhall	2022/07/06	Norris, Smith and Yang	lisa96@gmail.com	Allen Oliver	A+	674
		40568139224	"Vale da Costa, 743
Vila Rica
87624085 Sales / AP"	684		nogueirabernardo	2020-05-28	Rodrigues - ME	yvasconcelos@bol.com.br	Ana Beatriz Gomes	A-	363
Special educational needs teacher		865-73-7343	"USS Jackson
FPO AP 17305"	1037		thomasstewart	03/23/2025, 00:00:00	Gray LLC	allisonlyons@yahoo.com	Lance Russell	O+	381
	1983-09-04	74950618393	"Feira de Lopes, 403
Parque São Pedro
44314526 Campos da Praia / RR"	158		hfarias	2022/12/12	Albuquerque Cassiano Ltda.	garciaguilherme@ig.com.br	Yago Dias	AB+	148
		368-21-0165	"Huhnweg 4199
56998 Kelheim"	1980		dorle19	06/20/2022, 00:00:00	Berger Jacobi Jäckel GmbH & Co. KG	lehmannbaldur@yahoo.de	Ryszard Geisel-Nette	A-	634
	1911-03-06	61820945324		452		mariahgomes	23 Sep 2019	Vargas Peixoto Ltda.	moraesbenicio@ig.com.br	Davi Lucca Correia	B-	586
電気工事士	1971-07-25	492-53-0287		2134		hmatsumoto	03/04/2023, 00:00:00	村上鉱業有限会社	kanakondo@gmail.com	藤田 充	B+	180
		665-77-3023	"Bergerstr. 2819
90988 Aue"	370		oschuster	24 Aug 2019	Knappe	barthfranka@gmx.de	Melitta Bolander MBA.	O-	217
		426-70-4480	石川県我孫子市小入33丁目25番18号 シティ油井925	1154		gototsubasa	2023/01/26	株式会社林建設	yuta53@hotmail.com	高橋 くみ子	A+	607
		400-90-9503	"58093 Sampson Crossroad Apt. 956
Perezshire, MP 55525"	1442		meganmoore	2023-04-30	Collins-Burns	wkirk@hotmail.com	Robert White	A+	144
		PRLLSE03S15A847R		1256		sandiflora	2025/02/20	Gangemi e figli	ermannonadi@poste.it	Valerio Grifeo-Faggiani	A-	519
		233-45-5286	"Wielochring 6-6
43012 Greiz"	2095		kobeltjennifer	2025-09-22	Hövel AG	qklemt@aol.de	Hans-Theo Kranz	O-	478
Chemist, analytical	1926-01-16	RTHRNT06H02B645G	"Borgo Franscini, 2
06126, Perugia (PG)"	2062		calbonapoleone	2024/12/26	Farnese, Valguarnera e Caironi s.r.l.	biagio48@poste.it	Sig. Baccio Canali	AB-	340
栄養士		574-80-0441	岩手県国立市池之端13丁目18番9号	1260		suzukimomoko	2024-04-30	合同会社井上ガス	gototsubasa@gmail.com	林 知実	AB+	75
	2016-05-29	296-42-9682		1023		mgriffith	11/22/2023, 00:00:00	Zuniga LLC	zbullock@gmail.com	Amy Schmitt	O-	503
Doctor, general practice	1964-01-09	CRCRND16A60M169Q		1170		marisanievo	30 Aug 2022	Pizziol, Perozzo e Fattori e figli	paolettadonini@libero.it	Martina Bellocchio	B+	697
	1990-04-28	FNCMRN08H66L856F		234		marsiligabriele	09/07/2025, 00:00:00	Garibaldi s.r.l.	piergiuseppe82@tele2.it	Gianluigi Pugliese	O-	674
Engineer, site	1934-12-26	550-27-4369	"3606 Louis Rapids Apt. 792
Petersonbury, ID 07130"	694		lhodges	13 Jun 2019	Frey, Mays and Morris	anne84@hotmail.com	Evan Anderson	A+	62
Teacher, adult education		630-49-2263	"3109 Rose Underpass
North Molly, ND 58272"	1177		bbaker	2018-12-06	Williamson PLC	rodriguezvincent@gmail.com	Austin Dixon	AB-	572
	2001-09-03	RGRMRL33E55G566A	"Strada Amedeo, 28 Appartamento 29
88064, Chiaravalle Centrale (CZ)"	1698		tomasininicoletta	06/13/2020, 00:00:00	Montanariello e figli	alessandracafarchia@libero.it	Ruggiero Bersani	AB-	310
	2012-04-05	690-59-0445	奈良県横浜市戸塚区細竹3丁目10番12号 コート港南256	1110		osamu70	2020/08/27	加藤鉱業有限会社	xhashimoto@hotmail.com	中村 零	AB+	476
	2015-06-18	721-58-5475		1670		crystal26	2025-04-26	Flores PLC	francisjanet@hotmail.com	Joyce Ward	AB+	569
		08532674135	"Via Matteo Ribeiro, 69
Gutierrez
54740-998 Aragão Verde / DF"	485		martinsdiogo	2020-07-02	Nascimento	enzo-gabriel07@gmail.com	Emilly Montenegro	B-	366
Espeleologista	1964-11-11	71065849320	"Viela Andrade, 28
Penha
75259300 Abreu / MT"	652		rafaelacavalcante	2020-01-26	Moura	marianecardoso@bol.com.br	Maria Sophia Lopes	A+	342
Surveyor, insurance		BRCMRK60T46L331R	"Incrocio Paride, 9 Piano 5
86096, Incoronata (IS)"	2086		alessandrolanfranchi	17 Jun 2019	Barcella, Modugno e Bernardi e figli	marianapizziol@libero.it	Alessio Beccheria	AB+	322
		STNRCR64P64E527H	"Canale Roman, 50
37014, Cavalcaselle (VR)"	1911		giuseppe14	2021/10/25	Pellico SPA	seddiomartino@tim.it	Nina Palumbo	O+	178
	1940-05-24	138-75-5207	"05975 Deleon Lane Apt. 935
South Laura, WI 76536"	804		williewalls	01 Jun 2020	Martinez Inc	garciajennifer@gmail.com	Cassie Haley	A+	183
	1968-04-20	763-11-7714	"5362 Willis Viaduct Suite 088
New Sarah, GU 96182"	691		andrewharris	2020/07/17	Ramsey PLC	ymartinez@hotmail.com	Kevin Shannon	O+	516
Transport planner		CLIDRN01P06F528O	"Viale Peruzzi, 56 Piano 4
84030, Atena Lucana Scalo (SA)"	507		michelangelo51	2021/11/01	Chiaramonte e figli	durantegabba@gmail.com	Sonia Monteverdi-Fiorucci	A+	259
	2006-07-02	ZMRGCH06S57A575F	"Canale Guidone, 5 Appartamento 1
60025, Villa Musone (AN)"	1762		mazzanticalcedonio	2018-10-27	Chiappetta e figli	maurizio22@alice.it	Camillo Curiel	A+	434
	1931-10-28	ZTISIA64D25L841R	"Vicolo Solimena, 16
58019, Monte Argentario (GR)"	13		yrenzi	01 Feb 2025	Tencalla e figli	eva93@vodafone.it	Diana Guarneri	A-	272
		359-13-5936	"Biggenplatz 4103
23786 Schmölln"	842		neuschaeferhans-j	19 Mar 2020	Plath Stey GmbH	adavids@gmx.de	Kristin Zimmer-Oderwald	A+	510
	2017-02-08	324-08-4457	"3987 Mills Mission
Cortezland, IL 89890"	2179		herreraedward	14 Feb 2021	Tran Inc	qkelley@yahoo.com	Thomas Keith	A+	94
		981-04-2193	"Holger-Aumann-Weg 30-46
32639 Lübeck"	506		nthies	2022-03-02	Heser Gröttner GmbH	leszekotto@hotmail.de	Ing. Frank Kohl	A+	292
Fachinformatiker		718-52-0765	"Gehringerstr. 727
71308 Böblingen"	1830		emiliaaustermuehle	2021-02-01	Kensy	lucianohecker@aol.de	Hubertus Beckmann	A+	684
		202-40-6877	"7104 Brandon Valleys Apt. 542
North Austin, MI 99166"	934		iobrien	12/27/2024, 00:00:00	Fuentes Inc	selenaskinner@gmail.com	John Smith	AB-	235
	1951-11-11	106-63-0254		1170		osamu91	2023-06-03	合同会社木村食品	qtanaka@gmail.com	山口 さゆり	O+	560
		70189542314	"Vale Andrade
Vila Olhos D'água
25148210 da Costa da Serra / AL"	292		silveiraalana	03/28/2021, 00:00:00	Garcia - ME	ana-cecilia39@ig.com.br	Mariane Moreira	B+	294
	1978-03-27	097-28-5823		1984		yrodgers	2024-10-19	Edwards PLC	heatherwilson@gmail.com	Gregory Dalton	A+	41
		887-46-9483	"7549 John Lodge Apt. 472
Larsonmouth, KS 34140"	2042		hoganstephanie	2021/06/29	Hester and Sons	howardhaley@gmail.com	Amy Stewart	A-	145
Merchandiser, retail		062-90-3972	"87691 Vargas Crossing
West Dana, UT 80115"	1365		sherrywhite	12/06/2024, 00:00:00	Fitzgerald, Martinez and Herring	crossmichael@hotmail.com	Kendra Scott	O-	630
	1915-02-23	816-40-7676	"Liselotte-Thies-Allee 194
93036 Herzberg"	326		usegebahn	2020/01/26	Gude van der Dussen GmbH & Co. OHG	zlachmann@googlemail.com	Wenzel Stey-Pohl	O-	167
		791-19-4428	"Norma-Cichorius-Allee 71/99
36728 Potsdam"	1037		mirjalangern	2019/10/21	Krein	antonino25@yahoo.de	Dursun Zirme-Schäfer	A+	16
Nurse, mental health	2013-02-07	GNZCRN08M24G133Y	"Stretto Arnaldo, 3 Piano 6
50061, Compiobbi (FI)"	1018		paride60	2021-12-31	Brichese s.r.l.	tmodiano@virgilio.it	Paola Necci-Gentilini	AB-	96
		51023648717	"Vereda de Azevedo, 94
Delta
50971-226 Borges Paulista / ES"	1929		da-pazgiovanna	07/02/2019, 00:00:00	Cirino	breno96@bol.com.br	Srta. Daniela Araújo	B+	283
Forstwirt	1939-07-21	582-37-0282	"Annegrete-Sager-Straße 7-7
49455 Rathenow"	1240		kuschantonina	2021-10-31	Harloff Möchlichen GmbH & Co. KGaA	kira64@web.de	Hans-Wilhelm Spieß MBA.	A-	485
		SRCMRA81M61I862G	"Rotonda Rinaldi, 67 Appartamento 2
31039, Riese Pio X (TV)"	1072		antonuccisergius	08/25/2025, 00:00:00	Comisso, Peranda e Luxardo Group	concettabattisti@hotmail.it	Benvenuto Borromeo	A-	168
	2004-10-10	67295813446	"Feira Câmara, 46
Conjunto Minas Caixa
69771-688 Carvalho de Sales / RN"	1703		limasabrina	17 Dec 2019	Lima	monteiroanthony-gabriel@ig.com.br	Srta. Maria Eduarda Mendonça	O+	117
		712-34-1557	"740 Thomas Springs Suite 054
Morafort, MP 91846"	1851		jacob97	06/12/2025, 00:00:00	Kim, Murray and Montoya	lguerrero@hotmail.com	Emily Fields	AB+	41
		NSCFDC84E28D742J	"Piazza Giulia, 15 Appartamento 3
65128, Pescara (PE)"	1723		niccolo33	11/24/2022, 00:00:00	Tacchini-Bondumier e figli	rossanamarcacci@gmail.com	Patrizia Santi	AB-	28
Transport planner	1974-08-06	FRCNZE81D53H734U	"Stretto Vespucci, 66
75012, Metaponto Lido (MT)"	616		pietro56	09/07/2021, 00:00:00	Ammaniti e figli	alessandro06@fastwebnet.it	Giacobbe Sordi	B+	131
		10378962540	"Chácara Aparecida, 84
Chácara Leonina
31066-413 da Mata da Mata / AM"	1835		matteo04	02 Jan 2021	Andrade Barros - ME	nascimentomaria-sophia@hotmail.com	Milena Dias	O-	212
		LNGGSP43M21B868M	"Borgo Errani, 464
25124, Brescia (BS)"	1245		napoleone96	10/03/2018, 00:00:00	Rubbia-Salandra e figli	iolandacelentano@poste.it	Benedetto Ughi	O+	526
	1948-07-31	MRSSVR25R67G602D	"Borgo Staglieno, 13 Piano 7
88835, Roccabernarda (KR)"	1615		cassandra95	2025-02-08	Cerquiglini Group	casarinninetta@vodafone.it	Fiorenzo Troisi	O+	385
調理師		385-44-1316	神奈川県狛江市卯の里27丁目11番15号 シャルム三ノ輪355	547		ssato	2024-03-16	遠藤銀行有限会社	hayashiharuka@yahoo.com	伊藤 晃	B+	395
	1910-06-20	PGNLGO02R01B519M	"Vicolo Letizia, 72
88837, Pagliarelle (KR)"	1146		nibalimelania	13 Apr 2022	Tresoldi s.r.l.	pmolesini@tiscali.it	Simonetta Castioni	A+	689
Bankkaufmann		458-56-8005	"Lars-Schleich-Allee 39
06106 Goslar"	466		freudenbergermarjan	2025-05-05	Seifert	oernst@aol.de	Valeri Heintze	AB+	234
運転士	1922-03-23	781-08-6623	島根県西多摩郡檜原村上高野42丁目7番3号 前弥六南町シャルム212	781		ishikawamanabu	2022-09-21	株式会社遠藤水産	psuzuki@hotmail.com	森 舞	A-	279
アニメーター	1968-08-08	361-17-5430	秋田県四街道市西川31丁目21番20号	45		aokimaaya	2019/01/27	小林情報株式会社	yui06@hotmail.com	村上 真綾	AB+	300
		518-16-7467	"738 Michael Cliff
New Davidchester, UT 17864"	870		davilakrista	07/09/2021, 00:00:00	Anderson and Sons	davidjay@yahoo.com	Amanda Olson	O-	368
Mergulhador	2021-10-12	35469802124	"Esplanada Fernando Câmara, 20
Santa Cruz
78356417 Fonseca / SE"	2092		henry07	04/28/2022, 00:00:00	Vasconcelos - EI	anthony-gabrielcirino@uol.com.br	Julia Mendes	B-	295
	1960-04-05	026-80-1933	"784 Kidd Greens
Jenkinsfort, MT 11731"	1442		whayes	23 Jan 2022	Smith LLC	hortonlaura@hotmail.com	Glen Dillon	AB-	69
	1963-10-14	390-99-6395	"524 Michael Fort
North Alexander, CA 67038"	1887		michaelperez	03/12/2021, 00:00:00	Barker-Martin	vdouglas@gmail.com	Bethany Harmon	A+	676
Koreanistiker	1929-09-02	126-11-5024	"Sandra-Keudel-Weg 7/9
76906 Grevesmühlen"	1214		hweinhage	14 Jun 2021	Matthäi	afritsch@gmx.de	Dimitrios Oestrovsky-Anders	B+	152
Elektroniker	1947-06-17	109-12-3467	"Aleksandr-Caspar-Platz 9637
53083 Säckingen"	835		mpatberg	2024-07-23	Ortmann AG & Co. OHG	gierschnerwieslaw@yahoo.de	Agnes Bauer	A-	582
Winzer	2022-09-13	919-14-1216	"Anna-Marie-Pechel-Allee 859
25401 Hoyerswerda"	1521		wsteckel	2019-10-16	Köster	ewaldatzler@hotmail.de	Albert Dussen van	O-	532
		665-12-4721	"Oda-Jungfer-Straße 434
45981 Schwabmünchen"	272		albrechtrust	02 May 2023	Klotz Eckbauer KGaA	nohlmanshorst-peter@yahoo.de	Dr. Otfried Roskoth B.Eng.	A+	481
	2011-07-14	355-30-6520	山梨県横浜市瀬谷区高輪22丁目2番12号	1034		minoru35	28 Jul 2020	藤原建設合同会社	zwatanabe@yahoo.com	山本 零	A-	247
		75283406938	"Feira Melina Nunes, 71
Bonfim
41109831 da Cruz do Amparo / PR"	327		mariane26	2022-01-27	Borges - ME	ana-liviamelo@yahoo.com.br	Elisa Sá	B+	88
	2005-02-04	045-49-0460		874		tklemm	12 Oct 2023	Wirth	hermighausenmarie-louise@aol.de	Prof. Holger Hübel B.Eng.	O-	643
	1979-05-12	811-23-1583		220		stephaniefranklin	2025-01-20	Anderson, Harrison and Smith	chad58@gmail.com	David Rogers	AB+	514
		37654901216	"Recanto da Rosa, 19
São Jorge 1ª Seção
87709-357 Albuquerque / PE"	1370		isabella35	2019/02/01	Macedo Brito e Filhos	franciscosousa@gmail.com	Sr. Augusto Monteiro	AB+	679
		798-63-3319	和歌山県江戸川区柿木沢27丁目21番15号 吾妻橋コーポ797	2135		mikakosaito	05/25/2020, 00:00:00	合同会社山崎情報	maisuzuki@hotmail.com	木村 晃	A-	703
	1909-11-03	JVRMDA96D66D356Y	"Piazza Gioele, 86 Piano 4
95043, Militello In Val Di Catania (CT)"	906		napoleone40	10/31/2020, 00:00:00	Fermi e figli	nordioelena@libero.it	Luchino Pizzetti	AB+	282
Florist		418-30-1709	"Lachmannplatz 95/35
50835 Starnberg"	1478		gierschnerleszek	02 Nov 2018	Bohnbach KG	amirbuchholz@hotmail.de	Osman Mentzel	B-	404
	1946-06-07	39827105450	"Trevo Matheus da Cunha, 19
Ouro Minas
27381098 Rodrigues Alegre / BA"	532		araujovitoria	12/17/2022, 00:00:00	Castro e Filhos	nda-mata@gmail.com	Gael Oliveira	O-	630
		87432501653	"Estrada de Pires, 52
Bonsucesso
78279332 Machado / PA"	2001		mariah17	18 Nov 2021	Ferreira	bpinto@gmail.com	Joaquim Aparecida	AB-	353
		98546310793	"Área de Abreu
Vila Formosa
07598-999 Silveira / SP"	252		hsampaio	07/27/2023, 00:00:00	Vargas Albuquerque S.A.	borgesolivia@hotmail.com	Ísis Sampaio	A+	276
Patent examiner	1923-02-08	PRDMRA41H13G411U	"Strada Paulina, 8 Appartamento 6
56021, San Casciano (PI)"	1301		giustiraffaella	2025/06/12	Canova SPA	sandigianpaolo@vodafone.it	Fausto Offredi	B-	28
		544-86-0239	"Scholzallee 3/8
14777 Sondershausen"	507		ptrommler	06/01/2019, 00:00:00	Etzler	jerzy71@aol.de	Mary Trapp B.Eng.	O-	429
	1975-04-30	MNRLND56S61L687F	"Canale Ponti, 52
13018, Valduggia (VC)"	457		zcannizzaro	2025/01/05	Carocci-Palmisano e figli	ritainfantino@outlook.com	Antonia Cremonesi	O+	301
	1928-11-26	200-86-6411	東京都横浜市瀬谷区日比谷公園22丁目8番16号 コート蔵前941	855		watanabemomoko	2021-06-12	藤田印刷有限会社	kazuyamori@yahoo.com	伊藤 稔	O-	144
Web designer		805-30-0915	"00266 Williams Springs
East Christina, WA 30841"	1454		campbellsteven	25 Feb 2020	Roman, Shaffer and Stewart	parkererin@gmail.com	Daniel Ramos	AB+	438
Jóquei		17923065470	"Distrito Rios, 10
Carmo
48680-605 Mendonça das Pedras / ES"	2157		camilarocha	2024/06/15	Moreira	vgarcia@ig.com.br	Sra. Ana Lívia Rodrigues	AB+	439
Cartographer		465-50-2749	"82921 Valencia Crescent
Port Martin, IN 78108"	878		allisonrollins	2025-06-27	Watts, Weaver and Diaz	maryblair@hotmail.com	Dylan Johnson	AB-	83
Environmental education officer		CGNGNC45R48G479R	"Canale Ezio, 82
33080, Cimolais (PN)"	1496		oscarpa	05/24/2020, 00:00:00	Mazzi-Bertoni Group	ludovicoanastasi@gmail.com	Clelia Cammarata	AB+	39
		252-12-6713	"Peggy-Preiß-Straße 851
17503 Amberg"	390		julianaetzold	02/22/2023, 00:00:00	Hermighausen GbR	jrosemann@web.de	Dr. Sükrü Mülichen	O-	37
	2012-08-21	TRNMLS05M17C806H	"Borgo Argento, 87 Piano 3
85048, Rotonda (PZ)"	285		seraosandro	11/19/2018, 00:00:00	Druso-Schicchi s.r.l.	icapuana@hotmail.com	Carla Pirelli	O+	676
	1913-10-06	510-05-3349	"Strohring 3061
30006 Wernigerode"	1806		otrueb	2021-05-08	Rudolph GmbH	vheuser@hotmail.de	Josip Kitzmann	AB+	413
		TRMDNI27S13B109E		750		dariobajamonti	2022/11/19	Fracci SPA	murialdonapoleone@tiscali.it	Gilberto Perozzo	AB-	301
	1950-10-01	706-22-6276	和歌山県荒川区雷門4丁目3番1号	23		hanako43	2025-01-26	加藤銀行有限会社	byamazaki@hotmail.com	小林 陽一	B+	383
Winzer	2006-02-21	545-36-2059		1423		nrudolph	2024/09/14	Harloff Reuter GmbH & Co. OHG	heinrichfrederik@gmx.de	Kordula Juncken-Kranz	A-	329
	1952-09-29	424-33-8102	"456 Shawn Mountains Apt. 309
New Jaredberg, VA 54291"	1044		csheppard	05 Jan 2025	Graham-Hansen	carrvanessa@hotmail.com	James Gonzalez	AB-	492
	1991-02-03	GCCLVI79A46C443P	"Viale Sibilia, 5 Piano 6
30124, San Marco (VE)"	1950		michelottomonduzzi	2022/05/25	Cossiga s.r.l.	fogazzaromargherita@poste.it	Gianna Fioravanti	B-	657
	1992-04-26	091-47-4215	"712 Strong Landing Apt. 950
Laurahaven, ND 12363"	235		colemankatie	28 Feb 2021	Holt-Lloyd	gainesjaclyn@yahoo.com	Jessica Meyer	AB-	393
Panfleteiro	1960-07-29	48723061987	"Residencial Brito, 40
Gameleira
97617-128 das Neves do Oeste / SP"	981		raulgomes	09/12/2022, 00:00:00	Viana e Filhos	renan80@gmail.com	Alexia Ferreira	B+	543
	2016-12-02	GNZLNE87L57I888K	"Contrada Michele, 1
36029, Cismon Del Grappa (VI)"	779		cesare34	2020-12-10	Zanichelli-Govoni SPA	raimondosauro@libero.it	Fausto Mancini	A+	601
	2003-04-19	364-57-5336		1003		beermatthias	2021/03/09	Kambs	grein-grothdaniel@hotmail.de	Leila Koch	B-	451
Dogueiro		68074259374	"Rodovia de Brito, 88
Mineirão
23449420 Martins / MT"	435		tpereira	16 Feb 2025	Rodrigues	ibrito@hotmail.com	Maria Flor Araújo	O-	395
Food technologist		PLTLND26H51G848N	"Rotonda Scarlatti, 4 Appartamento 4
40124, Bologna (BO)"	1100		lara65	09 May 2024	Pepe, Omma e Alonzi Group	xnitti@tiscali.it	Patrizia Trentini	O+	395
Asphaltbauer	1943-01-04	162-23-1565	"Ernstgasse 67-19
83508 Witzenhausen"	882		barthoscar	07/30/2019, 00:00:00	Kreusel KG	hethurluis@gmx.de	Guenther Kambs	O-	603
		ZLORSR99D48M320R	"Stretto Piersanti, 6
50063, Figline Valdarno (FI)"	27		lucrezia82	2021-11-23	Cristoforetti, Bernardini e Traversa SPA	pcaracciolo@gmail.com	Maria Staglieno	B-	111
Programmierer	1940-10-03	849-13-8578	"Wellerplatz 40-53
16566 Stadtroda"	1521		zvan-der-dussen	2023/10/30	Reinhardt KG	wreichmann@yahoo.de	Svenja Köster	B+	128
	2012-04-23	120-43-8644	"2747 Soto Rest
Wesleyshire, LA 04052"	1599		nathanielwilkinson	2024/04/09	Allen PLC	cindybaird@yahoo.com	Michelle Griffin	B-	343
グラフィックデザイナー		530-27-4204	新潟県川崎市高津区外国府間37丁目1番2号 クレスト細野903	394		hasegawasotaro	08 Nov 2023	有限会社鈴木農林	ryohei51@yahoo.com	伊藤 康弘	B-	482
	1965-05-18	VVLDRA84B03G334X	"Canale Ezio, 0
60018, Lungomare (AN)"	1917		fiorenzomocenigo	2024-12-10	Sinisi Group	ritaccaclaudio@alice.it	Fortunata Pedersoli	AB-	165
	1942-12-26	130-85-7089	"397 Matthew Shoal
East Diane, CA 89917"	1732		huntcatherine	07/20/2023, 00:00:00	Dennis Group	jbarnes@hotmail.com	Elizabeth Holmes	AB-	144
	1948-01-22	028-73-3777		1058		millerlee	2023-08-27	Nguyen, Miller and Jones	gary38@hotmail.com	Stephanie Mayo	B+	163
	2009-05-15	08637594247		83		luan35	2020-12-03	Rios	carlos-eduardoferreira@ig.com.br	Lunna Câmara	A-	408
Krankenschwester		634-47-9862		898		helen68	29 Mar 2024	Mude GmbH & Co. OHG	yjunitz@gmail.com	Mike Haering	O+	92
	1944-06-01	MNDMRA07P18B877D	"Incrocio Geronimo, 7 Appartamento 3
20874, Busnago (MB)"	1682		liviopanzera	2022/09/17	Lollobrigida, Balla e Valmarana SPA	donna93@fastwebnet.it	Rocco Vendetti	B-	210
		081-15-8159		135		manabu02	31 Aug 2025	山下水産有限会社	tomoya62@hotmail.com	木村 晃	A+	646
		049-47-9516	神奈川県八王子市日比谷公園3丁目2番7号 虎ノ門虎ノ門ヒルズ森タワーコート654	678		ikedanaoko	2019-12-15	木村建設株式会社	tomoyainoue@yahoo.com	中村 拓真	A-	122
経営者	1972-03-03	699-23-1483	沖縄県板橋区六番町37丁目24番12号 パレス平河町114	1528		xnakamura	04/21/2021, 00:00:00	株式会社渡辺ガス	watanabemanabu@hotmail.com	伊藤 太郎	AB-	258
Violonista	1976-11-23	17265083903	"Aeroporto Vieira, 95
Varzea Da Palma
08546332 Nogueira / BA"	1794		da-rochajoao-gabriel	12 Nov 2021	da Cruz Guerra S.A.	natalialima@yahoo.com.br	Pedro Silva	O-	648
		114-83-2052		2108		christopherbruce	22 Dec 2023	Pierce LLC	hailey50@gmail.com	Carol Brown	O-	132
	1931-12-08	050-05-3512	山梨県江東区南郷屋32丁目16番9号	887		minoru64	2020/04/07	後藤通信有限会社	oito@gmail.com	高橋 康弘	A+	203
DJ	1963-08-12	06845192758	"Trevo Albuquerque
Vila Da Amizade
41126-713 da Rocha de Sampaio / SC"	1845		gael34	2020/09/12	Melo Pastor S/A	hadassagomes@hotmail.com	Bernardo Melo	AB+	362
	1920-08-06	263-97-0503	"Beata-Rosemann-Gasse 6843
97427 Kyritz"	1654		waehnerole	2025-09-18	Oderwald	muzaffer48@aol.de	Hiltraud Jäkel-Weihmann	O+	539
公務員		808-66-6333	滋賀県町田市長畑2丁目3番17号 シャルム土呂部709	914		okamotokana	06 Dec 2023	吉田農林株式会社	ryosuke58@yahoo.com	山本 千代	O+	694
		97816052430	"Viela de Lima, 242
Pompéia
79066-376 Câmara de Goiás / AP"	2157		ianporto	2019/03/08	Vasconcelos	gabriel14@gmail.com	Sra. Ana Carolina Ramos	AB+	299
	1997-03-24	PVNPTZ75E13M127M		2179		emeucci	2023-06-04	Odescalchi, Balbi e Taccola SPA	oiannotti@hotmail.com	Allegra Zarlino	A+	16
	1925-11-21	VGRLFD24E71I348K	"Piazza Giacinto, 226
85030, Mezzana Salice (PZ)"	979		lucreziaromano	03/25/2023, 00:00:00	Falcone, Sabatini e Vivaldi s.r.l.	gastone42@vodafone.it	Fabrizia Crisafulli	B-	463
	1913-10-13	24538607983	"Pátio de Abreu, 38
Sagrada Família
26403228 Sousa / PB"	1453		ana-laurafarias	2018/10/07	Fernandes	pereiraotavio@hotmail.com	Nicolas Montenegro	A+	589
	2003-08-14	FOXLRT21C26D468Z	"Canale Gussoni, 69
40011, Lavino Di Mezzo (BO)"	1376		montecchiserena	09/25/2018, 00:00:00	Curatoli-Iannucci SPA	santinobenedetti@libero.it	Olga Peano	A-	221
Sub	1932-03-31	883-62-0086	"58372 Barnes Ports
West Kellyville, AS 38807"	353		fmeyers	06 Dec 2020	Beltran LLC	mguerra@hotmail.com	Holly Mcmillan	B+	533
		772-61-5926	佐賀県川崎市幸区前弥六南町18丁目8番3号 隼町アーバン769	1207		moriyuki	11/05/2022, 00:00:00	鈴木食品有限会社	nkobayashi@hotmail.com	山本 知実	A-	675
		MRRPNI87S27E887J	"Incrocio Segni, 4 Piano 3
90121, In Via Messina Marine (PA)"	843		vgolgi	06 Apr 2020	Casellati-Viola SPA	lucianagibilisco@libero.it	Liliana Errani	B+	505
Pizzaiolo		31826947582	"Praça Manuella Viana, 47
Betânia
08996809 da Cruz Verde / MS"	873		sabrina79	09/12/2021, 00:00:00	Campos - ME	nda-mata@gmail.com	Sabrina Vargas	O-	594
	1978-06-21	250-46-4002		828		james03	21 Dec 2023	Adams Inc	maysthomas@hotmail.com	Miss Sara Kim	B-	192
	2025-04-27	257-37-4571	"Imke-Mälzer-Ring 94/19
47424 Hansestadttralsund"	1261		wenzelruppersberger	08/29/2025, 00:00:00	Täsche	dmargraf@web.de	Veronika Girschner-Hande	A-	572
	1986-12-20	147-72-2231	"667 Thomas Spur
South Kristymouth, GU 60569"	467		daniel13	2019-03-11	Johnson Group	kimberlypearson@yahoo.com	Kimberly Thompson	AB-	18
		504-73-9714	"0679 Candice Spring
Danielside, ND 05571"	6		justinreese	23 Mar 2019	Fox LLC	jessica84@gmail.com	Aaron Smith	B+	685
Elektroniker	1965-10-31	570-35-0254	"Holzapfelgasse 9-4
35241 Artern"	1029		lwiek	2024/10/08	Höfig AG	kathi93@aol.de	Hans-Walter Bien B.A.	B-	373
		27106459801	"Vale de Camargo, 296
Varzea Da Palma
46142822 Barbosa / RN"	1193		cmontenegro	2021-10-28	Caldeira Cavalcanti - ME	kaiquebarros@uol.com.br	Sabrina Fonseca	A-	171
	2008-05-02	49680531775	"Pátio de Nunes, 94
Vila Real 1ª Seção
24608-503 Porto de Brito / AC"	553		ipacheco	02/17/2023, 00:00:00	Nunes Vieira Ltda.	zsantos@bol.com.br	Sophia da Costa	A+	109
Engineer, control and instrumentation	1932-04-05	751-72-5948	"8853 Daniel Mountain
South Marie, AS 58679"	1081		james27	2024-04-26	Turner and Sons	michaelfletcher@gmail.com	James Campos	O+	551
	1963-10-29	MRCLVR18B15B153J	"Incrocio Azeglio, 32 Appartamento 9
86084, Vandra (IS)"	752		fortunata08	2023/04/13	Stefanelli s.r.l.	lattuadapierluigi@poste.it	Annamaria Giammusso-Dibiasi	B-	146
Cartographer		MLCSNR70A14D871Q	"Incrocio Balotelli, 0 Piano 2
53024, Montalcino (SI)"	2075		xstaglieno	10/13/2020, 00:00:00	Conti, Dandolo e Dossi Group	ruggierigiacobbe@yahoo.com	Livia Bembo	O-	294
コピーライター		378-73-9325		1208		yui86	11/04/2023, 00:00:00	株式会社渡辺保険	satoosamu@yahoo.com	青木 明美	O+	420
		GRMPCC38L57E336M	"Contrada Mondaini, 193
89833, Melicucca' Di Dinami (VV)"	1262		toninellicalogero	03/21/2020, 00:00:00	Abatantuono e figli	aborromeo@libero.it	Lisa Caffarelli-Cagnotto	A-	567
		812-78-0317	"6740 Banks Orchard Apt. 489
Emilychester, AZ 36734"	256		arthurmcdonald	2024/02/29	Allen-Brewer	mary33@hotmail.com	Jessica Byrd	AB+	96
		MCCTZN14M11B410L	"Vicolo Ennio, 2 Piano 1
33049, San Pietro Al Natisone (UD)"	461		adelasiavento	2021-01-24	Scandone e figli	pomettafederigo@outlook.com	Alessandra Moretti-Cimarosa	O-	135
	1992-06-11	BRTFDL04R56A056E	"Contrada Cocci, 94 Piano 2
41040, Polinago (MO)"	1667		arsenio59	04/15/2023, 00:00:00	Soranzo s.r.l.	ezio88@libero.it	Dott. Marco Lovato	A-	20
エステティシャン	2019-06-05	698-82-1152	愛媛県山武郡横芝光町百村23丁目14番8号	2003		saitosatomi	2021-06-13	橋本銀行有限会社	suzukisatomi@yahoo.com	石井 里佳	AB-	436
Occupational therapist		210-86-3176		2112		robinsonnicholas	14 Mar 2021	Young-Salazar	terrancegriffin@hotmail.com	Carolyn Jones	O+	190
Air traffic controller		CCRGVN08L09B574E	"Stretto Raimondo, 13 Appartamento 74
39020, Tartsch (BZ)"	1242		fedele65	2023-02-08	Iadanza-Campano s.r.l.	klamborghini@yahoo.com	Sig. Vito Pacelli	AB+	125
	1917-09-10	91826375473	"Feira Rocha, 211
Vila Nova Cachoeirinha 2ª Seção
35407-966 Camargo / RJ"	2113		marquesbenjamim	2025/02/24	Ribeiro	vargasyan@yahoo.com.br	Dra. Daniela Souza	A+	172
ゲームクリエイター	2002-10-23	515-84-3673	愛媛県横浜市鶴見区轟11丁目21番11号	522		aokirika	2019/09/14	佐藤情報合同会社	taro15@hotmail.com	田中 加奈	O-	48
		005-78-6941	石川県川崎市幸区天神島26丁目14番10号 コーポ戸塚町561	1838		mnakagawa	2023/09/07	橋本銀行有限会社	qito@hotmail.com	山田 桃子	AB-	546
	2022-01-21	353-26-9574	"427 Cory Branch Apt. 196
Heidifort, CT 73071"	57		mark00	18 Feb 2025	Gutierrez-Scott	herbert11@hotmail.com	Donna Bailey	AB-	359
	1935-04-10	529-48-8511	"Adolf-Jähn-Platz 81
61868 Saarbrücken"	1574		edward29	03/25/2021, 00:00:00	Heuser AG	hans-juergen03@web.de	Dipl.-Ing. Sevim Bloch	O-	33
	1950-02-23	20697841340	"Esplanada de da Mota, 59
Cidade Jardim
32093-419 Sá de Silveira / GO"	362		nina08	01 Feb 2021	Garcia	sofiaabreu@hotmail.com	Camila Rezende	O+	166
	1917-08-23	341-24-8842	富山県夷隅郡御宿町上吉羽24丁目17番20号 中宮祠シャルム487	361		ogawamituru	2025/07/19	加藤情報有限会社	asukatanaka@hotmail.com	吉田 知実	A-	151
		07194538288	"Quadra Macedo, 43
Granja Werneck
68960-215 Gomes do Sul / ES"	194		igarcia	14 Sep 2022	Farias - ME	ana-vitorianascimento@yahoo.com.br	Isabel da Conceição	B+	329
	2023-10-21	TRBGNZ88P60C660N	"Stretto Tullio, 39 Appartamento 22
17026, Noli (SV)"	1658		agnolo13	10/06/2018, 00:00:00	Terragni-Montecchi Group	ycatenazzi@vodafone.it	Temistocle Cesaroni	AB+	285
		73254196007	"Condomínio Melissa Siqueira
Vila Trinta E Um De Março
84941-233 Correia / ES"	1518		ayllafonseca	2024/07/10	Novaes e Filhos	imelo@bol.com.br	Luan Araújo	AB+	39
		31759064270	"Parque de Ramos
Ribeiro De Abreu
12569627 Barbosa / RR"	1954		yasminrios	2022-09-12	Porto S/A	rezendeantonella@ig.com.br	Marina Ramos	A+	353
Careers information officer	1989-04-09	064-72-4421	"3501 Clark Gardens Suite 954
Richardburgh, WV 64074"	86		nrodriguez	2025-04-05	Morgan LLC	perryedward@gmail.com	Sarah Buchanan	AB+	388
ウェディングプランナー		200-90-8694	長崎県横浜市旭区長畑12丁目23番12号 シティ富久町415	1451		usuzuki	04 Jul 2021	小林建設合同会社	taroito@hotmail.com	鈴木 知実	AB+	55
Scientist, research (medical)	2014-06-21	225-36-6809	"02807 Scott Common
Thompsonfort, DE 62019"	1294		dominique82	12/27/2024, 00:00:00	Flynn-Moore	lozanoharry@gmail.com	Lucas Johnson	B-	44
		TNNTMT61P51M086H	"Piazza Taccola, 931
16011, Arenzano (GE)"	1186		olucciano	24 Dec 2023	Meucci e figli	cabrinibianca@live.com	Berenice Bartoli	AB+	506
		018-40-1233	"28240 Abigail Flat
North Douglas, CT 63822"	826		walterskeith	20 May 2019	Schmidt Group	evelynharris@hotmail.com	Ian Bradley	B+	333
		12608543960	"Aeroporto de Aragão, 336
Santa Sofia
56173641 Costela de Minas / CE"	2090		ana-lauramontenegro	2025/03/27	Montenegro	murilomendes@uol.com.br	Lívia Machado	B+	499
	1941-07-24	MNTNTL71D24F224K	"Canale Nitti, 987 Appartamento 0
28045, Invorio (NO)"	1835		sergius78	11/09/2019, 00:00:00	Gagliano-Manolesso Group	barillaromarina@gmail.com	Ezio Abate	AB-	471
		628-55-2739	"42119 Anthony Streets Apt. 779
Davidbury, CA 49113"	348		susan65	09 Nov 2018	Smith Ltd	lross@yahoo.com	James Williams	AB+	424
Florist	1912-08-08	089-48-5806	"Haufferstr. 8612
84873 Coburg"	86		ullaklotz	01 Mar 2025	Thanel AG	wschacht@hotmail.de	Sigismund Textor MBA.	B-	614
Animator	2011-03-14	NGSDIA34H16E707M	"Piazza Maura, 8
26048, San Salvatore (CR)"	1940		antonelloamato	04 Sep 2022	Gualtieri s.r.l.	ksantoro@vodafone.it	Calogero Liguori	O+	561
	2009-08-19	97562041334	"Lago Camargo, 808
Vila Betânia
85053-704 Vasconcelos do Campo / PR"	1858		julia77	18 Jun 2024	Oliveira	yvasconcelos@uol.com.br	Cecília Cavalcanti	AB+	507
		673-47-8727		1922		matthewlee	2021-07-28	Gross Group	kingmarie@gmail.com	Jamie Ibarra	O+	528
		681-93-3880	"0405 Nixon Light
Danielchester, VT 28340"	2156		collinsbrian	12/18/2021, 00:00:00	Johnson-Harris	josephgarcia@yahoo.com	Dorothy Simmons	B-	235
		26304815905	"Viela de Pires, 71
Conjunto Bonsucesso
59610389 Barros de Siqueira / CE"	762		beatrizdas-neves	2025/02/05	Azevedo Ltda.	zda-conceicao@bol.com.br	Paulo da Rocha	B-	553
	1912-02-11	PCTVNN01C70E125D	"Vicolo Carolina, 980
64023, Mosciano Sant'Angelo (TE)"	1776		zmattarella	2023/04/25	Traetta, Mantegazza e Siffredi Group	cesare51@gmail.com	Guglielmo Norbiato	AB+	607
		829-75-3678	"067 Fitzgerald Court
Lake Lauren, MN 20551"	1075		wilsonbrian	12 Sep 2025	Fowler, Romero and Allen	laurenrodriguez@yahoo.com	Richard Carter	B+	459
	1933-12-05	040-07-0845	愛媛県横浜市栄区西小来川21丁目25番4号 橋場アーバン206	287		tanakaryosuke	2023-03-17	渡辺印刷合同会社	satosatomi@yahoo.com	山田 春香	O+	645
Lavador de veículos		61423508726	"Rua Pinto, 93
Cinquentenário
71962-492 Novais de Porto / BA"	279		melinada-rocha	2022-06-08	Barbosa	stephany71@gmail.com	Cauã Brito	B+	431
		SPLTNN46T56G762K	"Borgo Antonino, 857 Piano 1
22015, Gravedona (CO)"	1207		nannimajorana	2025/07/01	Iannucci, Mercantini e Scarlatti e figli	xinzaghi@yahoo.com	Dott. Zaira Roncalli	AB+	368
	1948-10-06	421-01-9337	宮城県浦安市千束5丁目16番19号 クレスト藤金616	306		vtanaka	29 Jan 2020	渡辺情報株式会社	osamunakajima@hotmail.com	山口 春香	B+	244
Designer	1999-04-02	231-19-0745	"Tülay-Seifert-Straße 80/21
72020 Senftenberg"	1161		kirstenbudig	04/21/2024, 00:00:00	Jacobi Jäckel	angelikanoack@googlemail.com	Bianka Weinhold-Zobel	A-	234
		315-68-3966		1833		irmtrauthenck	2021/09/01	Hertrampf e.V.	creinhardt@gmx.de	Otfried Gorlitz	A+	402
バスガイド	1942-02-20	786-97-5455	佐賀県鎌ケ谷市太田ヶ谷6丁目22番13号 鍛冶ケ沢ハイツ064	1080		yoichikobayashi	03/08/2024, 00:00:00	坂本建設合同会社	watanabehanako@yahoo.com	佐藤 加奈	O+	138
Barrister	1960-08-03	439-07-0643	"698 Soto Isle
Saraborough, OR 42107"	803		josephsolis	2024-02-16	Mccoy, Clayton and Burns	parkerscott@gmail.com	Audrey Blake	O+	548
		842-84-6536	熊本県目黒区九段南2丁目22番5号 東和町アーバン055	966		taichi97	21 Jul 2020	有限会社青木情報	takahashisatomi@hotmail.com	加藤 直子	A-	26
Exhibitions officer, museum/gallery	1965-05-29	656-81-8155	"PSC 4338, Box 9824
APO AP 31373"	1891		phester	02/12/2024, 00:00:00	Mccoy-Wright	kboone@hotmail.com	Richard Russell	AB+	352
		692-60-2552	"Frieder-Bolnbach-Straße 96-41
00106 Kaiserslautern"	1595		heinz-walter05	08/09/2019, 00:00:00	Pölitz	bernd-dieterscheel@hotmail.de	Margaret Wilms	B-	611
		232-94-6607	新潟県鎌ケ谷市三ノ輪32丁目13番5号 シティ湯宮739	1795		eyamada	2023-09-01	合同会社小林銀行	hfukuda@hotmail.com	清水 稔	AB+	583
		543-45-2764	"0098 Humphrey Bypass
Lake Angela, RI 20725"	850		debra25	2025-07-10	Hernandez Ltd	wrightscott@hotmail.com	Craig Ewing	A-	467
Investment analyst		ZCCPNI15H25C584M	"Vicolo Napoleone, 197 Piano 2
45012, Santa Maria In Punta (RO)"	1345		espositolisa	2019-04-07	Ruberto SPA	burcardotullio@alice.it	Vincentio Armellini	B-	11
	1968-02-25	DNRLNE23A02E578Q	"Viale Manacorda, 2
84012, Angri (SA)"	483		sonninoermes	2020/01/17	Bonolis Group	lauraaulenti@tin.it	Dott. Graziella Benigni	AB+	579
		299-25-3471	"Hövelstraße 8-8
09344 Bitterfeld"	1161		klothildenohlmans	2024/01/28	Käster	doehnjohan@gmx.de	Henry Rose-Römer	B-	47
		428-85-3739	"Elfie-Stiffel-Platz 40-54
10340 Wittstock"	434		berndkostolzin	21 May 2019	Mohaupt Wagenknecht GmbH	umangold@gmail.com	Roland Holsten-Geißler	O+	404
	1941-07-17	57308629112	"Colônia Borges, 18
Vila Bandeirantes
12429-964 Cunha / PE"	1360		almeidaemanuella	08/29/2020, 00:00:00	Sousa e Filhos	isaque60@gmail.com	Arthur Pastor	B+	470
		831-19-4821		765		yamazakiyasuhiro	09/27/2022, 00:00:00	合同会社山口銀行	vkobayashi@hotmail.com	斎藤 充	AB-	172
	1975-01-12	333-78-9042	"Eleonore-Koch II-Straße 1/8
42302 Eilenburg"	71		nikolaostrapp	2019-03-13	Koch II	ingbert07@gmail.com	Rebecca Margraf	B+	403
	1910-06-17	CLGRAI26M27A272S	"Contrada Gianna, 3 Piano 6
89023, Laureana Di Borrello (RC)"	677		benedettisole	2022-06-06	Littizzetto, Squarcione e Mengolo Group	federico40@gmail.com	Panfilo Tozzo	O+	548
Air traffic controller	1923-12-24	275-27-2871	"186 Leonard Ridges Suite 043
Wheelerville, KY 33981"	1708		cartersharon	2019-04-27	Bennett-Aguilar	zbrooks@gmail.com	William Buckley	A-	529
	1981-06-21	731-94-2471	"9009 Stevenson Port Apt. 273
West Rachel, IA 63884"	1339		jakedavis	2022/10/14	Wheeler, Crawford and Roberts	sarah87@yahoo.com	Christopher Huang	O-	357
	1982-04-28	80951467301		1797		wmonteiro	2024-03-27	Fogaça	handrade@uol.com.br	Rodrigo Monteiro	A-	106
	2022-05-25	24875931050	"Favela Arthur Gabriel Pinto, 344
Jardim Alvorada
18082-634 Sampaio das Flores / AP"	1377		almeidaluan	2019/09/03	da Paz	ecosta@uol.com.br	Rafael Gomes	O-	273
	1987-02-03	27438605108	"Favela de da Mota, 28
Vila Ecológica
07492412 Fonseca / SE"	1658		silvalucca	11/14/2024, 00:00:00	Farias	enrico46@ig.com.br	Ian Moreira	AB-	644
	1976-01-25	021-78-3008	"61204 James Loop Suite 380
Brandonstad, IL 56462"	498		katrina73	2022-01-05	Gardner, Scott and Flores	brodriguez@gmail.com	Dustin Hill	A+	620
		919-59-7437	"Anneke-Speer-Platz 52
56519 Grevenbroich"	1653		friedemann75	2022/03/19	Jäntsch GbR	ludmila21@aol.de	Theobald Hänel B.A.	A-	542
	2016-01-09	17230698502	"Sítio Rodrigo Fernandes, 85
Vila Batik
82621581 Fernandes / MT"	742		gda-paz	15 Nov 2022	Pastor	alvestheo@uol.com.br	Elisa Montenegro	AB+	486
Dançarino		28509476101	"Rua Aparecida, 17
Flavio De Oliveira
44797-428 das Neves Verde / RS"	666		limajoao-lucas	2020-02-11	Pimenta	albuquerquecarlos-eduardo@uol.com.br	Luiza Alves	O+	442
	1928-11-30	FRRCRN40S07B417X		758		raffaelepiacentini	2019-07-01	Mercadante, Santi e Vidoni e figli	piergori@virgilio.it	Teresa Lombardi	O+	348
		884-21-8495	"Kohlallee 22/12
31041 Gotha"	1096		kreinmehdi	08/08/2020, 00:00:00	Putz e.G.	vinkoklemt@googlemail.com	Eckart Zorbach	B-	657
	2015-01-16	DNSLLT71B16D266Z	"Canale Marina, 4 Appartamento 84
98122, Messina (ME)"	1739		lernerraffaele	20 Jan 2019	Pignatti, Perini e Borsellino s.r.l.	coriolanobrugnaro@tim.it	Rolando Zoppetti	B+	525
Cumim		32981047523	"Praia Luiz Otávio Aparecida
Pousada Santo Antonio
20601-327 Almeida / CE"	1003		voliveira	02/02/2022, 00:00:00	Teixeira	diego28@bol.com.br	Lívia Sampaio	O-	437
		FRNGNN29B11G618P	"Viale Pascarella, 73 Appartamento 6
12044, San Biagio (CN)"	1523		greca99	03/08/2021, 00:00:00	Juvara s.r.l.	tvenditti@fastwebnet.it	Donatello Offredi	A-	476
	1976-09-29	274-88-4316		275		manabu95	2022/08/11	松本電気株式会社	yui60@yahoo.com	佐藤 真綾	AB+	681
Elektroniker		774-56-2561	"Dussen vanring 462
66919 Strasburg"	1614		reuterronny	05 Dec 2023	Rosenow GmbH	irinaadolph@hotmail.de	Prof. Dorota Holzapfel B.A.	O-	216
小説家		732-53-3734	佐賀県御蔵島村羽折町29丁目13番8号 豊町シャルム144	687		saitoyoichi	2022/11/11	株式会社森建設	fujitasayuri@yahoo.com	後藤 亮介	B+	196
	1917-04-08	510-75-3822	青森県夷隅郡御宿町三ノ輪1丁目2番3号	898		tsato	2024/05/22	株式会社小林通信	maiyamamoto@hotmail.com	佐藤 真綾	AB-	104
Transport planner	1956-03-04	FRRNNN53D68G702E		1179		filippainzaghi	07/11/2022, 00:00:00	Luciani-Leonetti e figli	luciano35@virgilio.it	Giosuè Viola	A+	452
	1935-09-07	899-82-0025	福島県横浜市旭区西川18丁目8番20号	1014		rei18	2020-05-11	合同会社斎藤通信	kazuyayamada@hotmail.com	高橋 里佳	A+	370
Karateca	1949-08-31	30816275912	"Alameda de da Mata, 508
Alto Das Antenas
99559418 Sá de Macedo / SE"	47		mayaviana	2023-01-30	Vasconcelos	asafesiqueira@gmail.com	Ana Luiza Novaes	A-	331
	1940-12-13	646-80-5524	埼玉県福生市浅草橋42丁目4番10号 コーポ長畑420	1932		suzukikazuya	2020/09/30	合同会社佐々木ガス	takahashimanabu@yahoo.com	松田 直子	AB-	547
Polizist		018-97-1265	"Etzlerweg 5/3
68414 Lübben"	1724		nbaehr	2022-08-25	Ackermann	jsauer@googlemail.com	Krzysztof Karge	A-	499
	1947-12-20	185-01-7666		2128		gertraudbeyer	06/11/2021, 00:00:00	Ziegert	uschinke@hotmail.de	Dipl.-Ing. Dimitrios Kühnert	AB+	570
		336-93-3084	山梨県川崎市宮前区筑土八幡町27丁目11番10号 猿楽町アーバン437	1517		mikako26	2021-09-11	株式会社中村農林	iyoshida@gmail.com	松本 真綾	AB+	361
Bankkaufmann	1947-06-21	986-23-9708	"Enrico-Hauffer-Platz 48-59
30147 Strausberg"	1674		hans-ottokarz	2021/08/01	Mende	sonja16@yahoo.de	Hermann-Josef Löchel	B-	45
		772-18-9151	"57405 Phillip Manors Apt. 568
North Steven, NM 94718"	656		johnsonkathleen	01/06/2022, 00:00:00	Miranda-Bryan	tlloyd@hotmail.com	Mark Valencia	O-	81
漫画家	1982-03-31	719-90-0976	青森県国分寺市平須賀3丁目26番7号 シャルム方京282	1842		sakamotokaori	04 Jan 2021	鈴木銀行株式会社	kyosuke15@yahoo.com	小林 加奈	AB+	126
		DNDCSN92M26I102V		2174		cremonesigaetano	2024/09/08	Giolitti, Maderna e Rossetti e figli	daria73@libero.it	Gabriele Barillaro	A-	52
		LPRCHL37B54B605K	"Via Graziano, 47 Piano 9
84077, Torre Orsaia (SA)"	2191		qlussu	07/25/2025, 00:00:00	Salvo-Michelangeli e figli	graziella45@tin.it	Ansaldo Ceravolo-Priuli	AB-	613
Psychologist, sport and exercise	1966-12-15	NGLGNC96M46I682C		1420		armandocadorna	06/04/2022, 00:00:00	Prada-Medici Group	ubaldo46@tiscali.it	Dott. Antonio Cardano	A-	313
	1966-06-05	14270856335	"Travessa de Silveira, 70
Caiçaras
98297-626 Ramos / MA"	943		tcavalcante	2024/03/15	Alves	da-matayasmin@gmail.com	João da Conceição	A+	672
	1974-07-12	BRRRST84M64D745K	"Contrada Filippa, 83 Piano 8
60043, Cerreto D'Esi (AN)"	671		mirco69	2023/05/06	Bartoli SPA	ubertomontanelli@gmail.com	Sig.ra Ninetta Borgia	O-	651
Winzer		227-91-9995	"Nurten-Weimer-Straße 76/69
35573 Genthin"	348		rosel93	24 Jan 2021	Römer Schottin AG	zaenkerfranz-xaver@aol.de	Flora Winkler	O-	190
		94713850675	"Rua Teixeira, 86
Guaratã
72016417 da Cruz / AL"	1964		heitormoreira	11/02/2021, 00:00:00	Abreu	abreuagatha@uol.com.br	Bianca Sousa	B-	200
	1920-08-05	CTNCHL83P54B521Z	"Via Santoro, 746 Piano 4
50020, Mercatale Val Di Pesa (FI)"	52		grimanipiero	04/02/2024, 00:00:00	Simeoni Group	rodolfovisconti@outlook.com	Sig.ra Eleanora Speri	O+	208
Pfleger		364-19-0416	"Ernststr. 597
82587 Roding"	509		vladimir91	2020-08-01	Hornich e.G.	ronald78@web.de	Astrid Hettner B.A.	O-	646
		376-95-0291	沖縄県利島村虎ノ門32丁目21番20号	1045		itoyumiko	08/14/2019, 00:00:00	有限会社佐藤印刷	yuta42@gmail.com	中川 桃子	A+	696
Estate manager/land agent	2017-11-09	MRLBNC61B21L215G	"Piazza Armando, 51 Appartamento 3
66020, San Giacomo Di Scerni (CH)"	1185		livia29	2019-04-18	Morellato Group	filzitiziana@gmail.com	Daria Sanudo-Pacomio	AB+	60
Polizist	1931-10-11	924-62-1789	"Edward-Stiffel-Ring 95-85
85773 Bad Mergentheim"	1670		ellinorcichorius	07/31/2024, 00:00:00	Hänel	lehmannphillip@googlemail.com	Janko Hendriks	B-	88
Bäcker		885-16-6944	"Schulzring 75
66668 Staffelstein"	37		helenschaaf	04/06/2024, 00:00:00	Hiller AG	sschueler@hotmail.de	Herr Ludwig Bauer	A+	563
		MTTVNN15E45C517N	"Viale Fittipaldi, 25 Appartamento 72
20031, Cesate (MI)"	263		lpaolucci	24 Jul 2021	Palazzo, Saracino e Borrani Group	augusto46@gmail.com	Augusto Fanucci	O+	690
	1995-05-16	332-63-0667	"90192 Knight Avenue
Port Paula, OH 29454"	1156		nicholaspowell	2025-07-29	Kim PLC	amber24@gmail.com	Joshua Payne	O-	379
